[Licensing::Module] Trying to connect to existing licensing client channel...
Built from '6000.3/staging' branch; Version is '6000.3.11f1 (3000ef702840) revision 3145967'; Using compiler version '194234433'; Build Type 'Release'
OS: 'Windows 11  (10.0.26200) Core' Language: 'en' Physical Memory: 31797 MB
[Licensing::IpcConnector] Successfully connected to: "LicenseClient-gantz" at "2026-03-15T18:33:04.446782Z"
BatchMode: 1, IsHumanControllingUs: 0, StartBugReporterOnCrash: 0, Is64bit: 1
System  architecture: x64
Process architecture: x64
Date: 2026-03-15T18:33:04Z

COMMAND LINE ARGUMENTS:
C:\Program Files\Unity\Hub\Editor\6000.3.11f1\Editor\Unity.exe
-adb2
-batchMode
-noUpm
-name
AssetImportWorker1
-projectPath
D:/Unity Projects/FEP_MMM26
-logFile
Logs/AssetImportWorker1.log
-srvPort
60026
-licensingIpc
LicenseClient-gantz
-job-worker-count
7
-background-job-worker-count
8
-gc-helper-count
1
-name
AssetImport
Successfully changed project path to: D:/Unity Projects/FEP_MMM26
D:/Unity Projects/FEP_MMM26
[UnityMemory] Configuration Parameters - Can be set up in boot.config
    "memorysetup-temp-allocator-size-nav-mesh-worker=65536"
    "memorysetup-temp-allocator-size-audio-worker=65536"
    "memorysetup-temp-allocator-size-gfx=262144"
    "memorysetup-allocator-temp-initial-block-size-main=262144"
    "memorysetup-allocator-temp-initial-block-size-worker=262144"
    "memorysetup-temp-allocator-size-background-worker=32768"
    "memorysetup-temp-allocator-size-job-worker=262144"
    "memorysetup-temp-allocator-size-preload-manager=33554432"
    "memorysetup-temp-allocator-size-gi-baking-worker=262144"
    "memorysetup-temp-allocator-size-gi-baking-worker=262144"
    "memorysetup-temp-allocator-size-gi-baking-worker=262144"
    "memorysetup-temp-allocator-size-gi-baking-worker=262144"
    "memorysetup-temp-allocator-size-gi-baking-worker=262144"
    "memorysetup-bucket-allocator-granularity=16"
    "memorysetup-bucket-allocator-bucket-count=8"
    "memorysetup-bucket-allocator-block-size=33554432"
    "memorysetup-bucket-allocator-block-count=8"
    "memorysetup-main-allocator-block-size=16777216"
    "memorysetup-thread-allocator-block-size=16777216"
    "memorysetup-gfx-main-allocator-block-size=16777216"
    "memorysetup-gfx-thread-allocator-block-size=16777216"
    "memorysetup-cache-allocator-block-size=4194304"
    "memorysetup-typetree-allocator-block-size=2097152"
    "memorysetup-profiler-bucket-allocator-granularity=16"
    "memorysetup-profiler-bucket-allocator-bucket-count=8"
    "memorysetup-profiler-bucket-allocator-block-size=33554432"
    "memorysetup-profiler-bucket-allocator-block-count=8"
    "memorysetup-profiler-allocator-block-size=16777216"
    "memorysetup-profiler-editor-allocator-block-size=1048576"
    "memorysetup-temp-allocator-size-main=16777216"
    "memorysetup-job-temp-allocator-block-size=2097152"
    "memorysetup-job-temp-allocator-block-size-background=1048576"
    "memorysetup-job-temp-allocator-reduction-small-platforms=262144"
    "memorysetup-temp-allocator-size-cloud-worker=32768"
Player connection [19808]  Target information:

Player connection [19808]  * "[IP] 192.168.1.8 [Port] 0 [Flags] 2 [Guid] 4132144377 [EditorId] 4132144377 [Version] 1048832 [Id] WindowsEditor(7,MatanPC) [Debug] 1 [PackageName] WindowsEditor [ProjectName] Editor" 

Player connection [19808]  * "[IP] 10.5.0.2 [Port] 0 [Flags] 2 [Guid] 4132144377 [EditorId] 4132144377 [Version] 1048832 [Id] WindowsEditor(7,MatanPC) [Debug] 1 [PackageName] WindowsEditor [ProjectName] Editor" 

Player connection [19808] Host joined multi-casting on [225.0.0.222:54997]...
Player connection [19808] Host joined alternative multi-casting on [225.0.0.222:34997]...
JobSystem: Creating JobQueue using job-worker-count value 7
Input System module state changed to: Initialized.
[Physics::Module] Initialized fallback backend.
[Physics::Module] Id: 0xdecafbad
Library Redirect Path: Library/
[Physics::Module] Selected backend.
[Physics::Module] Name: PhysX
[Physics::Module] Id: 0xf2b8ea05
[Physics::Module] SDK Version: 4.1.2
[Physics::Module] Integration Version: 1.0.0
[Physics::Module] Threading Mode: Multi-Threaded
Refreshing native plugins compatible for Editor in 0.54 ms, found 1 plugins.
Preloading 0 native plugins for Editor in 0.00 ms.
Initialize engine version: 6000.3.11f1 (3000ef702840)
[Subsystems] Discovering subsystems at path C:/Program Files/Unity/Hub/Editor/6000.3.11f1/Editor/Data/Resources/UnitySubsystems
[Subsystems] Discovering subsystems at path D:/Unity Projects/FEP_MMM26/Assets
GfxDevice: creating device client; kGfxThreadingModeNonThreaded
Direct3D:
    Version:  Direct3D 11.0 [level 11.1]
    Renderer: NVIDIA GeForce RTX 5070 Ti (ID=0x2c05)
    Vendor:   NVIDIA
    VRAM:     15995 MB
    Driver:   32.0.15.9186
Initialize mono
Mono path[0] = 'C:/Program Files/Unity/Hub/Editor/6000.3.11f1/Editor/Data/Managed'
Mono path[1] = 'C:/Program Files/Unity/Hub/Editor/6000.3.11f1/Editor/Data/MonoBleedingEdge/lib/mono/unityjit-win32'
Mono config path = 'C:/Program Files/Unity/Hub/Editor/6000.3.11f1/Editor/Data/MonoBleedingEdge/etc'
Using monoOptions --debugger-agent=transport=dt_socket,embedding=1,server=y,suspend=n,address=127.0.0.1:56408
Begin MonoManager ReloadAssembly
Registering precompiled unity dll's ...
Register platform support module: C:/Program Files/Unity/Hub/Editor/6000.3.11f1/Editor/Data/PlaybackEngines/WebGLSupport/UnityEditor.WebGL.Extensions.dll
Register platform support module: C:/Program Files/Unity/Hub/Editor/6000.3.11f1/Editor/Data/PlaybackEngines/WindowsStandaloneSupport/UnityEditor.WindowsStandalone.Extensions.dll
Registered in 0.006263 seconds.
[Licensing::Client] Error: HandshakeResponse reported an error:
	ResponseCode: 505
	ResponseStatus: Unsupported protocol version '1.18.0'.
[Licensing::Module] Error: Failed to handshake to channel: "LicenseClient-gantz"
[Licensing::IpcConnector] LicenseClient-gantz channel disconnected successfully.
[Licensing::IpcConnector] Successfully connected to: "LicenseClient-gantz-6000.3.11" at "2026-03-15T18:33:05.3386934Z"
[Licensing::Client] Handshaking with LicensingClient:
  Version:                 1.18.0+23225a6
  Session Id:              f14a7c221e304ade958d3dbb459c67b3
  Correlation Id:          207f9e7124f8690a0d5978ecf6bbc0c6
  External correlation Id: 5344655540011058344
  Machine Id:              48vbuUswxnEr9PnS8/OnTBcjE3Y=
[Licensing::Module] Successfully connected to LicensingClient on channel: "LicenseClient-gantz-6000.3.11" (connect: 0.00s, validation: 0.00s, handshake: 0.09s)
[Licensing::IpcConnector] Successfully connected to: "LicenseClient-gantz-6000.3.11-notifications" at "2026-03-15T18:33:05.4395547Z"
[Licensing::Module] Licensing Background thread has ended after 0.99s
- Loaded All Assemblies, in  0.522 seconds
Native extension for WindowsStandalone target not found
Native extension for WebGL target not found
Package Manager log level set to [2]
[Package Manager] Failed to launch server process. Reason: Unity was launched with the -noUpm command-line argument
[Package Manager] Unable to send message (not connected to server process).
[Package Manager] Cannot connect to Unity Package Manager local server
ScheduleIndexationOnStartup MainProcess:False IndexOnStartup:True
Mono: successfully reloaded assembly
- Finished resetting the current domain, in  0.284 seconds
Domain Reload Profiling: 787ms
	BeginReloadAssembly (221ms)
		ExecutionOrderSort (0ms)
		DisableScriptedObjects (0ms)
		BackupInstance (0ms)
		ReleaseScriptingObjects (0ms)
		CreateAndSetChildDomain (0ms)
	RebuildCommonClasses (41ms)
	RebuildNativeTypeToScriptingClass (12ms)
	initialDomainReloadingComplete (67ms)
	LoadAllAssembliesAndSetupDomain (162ms)
		LoadAssemblies (203ms)
		RebuildTransferFunctionScriptingTraits (0ms)
		AnalyzeDomain (159ms)
			TypeCache.Refresh (157ms)
				TypeCache.ScanAssembly (147ms)
			BuildScriptInfoCaches (0ms)
			ResolveRequiredComponents (0ms)
	FinalizeReload (284ms)
		ReleaseScriptCaches (0ms)
		RebuildScriptCaches (0ms)
		SetupLoadedEditorAssemblies (257ms)
			LogAssemblyErrors (0ms)
			InitializePlatformSupportModulesInManaged (39ms)
			SetLoadedEditorAssemblies (3ms)
			BeforeProcessingInitializeOnLoad (62ms)
			ProcessInitializeOnLoadAttributes (100ms)
			ProcessInitializeOnLoadMethodAttributes (52ms)
			AfterProcessingInitializeOnLoad (0ms)
			EditorAssembliesLoaded (0ms)
		ExecutionOrderSort2 (0ms)
		AwakeInstancesAfterBackupRestoration (0ms)
========================================================================
Worker process is ready to serve import requests
Import Worker Mode flag is 0x00
Begin MonoManager ReloadAssembly
[Licensing::Client] Successfully resolved entitlement details
[Licensing::Module] License group:
  Id: 5865525-UnityPersXXXX
  Product: Unity Personal
  Type: Assigned
  Expiration: Unlimited
- Loaded All Assemblies, in  0.591 seconds
Script 'Grid' has the same name as built-in Unity component.
AddComponent and GetComponent will not work with this script.
Refreshing native plugins compatible for Editor in 0.22 ms, found 1 plugins.
Native extension for WindowsStandalone target not found
Native extension for WebGL target not found
[Package Manager] Failed to launch server process. Reason: Unity was launched with the -noUpm command-line argument
[Package Manager] Unable to send message (not connected to server process).
[Package Manager] Cannot connect to Unity Package Manager local server
ScheduleIndexationOnStartup MainProcess:False IndexOnStartup:True
Mono: successfully reloaded assembly
- Finished resetting the current domain, in  0.391 seconds
Domain Reload Profiling: 965ms
	BeginReloadAssembly (218ms)
		ExecutionOrderSort (0ms)
		DisableScriptedObjects (5ms)
		BackupInstance (0ms)
		ReleaseScriptingObjects (0ms)
		CreateAndSetChildDomain (24ms)
	RebuildCommonClasses (29ms)
	RebuildNativeTypeToScriptingClass (11ms)
	initialDomainReloadingComplete (41ms)
	LoadAllAssembliesAndSetupDomain (275ms)
		LoadAssemblies (328ms)
		RebuildTransferFunctionScriptingTraits (0ms)
		AnalyzeDomain (96ms)
			TypeCache.Refresh (67ms)
				TypeCache.ScanAssembly (61ms)
			BuildScriptInfoCaches (21ms)
			ResolveRequiredComponents (6ms)
	FinalizeReload (391ms)
		ReleaseScriptCaches (0ms)
		RebuildScriptCaches (0ms)
		SetupLoadedEditorAssemblies (304ms)
			LogAssemblyErrors (0ms)
			InitializePlatformSupportModulesInManaged (4ms)
			SetLoadedEditorAssemblies (5ms)
			BeforeProcessingInitializeOnLoad (93ms)
			ProcessInitializeOnLoadAttributes (103ms)
			ProcessInitializeOnLoadMethodAttributes (80ms)
			AfterProcessingInitializeOnLoad (18ms)
			EditorAssembliesLoaded (0ms)
		ExecutionOrderSort2 (0ms)
		AwakeInstancesAfterBackupRestoration (6ms)
Launched and connected shader compiler UnityShaderCompiler.exe after 0.01 seconds
Refreshing native plugins compatible for Editor in 0.32 ms, found 1 plugins.
Preloading 0 native plugins for Editor in 0.00 ms.
Unloading 17 Unused Serialized files (Serialized files now loaded: 0)
Unloading 3270 unused Assets / (2.8 MB). Loaded Objects now: 4086.
Memory consumption went from 126.1 MB to 123.2 MB.
Total: 4.500900 ms (FindLiveObjects: 0.469900 ms CreateObjectMapping: 0.117300 ms MarkObjects: 3.082800 ms  DeleteObjects: 0.829900 ms)

========================================================================
Received Import Request.
  Time since last request: 291737.127440 seconds.
  path: Assets/Prefabs/Enviroment/Test/test_material3.mat
  artifactKey: Guid(67b3638aaebd743e282ec02f2bb92cfd) Importer(2089858483,b0f066a214c2f5e87bad3c948f4d605d)
Start importing Assets/Prefabs/Enviroment/Test/test_material3.mat using Guid(67b3638aaebd743e282ec02f2bb92cfd) Importer(2089858483,b0f066a214c2f5e87bad3c948f4d605d) (ScriptedImporter) -> (artifact id: '616003db8cd2e1db7ae3e948267f2bda') in 0.0808383 seconds
Number of updated asset objects reloaded before import = 0Number of asset objects unloaded after import = 1

========================================================================
Received Import Request.
  Time since last request: 0.000012 seconds.
  path: Assets/Prefabs/Enviroment/Hill_Zone/TunnelExit.prefab
  artifactKey: Guid(0e0481e83adcd4d639aa9c4e970e6ea7) Importer(2089858483,b0f066a214c2f5e87bad3c948f4d605d)
Start importing Assets/Prefabs/Enviroment/Hill_Zone/TunnelExit.prefab using Guid(0e0481e83adcd4d639aa9c4e970e6ea7) Importer(2089858483,b0f066a214c2f5e87bad3c948f4d605d) (ScriptedImporter) -> (artifact id: '88f02c80f4a62e021a1270b0f0b30128') in 0.0283589 seconds
Number of updated asset objects reloaded before import = 0Number of asset objects unloaded after import = 112

========================================================================
Received Import Request.
  Time since last request: 0.000015 seconds.
  path: Assets/Prefabs/Enviroment/Hill_Zone/temp/Tunnel01.prefab
  artifactKey: Guid(1e82ece258e4742849da310b8845cf2b) Importer(2089858483,b0f066a214c2f5e87bad3c948f4d605d)
Start importing Assets/Prefabs/Enviroment/Hill_Zone/temp/Tunnel01.prefab using Guid(1e82ece258e4742849da310b8845cf2b) Importer(2089858483,b0f066a214c2f5e87bad3c948f4d605d) (ScriptedImporter) -> (artifact id: '3f30a9d0ae9a85a4432b772a2bfcb553') in 0.0049103 seconds
Number of updated asset objects reloaded before import = 0Number of asset objects unloaded after import = 37

========================================================================
Received Import Request.
  Time since last request: 0.000014 seconds.
  path: Assets/Meshes/Models/Reworked/Environment
  artifactKey: Guid(94e808eda869801458aa31b9e03981a0) Importer(2089858483,b0f066a214c2f5e87bad3c948f4d605d)
Start importing Assets/Meshes/Models/Reworked/Environment using Guid(94e808eda869801458aa31b9e03981a0) Importer(2089858483,b0f066a214c2f5e87bad3c948f4d605d) (ScriptedImporter) -> (artifact id: 'cc94e3604ee5ed84d4d0b15ac6f36c31') in 0.0018826 seconds
Number of updated asset objects reloaded before import = 0Number of asset objects unloaded after import = 1

========================================================================
Received Import Request.
  Time since last request: 0.000014 seconds.
  path: Assets/Prefabs/Enviroment/Hill_Zone/Doubles/LowToHighB.prefab
  artifactKey: Guid(d7fdf490c9498474fb4fd8c23e9315c1) Importer(2089858483,b0f066a214c2f5e87bad3c948f4d605d)
Start importing Assets/Prefabs/Enviroment/Hill_Zone/Doubles/LowToHighB.prefab using Guid(d7fdf490c9498474fb4fd8c23e9315c1) Importer(2089858483,b0f066a214c2f5e87bad3c948f4d605d) (ScriptedImporter) -> (artifact id: '72a18596777aa82f1b28deb326e0b27c') in 0.0117687 seconds
Number of updated asset objects reloaded before import = 0Number of asset objects unloaded after import = 1191

========================================================================
Received Import Request.
  Time since last request: 0.000026 seconds.
  path: Assets/Prefabs/Enviroment/Trippy_Zone/Spiral/SpiralEnd.prefab
  artifactKey: Guid(0767597290aacfb4b991374d0628e278) Importer(2089858483,b0f066a214c2f5e87bad3c948f4d605d)
Start importing Assets/Prefabs/Enviroment/Trippy_Zone/Spiral/SpiralEnd.prefab using Guid(0767597290aacfb4b991374d0628e278) Importer(2089858483,b0f066a214c2f5e87bad3c948f4d605d) (ScriptedImporter) -> (artifact id: 'f843255b2bbc8f983f050d760be7727d') in 0.0034774 seconds
Number of updated asset objects reloaded before import = 0Number of asset objects unloaded after import = 15

========================================================================
Received Import Request.
  Time since last request: 0.000013 seconds.
  path: Assets/Prefabs/Enviroment/Hill_Zone/HighStraight.prefab
  artifactKey: Guid(dc1e2fed31e1d9e42be1343b3495a4be) Importer(2089858483,b0f066a214c2f5e87bad3c948f4d605d)
Start importing Assets/Prefabs/Enviroment/Hill_Zone/HighStraight.prefab using Guid(dc1e2fed31e1d9e42be1343b3495a4be) Importer(2089858483,b0f066a214c2f5e87bad3c948f4d605d) (ScriptedImporter) -> (artifact id: '88147a428ff05a59c239675a1cd9b234') in 0.0400876 seconds
Number of updated asset objects reloaded before import = 0Number of asset objects unloaded after import = 8200

========================================================================
Received Import Request.
  Time since last request: 0.000015 seconds.
  path: Assets/Resources/Audio/Music/Loops/B/B1_Main_Reverse Cymbal_Basic_none_16bars_128bpm_none.wav.asd
  artifactKey: Guid(9a5928667c55f478fa31463cd5a9ab50) Importer(2089858483,b0f066a214c2f5e87bad3c948f4d605d)
Start importing Assets/Resources/Audio/Music/Loops/B/B1_Main_Reverse Cymbal_Basic_none_16bars_128bpm_none.wav.asd using Guid(9a5928667c55f478fa31463cd5a9ab50) Importer(2089858483,b0f066a214c2f5e87bad3c948f4d605d) (ScriptedImporter) -> (artifact id: '5d1c91202ec25b60d5340d9d6ae491db') in 0.0019262 seconds
Number of updated asset objects reloaded before import = 0Number of asset objects unloaded after import = 1

========================================================================
Received Import Request.
  Time since last request: 0.000013 seconds.
  path: Assets/Resources/Materials/Basic/Ground/dark_green.mat
  artifactKey: Guid(a7641120a3cbcde4d8b42bc16466c372) Importer(2089858483,b0f066a214c2f5e87bad3c948f4d605d)
Start importing Assets/Resources/Materials/Basic/Ground/dark_green.mat using Guid(a7641120a3cbcde4d8b42bc16466c372) Importer(2089858483,b0f066a214c2f5e87bad3c948f4d605d) (ScriptedImporter) -> (artifact id: 'eeb7be37ace3fbf4b70fc3e88def1971') in 0.0050797 seconds
Number of updated asset objects reloaded before import = 0Number of asset objects unloaded after import = 3

========================================================================
Received Import Request.
  Time since last request: 0.000015 seconds.
  path: Assets/Resources/Audio/Music/Loops/C/soundset_C_trippy_melody 8_128bpm.wav
  artifactKey: Guid(88a7ed3cff37948a4a5beda4a61787f7) Importer(2089858483,b0f066a214c2f5e87bad3c948f4d605d)
Start importing Assets/Resources/Audio/Music/Loops/C/soundset_C_trippy_melody 8_128bpm.wav using Guid(88a7ed3cff37948a4a5beda4a61787f7) Importer(2089858483,b0f066a214c2f5e87bad3c948f4d605d) (ScriptedImporter) -> (artifact id: '6b74b4ca8191810714bf5294107f3235') in 0.1069653 seconds
Number of updated asset objects reloaded before import = 0Number of asset objects unloaded after import = 1

========================================================================
Received Import Request.
  Time since last request: 0.000016 seconds.
  path: Assets/Meshes/Enviroment/Hill_Zone/Materials/Road Sign/road_sign1_texture-01.mat
  artifactKey: Guid(8d4176075221348059ef29989fa6cddd) Importer(2089858483,b0f066a214c2f5e87bad3c948f4d605d)
Start importing Assets/Meshes/Enviroment/Hill_Zone/Materials/Road Sign/road_sign1_texture-01.mat using Guid(8d4176075221348059ef29989fa6cddd) Importer(2089858483,b0f066a214c2f5e87bad3c948f4d605d) (ScriptedImporter) -> (artifact id: '63252a28d31b9dcb470a46a707633cbd') in 0.0040944 seconds
Number of updated asset objects reloaded before import = 0Number of asset objects unloaded after import = 2

========================================================================
Received Import Request.
  Time since last request: 0.000019 seconds.
  path: Assets/MidiJack/MidiStateUpdater.cs
  artifactKey: Guid(d9258de9e45dc4c5289a9be43a1e4a4e) Importer(2089858483,b0f066a214c2f5e87bad3c948f4d605d)
Start importing Assets/MidiJack/MidiStateUpdater.cs using Guid(d9258de9e45dc4c5289a9be43a1e4a4e) Importer(2089858483,b0f066a214c2f5e87bad3c948f4d605d) (ScriptedImporter) -> (artifact id: '0777d8d13b25e27f36dea9733527e764') in 0.0024413 seconds
Number of updated asset objects reloaded before import = 0Number of asset objects unloaded after import = 0

========================================================================
Received Import Request.
  Time since last request: 0.000010 seconds.
  path: Assets/Scripts/Scripts.asmdef
  artifactKey: Guid(8ceebd4fd34b6424e9eebd51e3239967) Importer(2089858483,b0f066a214c2f5e87bad3c948f4d605d)
Start importing Assets/Scripts/Scripts.asmdef using Guid(8ceebd4fd34b6424e9eebd51e3239967) Importer(2089858483,b0f066a214c2f5e87bad3c948f4d605d) (ScriptedImporter) -> (artifact id: '772dcf1bba3f07f0773a8bb448127b91') in 0.0025232 seconds
Number of updated asset objects reloaded before import = 0Number of asset objects unloaded after import = 1

========================================================================
Received Import Request.
  Time since last request: 0.000011 seconds.
  path: Assets/Prefabs/__test
  artifactKey: Guid(cc3f86318c91e48ea966414e7a8f2f38) Importer(2089858483,b0f066a214c2f5e87bad3c948f4d605d)
Start importing Assets/Prefabs/__test using Guid(cc3f86318c91e48ea966414e7a8f2f38) Importer(2089858483,b0f066a214c2f5e87bad3c948f4d605d) (ScriptedImporter) -> (artifact id: '4dd68cbaf51335e8c4ff639600f6d6e8') in 0.0015113 seconds
Number of updated asset objects reloaded before import = 0Number of asset objects unloaded after import = 1

========================================================================
Received Import Request.
  Time since last request: 0.000009 seconds.
  path: Assets/Resources/Textures/tunnel_textures
  artifactKey: Guid(130458796304d44f884ae3c0f1d092a2) Importer(2089858483,b0f066a214c2f5e87bad3c948f4d605d)
Start importing Assets/Resources/Textures/tunnel_textures using Guid(130458796304d44f884ae3c0f1d092a2) Importer(2089858483,b0f066a214c2f5e87bad3c948f4d605d) (ScriptedImporter) -> (artifact id: '7064c184fa799084fbd9a724a0f18420') in 0.001541 seconds
Number of updated asset objects reloaded before import = 0Number of asset objects unloaded after import = 1

========================================================================
Received Import Request.
  Time since last request: 0.000024 seconds.
  path: Assets/Prefabs/Enviroment/Test/test_material2.mat
  artifactKey: Guid(d96f841a57a5b4e57a4d3be396113748) Importer(2089858483,b0f066a214c2f5e87bad3c948f4d605d)
Start importing Assets/Prefabs/Enviroment/Test/test_material2.mat using Guid(d96f841a57a5b4e57a4d3be396113748) Importer(2089858483,b0f066a214c2f5e87bad3c948f4d605d) (ScriptedImporter) -> (artifact id: 'fab330887b75b5da33094ee6e58d3f4f') in 0.0037018 seconds
Number of updated asset objects reloaded before import = 0Number of asset objects unloaded after import = 1

========================================================================
Received Import Request.
  Time since last request: 0.000009 seconds.
  path: Assets/Resources/Audio/Music/Loops/D/Base_Kick_Main_none_8bars_130bpm_lossless.wav
  artifactKey: Guid(8e9f6eba612ff4c1c866caf94103896d) Importer(2089858483,b0f066a214c2f5e87bad3c948f4d605d)
Start importing Assets/Resources/Audio/Music/Loops/D/Base_Kick_Main_none_8bars_130bpm_lossless.wav using Guid(8e9f6eba612ff4c1c866caf94103896d) Importer(2089858483,b0f066a214c2f5e87bad3c948f4d605d) (ScriptedImporter) -> (artifact id: '5c2318afd591e895de4a71211060e0ec') in 0.0467991 seconds
Number of updated asset objects reloaded before import = 0Number of asset objects unloaded after import = 1

========================================================================
Received Import Request.
  Time since last request: 0.000013 seconds.
  path: Assets/Prefabs/Enviroment/Trippy_Zone/TunnelStraightToTunnel.prefab
  artifactKey: Guid(cb23baf447c1a43e882f8558112ddf6f) Importer(2089858483,b0f066a214c2f5e87bad3c948f4d605d)
Start importing Assets/Prefabs/Enviroment/Trippy_Zone/TunnelStraightToTunnel.prefab using Guid(cb23baf447c1a43e882f8558112ddf6f) Importer(2089858483,b0f066a214c2f5e87bad3c948f4d605d) (ScriptedImporter) -> (artifact id: 'f18578eac9a09b740c60686d338eab1d') in 0.0031728 seconds
Number of updated asset objects reloaded before import = 0Number of asset objects unloaded after import = 16

========================================================================
Received Import Request.
  Time since last request: 0.000018 seconds.
  path: Assets/Prefabs/Enviroment/Hill_Zone/FlatBridgeToFlat.prefab
  artifactKey: Guid(4f16488df0ccd1142b21ed55047ee4de) Importer(2089858483,b0f066a214c2f5e87bad3c948f4d605d)
Start importing Assets/Prefabs/Enviroment/Hill_Zone/FlatBridgeToFlat.prefab using Guid(4f16488df0ccd1142b21ed55047ee4de) Importer(2089858483,b0f066a214c2f5e87bad3c948f4d605d) (ScriptedImporter) -> (artifact id: 'a3234df7783f5fc2a9d6ee1d29c01f4a') in 0.0156007 seconds
Number of updated asset objects reloaded before import = 0Number of asset objects unloaded after import = 2409

========================================================================
Received Import Request.
  Time since last request: 0.000013 seconds.
  path: Assets/Meshes/Enviroment/Trippy_Zone/Materials/Spiral.mat
  artifactKey: Guid(8e43ca26d971a9b40bde8e5a388dc9d2) Importer(2089858483,b0f066a214c2f5e87bad3c948f4d605d)
Start importing Assets/Meshes/Enviroment/Trippy_Zone/Materials/Spiral.mat using Guid(8e43ca26d971a9b40bde8e5a388dc9d2) Importer(2089858483,b0f066a214c2f5e87bad3c948f4d605d) (ScriptedImporter) -> (artifact id: '9dbc1d81540dbabf47bdf0134ee783f9') in 0.003914 seconds
Number of updated asset objects reloaded before import = 0Number of asset objects unloaded after import = 2

========================================================================
Received Import Request.
  Time since last request: 0.000010 seconds.
  path: Assets/Prefabs/Patterns/Pattern_77777777.prefab
  artifactKey: Guid(8938e4567f3cc0a4893de094b9941500) Importer(2089858483,b0f066a214c2f5e87bad3c948f4d605d)
Start importing Assets/Prefabs/Patterns/Pattern_77777777.prefab using Guid(8938e4567f3cc0a4893de094b9941500) Importer(2089858483,b0f066a214c2f5e87bad3c948f4d605d) (ScriptedImporter) -> (artifact id: '83e8f2c1da760d93eb65e50dd858a08f') in 0.0147502 seconds
Number of updated asset objects reloaded before import = 0Number of asset objects unloaded after import = 167

========================================================================
Received Import Request.
  Time since last request: 0.000011 seconds.
  path: Assets/Meshes/Models/MountainRing.fbx
  artifactKey: Guid(48c3fe0441be246c8a52bd8cfec20e89) Importer(2089858483,b0f066a214c2f5e87bad3c948f4d605d)
Start importing Assets/Meshes/Models/MountainRing.fbx using Guid(48c3fe0441be246c8a52bd8cfec20e89) Importer(2089858483,b0f066a214c2f5e87bad3c948f4d605d) (ScriptedImporter) -> (artifact id: 'a547fcf67eb5531a003cca90a80a15b4') in 0.0199458 seconds
Number of updated asset objects reloaded before import = 0Number of asset objects unloaded after import = 8

========================================================================
Received Import Request.
  Time since last request: 0.000009 seconds.
  path: Assets/Scripts/Scene/PlayerGroup.cs
  artifactKey: Guid(d8b76dd95f93742f8b4694029466a852) Importer(2089858483,b0f066a214c2f5e87bad3c948f4d605d)
Start importing Assets/Scripts/Scene/PlayerGroup.cs using Guid(d8b76dd95f93742f8b4694029466a852) Importer(2089858483,b0f066a214c2f5e87bad3c948f4d605d) (ScriptedImporter) -> (artifact id: '144a2dff9c4d154fe828745b3aeaff88') in 0.001703 seconds
Number of updated asset objects reloaded before import = 0Number of asset objects unloaded after import = 0

========================================================================
Received Import Request.
  Time since last request: 0.000009 seconds.
  path: Assets/Resources/Audio/Music/Loops/A/A19_Harmony_Keys_Layered_2_4bars_130bpm_stack.wav
  artifactKey: Guid(8656af4486dc94680b4f7ad460518a9d) Importer(2089858483,b0f066a214c2f5e87bad3c948f4d605d)
Start importing Assets/Resources/Audio/Music/Loops/A/A19_Harmony_Keys_Layered_2_4bars_130bpm_stack.wav using Guid(8656af4486dc94680b4f7ad460518a9d) Importer(2089858483,b0f066a214c2f5e87bad3c948f4d605d) (ScriptedImporter) -> (artifact id: '425dec03adef3f2aff4d920047874c84') in 0.0153254 seconds
Number of updated asset objects reloaded before import = 0Number of asset objects unloaded after import = 1

========================================================================
Received Import Request.
  Time since last request: 0.000010 seconds.
  path: Assets/Meshes/Misc/Crown/Material/Ruby.mat
  artifactKey: Guid(f5cfa79f2198d4683b17a4cfd1ac0082) Importer(2089858483,b0f066a214c2f5e87bad3c948f4d605d)
Start importing Assets/Meshes/Misc/Crown/Material/Ruby.mat using Guid(f5cfa79f2198d4683b17a4cfd1ac0082) Importer(2089858483,b0f066a214c2f5e87bad3c948f4d605d) (ScriptedImporter) -> (artifact id: '34f65f83a226f334e55017e8280ecf69') in 0.0025724 seconds
Number of updated asset objects reloaded before import = 0Number of asset objects unloaded after import = 1

========================================================================
Received Import Request.
  Time since last request: 0.000017 seconds.
  path: Assets/Prefabs/Enviroment/Hill_Zone/misc/Sunflower.prefab
  artifactKey: Guid(aa09204d39fb04a398e97422c9bfb06f) Importer(2089858483,b0f066a214c2f5e87bad3c948f4d605d)
Start importing Assets/Prefabs/Enviroment/Hill_Zone/misc/Sunflower.prefab using Guid(aa09204d39fb04a398e97422c9bfb06f) Importer(2089858483,b0f066a214c2f5e87bad3c948f4d605d) (ScriptedImporter) -> (artifact id: '98a34ae37fe795636eb62db7e08fb2a4') in 0.0030963 seconds
Number of updated asset objects reloaded before import = 0Number of asset objects unloaded after import = 60

========================================================================
Received Import Request.
  Time since last request: 0.000012 seconds.
  path: Assets/Prefabs/Enviroment/Hill_Zone/Doubles/FlatToLowA.prefab
  artifactKey: Guid(85bbd6508669b2a4293cd4422d791fbd) Importer(2089858483,b0f066a214c2f5e87bad3c948f4d605d)
Start importing Assets/Prefabs/Enviroment/Hill_Zone/Doubles/FlatToLowA.prefab using Guid(85bbd6508669b2a4293cd4422d791fbd) Importer(2089858483,b0f066a214c2f5e87bad3c948f4d605d) (ScriptedImporter) -> (artifact id: '7a5e01d72296c197157892b2c54eca8b') in 0.013236 seconds
Number of updated asset objects reloaded before import = 0Number of asset objects unloaded after import = 1922

========================================================================
Received Import Request.
  Time since last request: 0.000011 seconds.
  path: Assets/Meshes/Enviroment/Hill_Zone/misc/road_sign1.fbx
  artifactKey: Guid(889389aa63d18429881d7ed62ddc67a7) Importer(2089858483,b0f066a214c2f5e87bad3c948f4d605d)
Start importing Assets/Meshes/Enviroment/Hill_Zone/misc/road_sign1.fbx using Guid(889389aa63d18429881d7ed62ddc67a7) Importer(2089858483,b0f066a214c2f5e87bad3c948f4d605d) (ScriptedImporter) -> (artifact id: '4a260d9ad6ec871be487c602dc7b463f') in 0.0066336 seconds
Number of updated asset objects reloaded before import = 0Number of asset objects unloaded after import = 17

========================================================================
Received Import Request.
  Time since last request: 0.000009 seconds.
  path: Assets/Resources/Audio/Music/Loops/B/B35_Melody_Synth_Half Tempo_2_8bars_128bpm_switch.wav
  artifactKey: Guid(c66319d11c8344a5a966d48172a8b188) Importer(2089858483,b0f066a214c2f5e87bad3c948f4d605d)
Start importing Assets/Resources/Audio/Music/Loops/B/B35_Melody_Synth_Half Tempo_2_8bars_128bpm_switch.wav using Guid(c66319d11c8344a5a966d48172a8b188) Importer(2089858483,b0f066a214c2f5e87bad3c948f4d605d) (ScriptedImporter) -> (artifact id: '44711bdc4c34a7862fbab96ca0920e59') in 0.0143147 seconds
Number of updated asset objects reloaded before import = 0Number of asset objects unloaded after import = 1

========================================================================
Received Import Request.
  Time since last request: 0.000010 seconds.
  path: Assets/Resources/Audio/Music/Loops/D/arp_1.wav
  artifactKey: Guid(da6aa5ab2fcbd4c4d81e705e3f8efd8a) Importer(2089858483,b0f066a214c2f5e87bad3c948f4d605d)
Start importing Assets/Resources/Audio/Music/Loops/D/arp_1.wav using Guid(da6aa5ab2fcbd4c4d81e705e3f8efd8a) Importer(2089858483,b0f066a214c2f5e87bad3c948f4d605d) (ScriptedImporter) -> (artifact id: '86458185d4911c79b3cddb0bee19b44a') in 0.0492813 seconds
Number of updated asset objects reloaded before import = 0Number of asset objects unloaded after import = 1

========================================================================
Received Import Request.
  Time since last request: 0.000010 seconds.
  path: Assets/Prefabs/Enviroment/Hill_Zone/temp/LowToHigh.prefab
  artifactKey: Guid(5a59086608570194f8293cf61208c572) Importer(2089858483,b0f066a214c2f5e87bad3c948f4d605d)
Start importing Assets/Prefabs/Enviroment/Hill_Zone/temp/LowToHigh.prefab using Guid(5a59086608570194f8293cf61208c572) Importer(2089858483,b0f066a214c2f5e87bad3c948f4d605d) (ScriptedImporter) -> (artifact id: '9474fb6adfd0f5ba68f7a3acfb833a77') in 0.0037259 seconds
Number of updated asset objects reloaded before import = 0Number of asset objects unloaded after import = 29

========================================================================
Received Import Request.
  Time since last request: 0.000013 seconds.
  path: Assets/Meshes/Enviroment/Hill_Zone/Materials/tunnel_texture_body_1_dark-01.mat
  artifactKey: Guid(6e3dd0687930d432888091976a1aa1a0) Importer(2089858483,b0f066a214c2f5e87bad3c948f4d605d)
Start importing Assets/Meshes/Enviroment/Hill_Zone/Materials/tunnel_texture_body_1_dark-01.mat using Guid(6e3dd0687930d432888091976a1aa1a0) Importer(2089858483,b0f066a214c2f5e87bad3c948f4d605d) (ScriptedImporter) -> (artifact id: '68d822dc2a753141c207828f54ac5e9d') in 0.0030576 seconds
Number of updated asset objects reloaded before import = 0Number of asset objects unloaded after import = 2

========================================================================
Received Import Request.
  Time since last request: 0.000018 seconds.
  path: Assets/Prefabs/Procedural/surpriseBox.prefab
  artifactKey: Guid(4403ea5205be345bc964bb0748bc5aa8) Importer(2089858483,b0f066a214c2f5e87bad3c948f4d605d)
Start importing Assets/Prefabs/Procedural/surpriseBox.prefab using Guid(4403ea5205be345bc964bb0748bc5aa8) Importer(2089858483,b0f066a214c2f5e87bad3c948f4d605d) (ScriptedImporter) -> (artifact id: '02d3fcb732364465aec9192b39876530') in 0.002452 seconds
Number of updated asset objects reloaded before import = 0Number of asset objects unloaded after import = 16

========================================================================
Received Import Request.
  Time since last request: 0.000013 seconds.
  path: Assets/MidiJack/MidiJack.asmdef
  artifactKey: Guid(9f4dbd2a846e14657abccd14f01092bd) Importer(2089858483,b0f066a214c2f5e87bad3c948f4d605d)
Start importing Assets/MidiJack/MidiJack.asmdef using Guid(9f4dbd2a846e14657abccd14f01092bd) Importer(2089858483,b0f066a214c2f5e87bad3c948f4d605d) (ScriptedImporter) -> (artifact id: 'b30554cc5d6f0a1fff7ab47ef3ce02dd') in 0.0017967 seconds
Number of updated asset objects reloaded before import = 0Number of asset objects unloaded after import = 1

========================================================================
Received Import Request.
  Time since last request: 0.000009 seconds.
  path: Assets/Prefabs/Enviroment/Trippy_Zone/Spiral
  artifactKey: Guid(d59dc6c190f4cd849ad899cb018ca0d2) Importer(2089858483,b0f066a214c2f5e87bad3c948f4d605d)
Start importing Assets/Prefabs/Enviroment/Trippy_Zone/Spiral using Guid(d59dc6c190f4cd849ad899cb018ca0d2) Importer(2089858483,b0f066a214c2f5e87bad3c948f4d605d) (ScriptedImporter) -> (artifact id: 'ab2fefa1c35fd4f80713e601effbe45c') in 0.0016917 seconds
Number of updated asset objects reloaded before import = 0Number of asset objects unloaded after import = 1

========================================================================
Received Import Request.
  Time since last request: 0.000008 seconds.
  path: Assets/Resources/Audio/hitsound.wav
  artifactKey: Guid(fa1f9fb19ca594da38a25faff77bccb1) Importer(2089858483,b0f066a214c2f5e87bad3c948f4d605d)
Start importing Assets/Resources/Audio/hitsound.wav using Guid(fa1f9fb19ca594da38a25faff77bccb1) Importer(2089858483,b0f066a214c2f5e87bad3c948f4d605d) (ScriptedImporter) -> (artifact id: '3e04161f3a1abf8c085255d20ca8e31d') in 0.0165726 seconds
Number of updated asset objects reloaded before import = 0Number of asset objects unloaded after import = 1

========================================================================
Received Import Request.
  Time since last request: 0.000010 seconds.
  path: Assets/Resources/Audio/Music/Loops/C/soundset_C_pixel_rhythm 6_128bpm.wav
  artifactKey: Guid(9de08ffc96813493bb2d2a691f6384ba) Importer(2089858483,b0f066a214c2f5e87bad3c948f4d605d)
Start importing Assets/Resources/Audio/Music/Loops/C/soundset_C_pixel_rhythm 6_128bpm.wav using Guid(9de08ffc96813493bb2d2a691f6384ba) Importer(2089858483,b0f066a214c2f5e87bad3c948f4d605d) (ScriptedImporter) -> (artifact id: '674cce9af6a0f4c8130dea88cfc9a578') in 0.018982 seconds
Number of updated asset objects reloaded before import = 0Number of asset objects unloaded after import = 1

========================================================================
Received Import Request.
  Time since last request: 0.000010 seconds.
  path: Assets/Scripts/Scene/OnRhythm/Affectors
  artifactKey: Guid(8674f6818410c493c8e66f555e55da6b) Importer(2089858483,b0f066a214c2f5e87bad3c948f4d605d)
Start importing Assets/Scripts/Scene/OnRhythm/Affectors using Guid(8674f6818410c493c8e66f555e55da6b) Importer(2089858483,b0f066a214c2f5e87bad3c948f4d605d) (ScriptedImporter) -> (artifact id: '2cc0e6273683419edfdd5d8ebd4cbe6e') in 0.0015717 seconds
Number of updated asset objects reloaded before import = 0Number of asset objects unloaded after import = 1

========================================================================
Received Import Request.
  Time since last request: 0.000009 seconds.
  path: Assets/Resources/Audio/Music/Tracks/AnotherOneBitesTheDust/ABTD_Queen_Multi Vox.ogg
  artifactKey: Guid(f9b2221b0156a411bba26418d63674f9) Importer(2089858483,b0f066a214c2f5e87bad3c948f4d605d)
Start importing Assets/Resources/Audio/Music/Tracks/AnotherOneBitesTheDust/ABTD_Queen_Multi Vox.ogg using Guid(f9b2221b0156a411bba26418d63674f9) Importer(2089858483,b0f066a214c2f5e87bad3c948f4d605d) (ScriptedImporter) -> (artifact id: '22ca2c19b655466381409b31d0ba17a7') in 0.0351119 seconds
Number of updated asset objects reloaded before import = 0Number of asset objects unloaded after import = 1

========================================================================
Received Import Request.
  Time since last request: 0.000012 seconds.
  path: Assets/MidiJack/Plugins
  artifactKey: Guid(a12d947f6b75649c9bf11bcaadbf7c6f) Importer(2089858483,b0f066a214c2f5e87bad3c948f4d605d)
Start importing Assets/MidiJack/Plugins using Guid(a12d947f6b75649c9bf11bcaadbf7c6f) Importer(2089858483,b0f066a214c2f5e87bad3c948f4d605d) (ScriptedImporter) -> (artifact id: 'd5a32447ce09ee2dcb31024b25c7b290') in 0.0014276 seconds
Number of updated asset objects reloaded before import = 0Number of asset objects unloaded after import = 1

========================================================================
Received Import Request.
  Time since last request: 0.000015 seconds.
  path: Assets/Meshes/Misc/Speaker/speaker 1.fbx
  artifactKey: Guid(a35609fb915cd429ba863b80597f85bf) Importer(2089858483,b0f066a214c2f5e87bad3c948f4d605d)
Start importing Assets/Meshes/Misc/Speaker/speaker 1.fbx using Guid(a35609fb915cd429ba863b80597f85bf) Importer(2089858483,b0f066a214c2f5e87bad3c948f4d605d) (ScriptedImporter) -> (artifact id: '31c48975e4a47da3e04d3cc7317eafae') in 0.006552 seconds
Number of updated asset objects reloaded before import = 0Number of asset objects unloaded after import = 39

========================================================================
Received Import Request.
  Time since last request: 0.000015 seconds.
  path: Assets/Meshes/Enviroment/Hill_Zone/low_to_high.FBX
  artifactKey: Guid(e16f96dc5242f47c6a98a8e71bd0df7c) Importer(2089858483,b0f066a214c2f5e87bad3c948f4d605d)
Start importing Assets/Meshes/Enviroment/Hill_Zone/low_to_high.FBX using Guid(e16f96dc5242f47c6a98a8e71bd0df7c) Importer(2089858483,b0f066a214c2f5e87bad3c948f4d605d) (ScriptedImporter) -> (artifact id: '3067d33306516c4015488e999d71f165') in 0.0085916 seconds
Number of updated asset objects reloaded before import = 0Number of asset objects unloaded after import = 34

========================================================================
Received Import Request.
  Time since last request: 0.000013 seconds.
  path: Assets/Meshes/Enviroment/Sun_Transparent.prefab
  artifactKey: Guid(f1715d4fae6824d71be8f6eaef60211f) Importer(2089858483,b0f066a214c2f5e87bad3c948f4d605d)
Start importing Assets/Meshes/Enviroment/Sun_Transparent.prefab using Guid(f1715d4fae6824d71be8f6eaef60211f) Importer(2089858483,b0f066a214c2f5e87bad3c948f4d605d) (ScriptedImporter) -> (artifact id: '965aa4cf580011f99c75d0875173666b') in 0.0060309 seconds
Number of updated asset objects reloaded before import = 0Number of asset objects unloaded after import = 8

========================================================================
Received Import Request.
  Time since last request: 0.000021 seconds.
  path: Assets/Meshes/Enviroment/Hill_Zone/Materials/Sunflower/sunflowe_middle.mat
  artifactKey: Guid(6bcaf0f844aad473688a90e6a2c2f988) Importer(2089858483,b0f066a214c2f5e87bad3c948f4d605d)
Start importing Assets/Meshes/Enviroment/Hill_Zone/Materials/Sunflower/sunflowe_middle.mat using Guid(6bcaf0f844aad473688a90e6a2c2f988) Importer(2089858483,b0f066a214c2f5e87bad3c948f4d605d) (ScriptedImporter) -> (artifact id: '12755a29c1b0c71f62f0b4f42abf06d0') in 0.0036372 seconds
Number of updated asset objects reloaded before import = 0Number of asset objects unloaded after import = 2

========================================================================
Received Import Request.
  Time since last request: 0.000011 seconds.
  path: Assets/Scripts/Scene/OnRhythm/ToggleChildrenOnRhythm.cs
  artifactKey: Guid(6c06bb1f2a9fb49418735cd8719015f6) Importer(2089858483,b0f066a214c2f5e87bad3c948f4d605d)
Start importing Assets/Scripts/Scene/OnRhythm/ToggleChildrenOnRhythm.cs using Guid(6c06bb1f2a9fb49418735cd8719015f6) Importer(2089858483,b0f066a214c2f5e87bad3c948f4d605d) (ScriptedImporter) -> (artifact id: '0c1e08c9eb9c4bdda1df4f92356b3148') in 0.0017607 seconds
Number of updated asset objects reloaded before import = 0Number of asset objects unloaded after import = 0

========================================================================
Received Import Request.
  Time since last request: 0.000010 seconds.
  path: Assets/Resources/Audio/Music/Loops/B/B2_Rhythm_Kick_Snare_Basic_1_1bars_128bpm_switch.wav.asd
  artifactKey: Guid(f919da699036b42d0a1d0f78c173d37a) Importer(2089858483,b0f066a214c2f5e87bad3c948f4d605d)
Start importing Assets/Resources/Audio/Music/Loops/B/B2_Rhythm_Kick_Snare_Basic_1_1bars_128bpm_switch.wav.asd using Guid(f919da699036b42d0a1d0f78c173d37a) Importer(2089858483,b0f066a214c2f5e87bad3c948f4d605d) (ScriptedImporter) -> (artifact id: 'ed331876debee042cda1565ce3da4463') in 0.0017188 seconds
Number of updated asset objects reloaded before import = 0Number of asset objects unloaded after import = 1

========================================================================
Received Import Request.
  Time since last request: 0.000009 seconds.
  path: Assets/Meshes/Enviroment/Hill_Zone/Materials/Water Tank/tank01-Material.002.mat
  artifactKey: Guid(f6d78230b50b9483cb1de516949d0e82) Importer(2089858483,b0f066a214c2f5e87bad3c948f4d605d)
Start importing Assets/Meshes/Enviroment/Hill_Zone/Materials/Water Tank/tank01-Material.002.mat using Guid(f6d78230b50b9483cb1de516949d0e82) Importer(2089858483,b0f066a214c2f5e87bad3c948f4d605d) (ScriptedImporter) -> (artifact id: 'f45abe1ef52986a2878cb5e77cd14211') in 0.0036164 seconds
Number of updated asset objects reloaded before import = 0Number of asset objects unloaded after import = 2

========================================================================
Received Import Request.
  Time since last request: 0.000011 seconds.
  path: Assets/Scenes/Gyuri_Levels/Gyuri_02.unity
  artifactKey: Guid(564e124798311dc45acf977bd1271e09) Importer(2089858483,b0f066a214c2f5e87bad3c948f4d605d)
Start importing Assets/Scenes/Gyuri_Levels/Gyuri_02.unity using Guid(564e124798311dc45acf977bd1271e09) Importer(2089858483,b0f066a214c2f5e87bad3c948f4d605d) (ScriptedImporter) -> (artifact id: '4d34bc38144e49cde8fcd7c6d31edaf7') in 0.0024605 seconds
Number of updated asset objects reloaded before import = 0Number of asset objects unloaded after import = 1

========================================================================
Received Import Request.
  Time since last request: 0.000015 seconds.
  path: Assets/Resources/Audio/Music/Loops/A/A22_Melody_Guitar_Still_1_4bars_130bpm_switch.wav
  artifactKey: Guid(94f72ad0592924d2d8664780b15c0303) Importer(2089858483,b0f066a214c2f5e87bad3c948f4d605d)
Start importing Assets/Resources/Audio/Music/Loops/A/A22_Melody_Guitar_Still_1_4bars_130bpm_switch.wav using Guid(94f72ad0592924d2d8664780b15c0303) Importer(2089858483,b0f066a214c2f5e87bad3c948f4d605d) (ScriptedImporter) -> (artifact id: 'f603a60dca4334a067c8156201e71212') in 0.0152126 seconds
Number of updated asset objects reloaded before import = 0Number of asset objects unloaded after import = 1

========================================================================
Received Import Request.
  Time since last request: 0.000009 seconds.
  path: Assets/Scenes/artmentoring2.unity
  artifactKey: Guid(c0e1bbb371cd1f44da52b0671acb4596) Importer(2089858483,b0f066a214c2f5e87bad3c948f4d605d)
Start importing Assets/Scenes/artmentoring2.unity using Guid(c0e1bbb371cd1f44da52b0671acb4596) Importer(2089858483,b0f066a214c2f5e87bad3c948f4d605d) (ScriptedImporter) -> (artifact id: 'be8c4e8baf54cb933158ba0ffc0d7892') in 0.0023779 seconds
Number of updated asset objects reloaded before import = 0Number of asset objects unloaded after import = 1

========================================================================
Received Import Request.
  Time since last request: 0.000009 seconds.
  path: Assets/Meshes/Models/Reworked/Environment/Mountain Ring.fbx
  artifactKey: Guid(99f155641f0902d408de22c31e0f4e5b) Importer(2089858483,b0f066a214c2f5e87bad3c948f4d605d)
Start importing Assets/Meshes/Models/Reworked/Environment/Mountain Ring.fbx using Guid(99f155641f0902d408de22c31e0f4e5b) Importer(2089858483,b0f066a214c2f5e87bad3c948f4d605d) (ScriptedImporter) -> (artifact id: 'aa836885be5b5c9477d7ef4195c520b5') in 0.0070046 seconds
Number of updated asset objects reloaded before import = 0Number of asset objects unloaded after import = 9

========================================================================
Received Import Request.
  Time since last request: 0.000011 seconds.
  path: Assets/Scripts/Helper/LockPosInEditor.cs
  artifactKey: Guid(7e6a6a3ea34914f47bbcc9ed79e9f9ea) Importer(2089858483,b0f066a214c2f5e87bad3c948f4d605d)
Start importing Assets/Scripts/Helper/LockPosInEditor.cs using Guid(7e6a6a3ea34914f47bbcc9ed79e9f9ea) Importer(2089858483,b0f066a214c2f5e87bad3c948f4d605d) (ScriptedImporter) -> (artifact id: 'ade04acc20e5e60945c92ee13e878765') in 0.0015488 seconds
Number of updated asset objects reloaded before import = 0Number of asset objects unloaded after import = 0

========================================================================
Received Import Request.
  Time since last request: 0.000009 seconds.
  path: Assets/Meshes/Enviroment/Hill_Zone/Materials/Textures/tree.png
  artifactKey: Guid(6fff4db8bf3c3b04c9d1c5784527cb9f) Importer(2089858483,b0f066a214c2f5e87bad3c948f4d605d)
Start importing Assets/Meshes/Enviroment/Hill_Zone/Materials/Textures/tree.png using Guid(6fff4db8bf3c3b04c9d1c5784527cb9f) Importer(2089858483,b0f066a214c2f5e87bad3c948f4d605d) (ScriptedImporter) -> (artifact id: '1996a217afe368e0f1f8f95c958ef95b') in 0.0235496 seconds
Number of updated asset objects reloaded before import = 0Number of asset objects unloaded after import = 1

========================================================================
Received Import Request.
  Time since last request: 0.000009 seconds.
  path: Assets/Resources/Audio/Music/Tracks/AnotherOneBitesTheDust/ABTD_Queen_Multi Fx.ogg
  artifactKey: Guid(cf5a859af52a644948fcb78a411b3383) Importer(2089858483,b0f066a214c2f5e87bad3c948f4d605d)
Start importing Assets/Resources/Audio/Music/Tracks/AnotherOneBitesTheDust/ABTD_Queen_Multi Fx.ogg using Guid(cf5a859af52a644948fcb78a411b3383) Importer(2089858483,b0f066a214c2f5e87bad3c948f4d605d) (ScriptedImporter) -> (artifact id: '0cfc31e37bfa7bd49218ee30f52b34b3') in 0.0328517 seconds
Number of updated asset objects reloaded before import = 0Number of asset objects unloaded after import = 1

========================================================================
Received Import Request.
  Time since last request: 0.000016 seconds.
  path: Assets/Prefabs/Enviroment/Trippy_Zone/SpeakerMOD.prefab
  artifactKey: Guid(fa1cff684068ba04f8cf3afaa2b97fa3) Importer(2089858483,b0f066a214c2f5e87bad3c948f4d605d)
Start importing Assets/Prefabs/Enviroment/Trippy_Zone/SpeakerMOD.prefab using Guid(fa1cff684068ba04f8cf3afaa2b97fa3) Importer(2089858483,b0f066a214c2f5e87bad3c948f4d605d) (ScriptedImporter) -> (artifact id: '5881a8bbba46ee5e46af2a09c9292f95') in 0.0043429 seconds
Number of updated asset objects reloaded before import = 0Number of asset objects unloaded after import = 53

========================================================================
Received Import Request.
  Time since last request: 0.000016 seconds.
  path: Assets/Prefabs/Helper
  artifactKey: Guid(8e06acb4773524edabb2ccc9c53cf404) Importer(2089858483,b0f066a214c2f5e87bad3c948f4d605d)
Start importing Assets/Prefabs/Helper using Guid(8e06acb4773524edabb2ccc9c53cf404) Importer(2089858483,b0f066a214c2f5e87bad3c948f4d605d) (ScriptedImporter) -> (artifact id: 'a504ab38c8043fee5072c5ae9e5acd13') in 0.0013296 seconds
Number of updated asset objects reloaded before import = 0Number of asset objects unloaded after import = 1

========================================================================
Received Import Request.
  Time since last request: 0.000008 seconds.
  path: Assets/Resources/Audio/Music/Loops/A/A4_Rhythm_Snare_Basic_1_1bars_130bpm_switch.wav
  artifactKey: Guid(e1a09df9ff38c46238016ad6131d7dc0) Importer(2089858483,b0f066a214c2f5e87bad3c948f4d605d)
Start importing Assets/Resources/Audio/Music/Loops/A/A4_Rhythm_Snare_Basic_1_1bars_130bpm_switch.wav using Guid(e1a09df9ff38c46238016ad6131d7dc0) Importer(2089858483,b0f066a214c2f5e87bad3c948f4d605d) (ScriptedImporter) -> (artifact id: 'fd676ddb075e7bc11ab7a8b3dd5642f8') in 0.0129389 seconds
Number of updated asset objects reloaded before import = 0Number of asset objects unloaded after import = 1

========================================================================
Received Import Request.
  Time since last request: 0.000007 seconds.
  path: Assets/Meshes/Enviroment/Hill_Zone/Materials/Textures/tunnel_texture_body_3_dark.png
  artifactKey: Guid(d514f4c51e1e3494d9fc5d87bafe1f83) Importer(2089858483,b0f066a214c2f5e87bad3c948f4d605d)
Start importing Assets/Meshes/Enviroment/Hill_Zone/Materials/Textures/tunnel_texture_body_3_dark.png using Guid(d514f4c51e1e3494d9fc5d87bafe1f83) Importer(2089858483,b0f066a214c2f5e87bad3c948f4d605d) (ScriptedImporter) -> (artifact id: '875f904eb6c05ba26bcb6080e57e1fa0') in 0.0044869 seconds
Number of updated asset objects reloaded before import = 0Number of asset objects unloaded after import = 1

========================================================================
Received Import Request.
  Time since last request: 0.000008 seconds.
  path: Assets/Meshes/Enviroment/Hill_Zone/Materials/Material #25.mat
  artifactKey: Guid(16203729f8f2cdc4a9ef48442e859e40) Importer(2089858483,b0f066a214c2f5e87bad3c948f4d605d)
Start importing Assets/Meshes/Enviroment/Hill_Zone/Materials/Material #25.mat using Guid(16203729f8f2cdc4a9ef48442e859e40) Importer(2089858483,b0f066a214c2f5e87bad3c948f4d605d) (ScriptedImporter) -> (artifact id: 'b1d6ce350f8def01d285d46ff2cc9951') in 0.0023066 seconds
Number of updated asset objects reloaded before import = 0Number of asset objects unloaded after import = 1

========================================================================
Received Import Request.
  Time since last request: 0.000007 seconds.
  path: Assets/Meshes/Enviroment/Trippy_Zone/Materials/spiral.png
  artifactKey: Guid(176ad9b19193c844bb3a4a794242b78f) Importer(2089858483,b0f066a214c2f5e87bad3c948f4d605d)
Start importing Assets/Meshes/Enviroment/Trippy_Zone/Materials/spiral.png using Guid(176ad9b19193c844bb3a4a794242b78f) Importer(2089858483,b0f066a214c2f5e87bad3c948f4d605d) (ScriptedImporter) -> (artifact id: 'db479970300a798aeb22114cbe96935a') in 0.0033817 seconds
Number of updated asset objects reloaded before import = 0Number of asset objects unloaded after import = 1

========================================================================
Received Import Request.
  Time since last request: 0.000007 seconds.
  path: Assets/Prefabs/Items
  artifactKey: Guid(d85db863eeacd4e5e9760309523adf3c) Importer(2089858483,b0f066a214c2f5e87bad3c948f4d605d)
Start importing Assets/Prefabs/Items using Guid(d85db863eeacd4e5e9760309523adf3c) Importer(2089858483,b0f066a214c2f5e87bad3c948f4d605d) (ScriptedImporter) -> (artifact id: 'dd753770cc236902da729872470c473c') in 0.0012177 seconds
Number of updated asset objects reloaded before import = 0Number of asset objects unloaded after import = 1

========================================================================
Received Import Request.
  Time since last request: 0.000012 seconds.
  path: Assets/Meshes/Misc/tmp/Materials/tunel_texture_01.mat
  artifactKey: Guid(a83e3b2cb0fc74bf3aa02cba2363241e) Importer(2089858483,b0f066a214c2f5e87bad3c948f4d605d)
Start importing Assets/Meshes/Misc/tmp/Materials/tunel_texture_01.mat using Guid(a83e3b2cb0fc74bf3aa02cba2363241e) Importer(2089858483,b0f066a214c2f5e87bad3c948f4d605d) (ScriptedImporter) -> (artifact id: 'db156c1770f5844e0e24064593f90e76') in 0.0026825 seconds
Number of updated asset objects reloaded before import = 0Number of asset objects unloaded after import = 1

========================================================================
Received Import Request.
  Time since last request: 0.000008 seconds.
  path: Assets/Meshes/Models/Reworked/Environment/TreeRing_01.fbx
  artifactKey: Guid(177523a053d146d4b9bb356afb950bd0) Importer(2089858483,b0f066a214c2f5e87bad3c948f4d605d)
Start importing Assets/Meshes/Models/Reworked/Environment/TreeRing_01.fbx using Guid(177523a053d146d4b9bb356afb950bd0) Importer(2089858483,b0f066a214c2f5e87bad3c948f4d605d) (ScriptedImporter) -> (artifact id: 'ea0c4473c674dd33dcbcbe712b09571e') in 0.0072386 seconds
Number of updated asset objects reloaded before import = 0Number of asset objects unloaded after import = 9

========================================================================
Received Import Request.
  Time since last request: 0.000009 seconds.
  path: Assets/Resources/Audio/Music/Loops/D/bass_3.wav
  artifactKey: Guid(652ec0ae77f1c4bd78f1c0eb73687486) Importer(2089858483,b0f066a214c2f5e87bad3c948f4d605d)
Start importing Assets/Resources/Audio/Music/Loops/D/bass_3.wav using Guid(652ec0ae77f1c4bd78f1c0eb73687486) Importer(2089858483,b0f066a214c2f5e87bad3c948f4d605d) (ScriptedImporter) -> (artifact id: '119873425d3063b8bb5e3216da717f02') in 0.0478387 seconds
Number of updated asset objects reloaded before import = 0Number of asset objects unloaded after import = 1

========================================================================
Received Import Request.
  Time since last request: 0.000013 seconds.
  path: Assets/Meshes/Enviroment/Hill_Zone/Materials/Tunnel/tunnel_texture_body_1_dark-01.mat
  artifactKey: Guid(d5f0a01d756314d72afbaa2b77da986d) Importer(2089858483,b0f066a214c2f5e87bad3c948f4d605d)
Start importing Assets/Meshes/Enviroment/Hill_Zone/Materials/Tunnel/tunnel_texture_body_1_dark-01.mat using Guid(d5f0a01d756314d72afbaa2b77da986d) Importer(2089858483,b0f066a214c2f5e87bad3c948f4d605d) (ScriptedImporter) -> (artifact id: 'cda2af730180d05fee0160f61b12cbc3') in 0.0035306 seconds
Number of updated asset objects reloaded before import = 0Number of asset objects unloaded after import = 3

========================================================================
Received Import Request.
  Time since last request: 0.000017 seconds.
  path: Assets/Prefabs/Particles/ParticleRainbow.prefab
  artifactKey: Guid(7d5fb6cd467214f2b82bafec6f7e8ee6) Importer(2089858483,b0f066a214c2f5e87bad3c948f4d605d)
Start importing Assets/Prefabs/Particles/ParticleRainbow.prefab using Guid(7d5fb6cd467214f2b82bafec6f7e8ee6) Importer(2089858483,b0f066a214c2f5e87bad3c948f4d605d) (ScriptedImporter) -> (artifact id: '39f668311d8a090fd25c94db190aa1de') in 0.003394 seconds
Number of updated asset objects reloaded before import = 0Number of asset objects unloaded after import = 38

========================================================================
Received Import Request.
  Time since last request: 0.000011 seconds.
  path: Assets/Meshes/Enviroment/Hill_Zone/Materials/building.mat
  artifactKey: Guid(513ef26dc343d2c4195444b8004417bb) Importer(2089858483,b0f066a214c2f5e87bad3c948f4d605d)
Start importing Assets/Meshes/Enviroment/Hill_Zone/Materials/building.mat using Guid(513ef26dc343d2c4195444b8004417bb) Importer(2089858483,b0f066a214c2f5e87bad3c948f4d605d) (ScriptedImporter) -> (artifact id: 'cd1341e961be00e72a6b809d9028c83e') in 0.0025694 seconds
Number of updated asset objects reloaded before import = 0Number of asset objects unloaded after import = 1

========================================================================
Received Import Request.
  Time since last request: 0.000009 seconds.
  path: Assets/Scripts/__oldStuff/TransformWithVelocity.cs
  artifactKey: Guid(087e558161df947b693640313007b208) Importer(2089858483,b0f066a214c2f5e87bad3c948f4d605d)
Start importing Assets/Scripts/__oldStuff/TransformWithVelocity.cs using Guid(087e558161df947b693640313007b208) Importer(2089858483,b0f066a214c2f5e87bad3c948f4d605d) (ScriptedImporter) -> (artifact id: '4d256d93c7240bb82ff953c6088ddf82') in 0.001828 seconds
Number of updated asset objects reloaded before import = 0Number of asset objects unloaded after import = 0

========================================================================
Received Import Request.
  Time since last request: 0.000010 seconds.
  path: Assets/Prefabs/Patterns/Pattern_76543210.prefab
  artifactKey: Guid(9b3f48b6009dda94a915b7cfefacffdf) Importer(2089858483,b0f066a214c2f5e87bad3c948f4d605d)
Start importing Assets/Prefabs/Patterns/Pattern_76543210.prefab using Guid(9b3f48b6009dda94a915b7cfefacffdf) Importer(2089858483,b0f066a214c2f5e87bad3c948f4d605d) (ScriptedImporter) -> (artifact id: 'd42c7bcce4c3ad90e73f7c3c37a15aee') in 0.0059177 seconds
Number of updated asset objects reloaded before import = 0Number of asset objects unloaded after import = 167

========================================================================
Received Import Request.
  Time since last request: 0.000013 seconds.
  path: Assets/Resources/Textures/sun.png
  artifactKey: Guid(9e21cc7bf6406de448a4d48370986292) Importer(2089858483,b0f066a214c2f5e87bad3c948f4d605d)
Start importing Assets/Resources/Textures/sun.png using Guid(9e21cc7bf6406de448a4d48370986292) Importer(2089858483,b0f066a214c2f5e87bad3c948f4d605d) (ScriptedImporter) -> (artifact id: '95d5b3308faaa7e0c42f3a11d5e3f29c') in 0.0040192 seconds
Number of updated asset objects reloaded before import = 0Number of asset objects unloaded after import = 1

========================================================================
Received Import Request.
  Time since last request: 0.000009 seconds.
  path: Assets/Meshes/Models/Reworked/Environment/GrassSphere.fbx
  artifactKey: Guid(1fcce9f623c3f894f9e60e30c70a3699) Importer(2089858483,b0f066a214c2f5e87bad3c948f4d605d)
Start importing Assets/Meshes/Models/Reworked/Environment/GrassSphere.fbx using Guid(1fcce9f623c3f894f9e60e30c70a3699) Importer(2089858483,b0f066a214c2f5e87bad3c948f4d605d) (ScriptedImporter) -> (artifact id: '6ca504c09f212eb638fd6452066afa6b') in 0.0061298 seconds
Number of updated asset objects reloaded before import = 0Number of asset objects unloaded after import = 9

========================================================================
Received Import Request.
  Time since last request: 0.000011 seconds.
  path: Assets/Scripts/ScriptableObject
  artifactKey: Guid(dd5742975363e4c348360ec1ba3dbfb0) Importer(2089858483,b0f066a214c2f5e87bad3c948f4d605d)
Start importing Assets/Scripts/ScriptableObject using Guid(dd5742975363e4c348360ec1ba3dbfb0) Importer(2089858483,b0f066a214c2f5e87bad3c948f4d605d) (ScriptedImporter) -> (artifact id: '31b955299c9cd955c8460e9bdc138ad2') in 0.001221 seconds
Number of updated asset objects reloaded before import = 0Number of asset objects unloaded after import = 1

========================================================================
Received Import Request.
  Time since last request: 0.000009 seconds.
  path: Assets/Scenes/TestScenes/template_scene.unity
  artifactKey: Guid(90a01e2730f4044a9be6da78dbdcf9bf) Importer(2089858483,b0f066a214c2f5e87bad3c948f4d605d)
Start importing Assets/Scenes/TestScenes/template_scene.unity using Guid(90a01e2730f4044a9be6da78dbdcf9bf) Importer(2089858483,b0f066a214c2f5e87bad3c948f4d605d) (ScriptedImporter) -> (artifact id: '4cd9d92ffa435e05b129e3eb1e60f21b') in 0.0032675 seconds
Number of updated asset objects reloaded before import = 0Number of asset objects unloaded after import = 1

========================================================================
Received Import Request.
  Time since last request: 0.000010 seconds.
  path: Assets/Resources/Audio/Music/Loops/Copia de B/B16_Rhythm_Clap_Minimal_3_1bars_128bpm_switch.wav.asd
  artifactKey: Guid(66d74d422525f42b09be7dc787e9afce) Importer(2089858483,b0f066a214c2f5e87bad3c948f4d605d)
Start importing Assets/Resources/Audio/Music/Loops/Copia de B/B16_Rhythm_Clap_Minimal_3_1bars_128bpm_switch.wav.asd using Guid(66d74d422525f42b09be7dc787e9afce) Importer(2089858483,b0f066a214c2f5e87bad3c948f4d605d) (ScriptedImporter) -> (artifact id: '8d6492eac95948d5baa5e000052a0f0b') in 0.0014385 seconds
Number of updated asset objects reloaded before import = 0Number of asset objects unloaded after import = 1

========================================================================
Received Import Request.
  Time since last request: 0.000016 seconds.
  path: Assets/Resources/Audio/Music/Loops/B/B3_Rhythm_Kick_Snare_Basic_2_1bars_128bpm_switch.wav.asd
  artifactKey: Guid(a93d35c751c9948cf9abe278a05f4feb) Importer(2089858483,b0f066a214c2f5e87bad3c948f4d605d)
Start importing Assets/Resources/Audio/Music/Loops/B/B3_Rhythm_Kick_Snare_Basic_2_1bars_128bpm_switch.wav.asd using Guid(a93d35c751c9948cf9abe278a05f4feb) Importer(2089858483,b0f066a214c2f5e87bad3c948f4d605d) (ScriptedImporter) -> (artifact id: '86bb5db6233d6dbaca9cc6009a22bc1b') in 0.0014909 seconds
Number of updated asset objects reloaded before import = 0Number of asset objects unloaded after import = 1

========================================================================
Received Import Request.
  Time since last request: 0.000008 seconds.
  path: Assets/Meshes/Enviroment/Hill_Zone/tunnel_to_tunnel_straight.FBX
  artifactKey: Guid(276ed43218a4e3b49833baf30a029b39) Importer(2089858483,b0f066a214c2f5e87bad3c948f4d605d)
Start importing Assets/Meshes/Enviroment/Hill_Zone/tunnel_to_tunnel_straight.FBX using Guid(276ed43218a4e3b49833baf30a029b39) Importer(2089858483,b0f066a214c2f5e87bad3c948f4d605d) (ScriptedImporter) -> (artifact id: 'e28ccab50e4424cb335660fc665095aa') in 0.0047741 seconds
Number of updated asset objects reloaded before import = 0Number of asset objects unloaded after import = 15

========================================================================
Received Import Request.
  Time since last request: 0.000010 seconds.
  path: Assets/Resources/Materials/Sky Boxs/Hill_Zone_Skybox.mat
  artifactKey: Guid(0042ab4b0f8523d4d80bda2775209e0a) Importer(2089858483,b0f066a214c2f5e87bad3c948f4d605d)
Start importing Assets/Resources/Materials/Sky Boxs/Hill_Zone_Skybox.mat using Guid(0042ab4b0f8523d4d80bda2775209e0a) Importer(2089858483,b0f066a214c2f5e87bad3c948f4d605d) (ScriptedImporter) -> (artifact id: '3e7ef643a37ee7ac3706257d155492df') in 0.0052102 seconds
Number of updated asset objects reloaded before import = 0Number of asset objects unloaded after import = 4

========================================================================
Received Import Request.
  Time since last request: 0.000022 seconds.
  path: Assets/Resources/Audio/Music/Loops/B/B6_Rhythm_Hi Hat_Basic_1_1bars_128bpm_switch.wav
  artifactKey: Guid(f78b95ce34ce14da0af557b1863c8236) Importer(2089858483,b0f066a214c2f5e87bad3c948f4d605d)
Start importing Assets/Resources/Audio/Music/Loops/B/B6_Rhythm_Hi Hat_Basic_1_1bars_128bpm_switch.wav using Guid(f78b95ce34ce14da0af557b1863c8236) Importer(2089858483,b0f066a214c2f5e87bad3c948f4d605d) (ScriptedImporter) -> (artifact id: '0aa99eed6736c2803b222641e580319d') in 0.0143181 seconds
Number of updated asset objects reloaded before import = 0Number of asset objects unloaded after import = 1

========================================================================
Received Import Request.
  Time since last request: 0.000008 seconds.
  path: Assets/Scenes/template_procedural.unity
  artifactKey: Guid(3ff98ab29df204f8fbab5a76ea0a113e) Importer(2089858483,b0f066a214c2f5e87bad3c948f4d605d)
Start importing Assets/Scenes/template_procedural.unity using Guid(3ff98ab29df204f8fbab5a76ea0a113e) Importer(2089858483,b0f066a214c2f5e87bad3c948f4d605d) (ScriptedImporter) -> (artifact id: '87780a3a96e6e61944995000a7038868') in 0.003011 seconds
Number of updated asset objects reloaded before import = 0Number of asset objects unloaded after import = 1

========================================================================
Received Import Request.
  Time since last request: 0.000012 seconds.
  path: Assets/Meshes/Models/Reworked/Environment/TreeRing_02.fbx
  artifactKey: Guid(1a37954bdea7ec849be04a646321931a) Importer(2089858483,b0f066a214c2f5e87bad3c948f4d605d)
Start importing Assets/Meshes/Models/Reworked/Environment/TreeRing_02.fbx using Guid(1a37954bdea7ec849be04a646321931a) Importer(2089858483,b0f066a214c2f5e87bad3c948f4d605d) (ScriptedImporter) -> (artifact id: 'b3261210ac4b4ab25b80e75c71c613b2') in 0.0067163 seconds
Number of updated asset objects reloaded before import = 0Number of asset objects unloaded after import = 9

========================================================================
Received Import Request.
  Time since last request: 0.000010 seconds.
  path: Assets/Resources/Audio/Music/Loops/B/B21_Harmony_Pad_Filtered_4_8bars_128bpm_switch.wav.asd
  artifactKey: Guid(5252acb14c2244bdca13caf787a62d24) Importer(2089858483,b0f066a214c2f5e87bad3c948f4d605d)
Start importing Assets/Resources/Audio/Music/Loops/B/B21_Harmony_Pad_Filtered_4_8bars_128bpm_switch.wav.asd using Guid(5252acb14c2244bdca13caf787a62d24) Importer(2089858483,b0f066a214c2f5e87bad3c948f4d605d) (ScriptedImporter) -> (artifact id: 'fadbe3eae990dc49f02d9b461950b2b8') in 0.0014858 seconds
Number of updated asset objects reloaded before import = 0Number of asset objects unloaded after import = 1

========================================================================
Received Import Request.
  Time since last request: 0.000010 seconds.
  path: Assets/Resources/Audio/Music/Tracks/Test/test1_layer3_bass.mp3
  artifactKey: Guid(eb5325697d0364c17903eefeab2904fa) Importer(2089858483,b0f066a214c2f5e87bad3c948f4d605d)
Start importing Assets/Resources/Audio/Music/Tracks/Test/test1_layer3_bass.mp3 using Guid(eb5325697d0364c17903eefeab2904fa) Importer(2089858483,b0f066a214c2f5e87bad3c948f4d605d) (ScriptedImporter) -> (artifact id: '7f6b723f22a291f24509af10df8f2916') in 0.0305694 seconds
Number of updated asset objects reloaded before import = 0Number of asset objects unloaded after import = 1

========================================================================
Received Import Request.
  Time since last request: 0.000011 seconds.
  path: Assets/Resources/Audio/Music/Loops/Copia de B/B27_Harmony_Bass 2_Octave Up_2_8bars_128bpm_switch.wav.asd
  artifactKey: Guid(f6769cee493a5495b9be5d1d581d6d34) Importer(2089858483,b0f066a214c2f5e87bad3c948f4d605d)
Start importing Assets/Resources/Audio/Music/Loops/Copia de B/B27_Harmony_Bass 2_Octave Up_2_8bars_128bpm_switch.wav.asd using Guid(f6769cee493a5495b9be5d1d581d6d34) Importer(2089858483,b0f066a214c2f5e87bad3c948f4d605d) (ScriptedImporter) -> (artifact id: '15c2e6fac5e13a8e2006d275757f27d2') in 0.0018981 seconds
Number of updated asset objects reloaded before import = 0Number of asset objects unloaded after import = 1

========================================================================
Received Import Request.
  Time since last request: 0.000023 seconds.
  path: Assets/Meshes/Pickup/melody_pickup.fbx
  artifactKey: Guid(7ae91d47fb0e049808c0da12b96f7c2b) Importer(2089858483,b0f066a214c2f5e87bad3c948f4d605d)
Start importing Assets/Meshes/Pickup/melody_pickup.fbx using Guid(7ae91d47fb0e049808c0da12b96f7c2b) Importer(2089858483,b0f066a214c2f5e87bad3c948f4d605d) (ScriptedImporter) -> (artifact id: 'be28837a66e994323f07b86c5cdb0775') in 0.0044766 seconds
Number of updated asset objects reloaded before import = 0Number of asset objects unloaded after import = 8

========================================================================
Received Import Request.
  Time since last request: 0.000012 seconds.
  path: Assets/Resources/Audio/Music/Loops/B/B4_Rhythm_Kick_Snare_Basic_3_1bars_128bpm_switch.wav.asd
  artifactKey: Guid(cad40ec725f6c4d44afa90b8d14e7fa7) Importer(2089858483,b0f066a214c2f5e87bad3c948f4d605d)
Start importing Assets/Resources/Audio/Music/Loops/B/B4_Rhythm_Kick_Snare_Basic_3_1bars_128bpm_switch.wav.asd using Guid(cad40ec725f6c4d44afa90b8d14e7fa7) Importer(2089858483,b0f066a214c2f5e87bad3c948f4d605d) (ScriptedImporter) -> (artifact id: 'ec2cef467b30ff560b9f69e03fe89e5b') in 0.0016651 seconds
Number of updated asset objects reloaded before import = 0Number of asset objects unloaded after import = 1

========================================================================
Received Import Request.
  Time since last request: 0.000012 seconds.
  path: Assets/Meshes/Models/Reworked/Characters/male_01.fbx
  artifactKey: Guid(58d2f6aa040108b499d8744c9d1d988b) Importer(2089858483,b0f066a214c2f5e87bad3c948f4d605d)
Start importing Assets/Meshes/Models/Reworked/Characters/male_01.fbx using Guid(58d2f6aa040108b499d8744c9d1d988b) Importer(2089858483,b0f066a214c2f5e87bad3c948f4d605d) (ScriptedImporter) -> (artifact id: '05ef00e932861b383b4c58f1684272a0') in 0.0107896 seconds
Number of updated asset objects reloaded before import = 0Number of asset objects unloaded after import = 93

========================================================================
Received Import Request.
  Time since last request: 0.000009 seconds.
  path: Assets/Meshes/Enviroment/Hill_Zone/Materials/Textures/Materials/floor_texture.mat
  artifactKey: Guid(a57287135de7f40c0bc5a7fcb7de70c1) Importer(2089858483,b0f066a214c2f5e87bad3c948f4d605d)
Start importing Assets/Meshes/Enviroment/Hill_Zone/Materials/Textures/Materials/floor_texture.mat using Guid(a57287135de7f40c0bc5a7fcb7de70c1) Importer(2089858483,b0f066a214c2f5e87bad3c948f4d605d) (ScriptedImporter) -> (artifact id: '6471d4600b440301aae617fb6118ac2d') in 0.0040597 seconds
Number of updated asset objects reloaded before import = 0Number of asset objects unloaded after import = 3

========================================================================
Received Import Request.
  Time since last request: 0.000018 seconds.
  path: Assets/Resources/Audio/Music/Loops/C/soundset_C_trippy_harmony 12_128bpm.wav
  artifactKey: Guid(2c8bf8363fb9f45f49119419325bfbb4) Importer(2089858483,b0f066a214c2f5e87bad3c948f4d605d)
Start importing Assets/Resources/Audio/Music/Loops/C/soundset_C_trippy_harmony 12_128bpm.wav using Guid(2c8bf8363fb9f45f49119419325bfbb4) Importer(2089858483,b0f066a214c2f5e87bad3c948f4d605d) (ScriptedImporter) -> (artifact id: '63c50a053a3f93eed17bd4bf0fe0b7d2') in 0.0764237 seconds
Number of updated asset objects reloaded before import = 0Number of asset objects unloaded after import = 1

========================================================================
Received Import Request.
  Time since last request: 0.000011 seconds.
  path: Assets/Meshes/Enviroment/Hill_Zone/Materials/Trees/tl04.mat
  artifactKey: Guid(aace7eb1e1b702441a3a67c4700bfabd) Importer(2089858483,b0f066a214c2f5e87bad3c948f4d605d)
Start importing Assets/Meshes/Enviroment/Hill_Zone/Materials/Trees/tl04.mat using Guid(aace7eb1e1b702441a3a67c4700bfabd) Importer(2089858483,b0f066a214c2f5e87bad3c948f4d605d) (ScriptedImporter) -> (artifact id: 'd3987e80a92cbaeeba497ed35a0dc5ba') in 0.0026344 seconds
Number of updated asset objects reloaded before import = 0Number of asset objects unloaded after import = 1

========================================================================
Received Import Request.
  Time since last request: 0.000015 seconds.
  path: Assets/Resources/Materials/Sky Boxs/hills_side.png
  artifactKey: Guid(64258be4296c9f448a0bbeb26f407162) Importer(2089858483,b0f066a214c2f5e87bad3c948f4d605d)
Start importing Assets/Resources/Materials/Sky Boxs/hills_side.png using Guid(64258be4296c9f448a0bbeb26f407162) Importer(2089858483,b0f066a214c2f5e87bad3c948f4d605d) (ScriptedImporter) -> (artifact id: 'a2fa0b95b705ca129313a7c703c31e26') in 0.0042107 seconds
Number of updated asset objects reloaded before import = 0Number of asset objects unloaded after import = 1

========================================================================
Received Import Request.
  Time since last request: 0.000010 seconds.
  path: Assets/Resources/Textures/tunnel_textures/tunel_texture_03.png
  artifactKey: Guid(9402ff53628c943008b2d82a2627a665) Importer(2089858483,b0f066a214c2f5e87bad3c948f4d605d)
Start importing Assets/Resources/Textures/tunnel_textures/tunel_texture_03.png using Guid(9402ff53628c943008b2d82a2627a665) Importer(2089858483,b0f066a214c2f5e87bad3c948f4d605d) (ScriptedImporter) -> (artifact id: 'ffdfe6565f56fdd818e1e6d15abff330') in 0.0043415 seconds
Number of updated asset objects reloaded before import = 0Number of asset objects unloaded after import = 1

========================================================================
Received Import Request.
  Time since last request: 0.000009 seconds.
  path: Assets/Resources/Audio/Music/Loops/B/B9_Rhythm_Hi Hat_Double_4_1bars_128bpm_switch.wav.asd.wav
  artifactKey: Guid(2b8d1bb84b5c7438696dabde63e1071d) Importer(2089858483,b0f066a214c2f5e87bad3c948f4d605d)
Start importing Assets/Resources/Audio/Music/Loops/B/B9_Rhythm_Hi Hat_Double_4_1bars_128bpm_switch.wav.asd.wav using Guid(2b8d1bb84b5c7438696dabde63e1071d) Importer(2089858483,b0f066a214c2f5e87bad3c948f4d605d) (ScriptedImporter) -> (artifact id: '80ade0f41fcc162f3c0d5a2b6aa7a5e4') in 0.0144066 seconds
Number of updated asset objects reloaded before import = 0Number of asset objects unloaded after import = 1

========================================================================
Received Import Request.
  Time since last request: 0.000010 seconds.
  path: Assets/Scripts/Scene/OnRhythm/TranslateOnRhythmPeriodic.cs
  artifactKey: Guid(c0743f56dd903493987703798a8397b3) Importer(2089858483,b0f066a214c2f5e87bad3c948f4d605d)
Start importing Assets/Scripts/Scene/OnRhythm/TranslateOnRhythmPeriodic.cs using Guid(c0743f56dd903493987703798a8397b3) Importer(2089858483,b0f066a214c2f5e87bad3c948f4d605d) (ScriptedImporter) -> (artifact id: 'be87474ebb977840f07c374a098a6181') in 0.0016511 seconds
Number of updated asset objects reloaded before import = 0Number of asset objects unloaded after import = 0

========================================================================
Received Import Request.
  Time since last request: 0.000009 seconds.
  path: Assets/Resources/Audio/Music/Loops/C/soundset_C_pixel_rhythm 11_128bpm.wav
  artifactKey: Guid(12b3f591b33ff47deb5748e33e6a4b0d) Importer(2089858483,b0f066a214c2f5e87bad3c948f4d605d)
Start importing Assets/Resources/Audio/Music/Loops/C/soundset_C_pixel_rhythm 11_128bpm.wav using Guid(12b3f591b33ff47deb5748e33e6a4b0d) Importer(2089858483,b0f066a214c2f5e87bad3c948f4d605d) (ScriptedImporter) -> (artifact id: '4098a3b90c63b8dc7ad9d268312f9f98') in 0.0191544 seconds
Number of updated asset objects reloaded before import = 0Number of asset objects unloaded after import = 1

========================================================================
Received Import Request.
  Time since last request: 0.000009 seconds.
  path: Assets/Prefabs/__test/Ball.prefab
  artifactKey: Guid(c39cf8b6ea9394371b192fdd812ee065) Importer(2089858483,b0f066a214c2f5e87bad3c948f4d605d)
Start importing Assets/Prefabs/__test/Ball.prefab using Guid(c39cf8b6ea9394371b192fdd812ee065) Importer(2089858483,b0f066a214c2f5e87bad3c948f4d605d) (ScriptedImporter) -> (artifact id: 'ba16613592e7eaef1920289acc84ceca') in 0.0061351 seconds
Number of updated asset objects reloaded before import = 0Number of asset objects unloaded after import = 9

========================================================================
Received Import Request.
  Time since last request: 0.000010 seconds.
  path: Assets/Resources/Audio/Music/Loops/A
  artifactKey: Guid(f6eab4945607f41a4b6d55ba727dfbeb) Importer(2089858483,b0f066a214c2f5e87bad3c948f4d605d)
Start importing Assets/Resources/Audio/Music/Loops/A using Guid(f6eab4945607f41a4b6d55ba727dfbeb) Importer(2089858483,b0f066a214c2f5e87bad3c948f4d605d) (ScriptedImporter) -> (artifact id: '4d14c76e42f1c384a9fce8b6a9a81142') in 0.0013843 seconds
Number of updated asset objects reloaded before import = 0Number of asset objects unloaded after import = 1

========================================================================
Received Import Request.
  Time since last request: 0.000011 seconds.
  path: Assets/Prefabs/Triggers/Old/TriggerGroup.prefab
  artifactKey: Guid(11055fbc088a047139c0bd48b82eff84) Importer(2089858483,b0f066a214c2f5e87bad3c948f4d605d)
Start importing Assets/Prefabs/Triggers/Old/TriggerGroup.prefab using Guid(11055fbc088a047139c0bd48b82eff84) Importer(2089858483,b0f066a214c2f5e87bad3c948f4d605d) (ScriptedImporter) -> (artifact id: 'c5cef966429d71aa805ae24f29455b74') in 0.012155 seconds
Number of updated asset objects reloaded before import = 0Number of asset objects unloaded after import = 29

========================================================================
Received Import Request.
  Time since last request: 0.000018 seconds.
  path: Assets/Prefabs/Enviroment/Test/TestHill.prefab
  artifactKey: Guid(a2f64f393417e41fa86aab6bd27625c8) Importer(2089858483,b0f066a214c2f5e87bad3c948f4d605d)
Start importing Assets/Prefabs/Enviroment/Test/TestHill.prefab using Guid(a2f64f393417e41fa86aab6bd27625c8) Importer(2089858483,b0f066a214c2f5e87bad3c948f4d605d) (ScriptedImporter) -> (artifact id: '5649effc019c17547ef8a7177c1a4796') in 0.0033902 seconds
Number of updated asset objects reloaded before import = 0Number of asset objects unloaded after import = 8

========================================================================
Received Import Request.
  Time since last request: 0.000009 seconds.
  path: Assets/Resources/Audio/Music/Loops/Copia de B/B47_Melody_Arpeggiator_Octave Up_2_8bars_128bpm_switch.wav.asd
  artifactKey: Guid(6ee08b6861f2b45a1837f218e61eac6a) Importer(2089858483,b0f066a214c2f5e87bad3c948f4d605d)
Start importing Assets/Resources/Audio/Music/Loops/Copia de B/B47_Melody_Arpeggiator_Octave Up_2_8bars_128bpm_switch.wav.asd using Guid(6ee08b6861f2b45a1837f218e61eac6a) Importer(2089858483,b0f066a214c2f5e87bad3c948f4d605d) (ScriptedImporter) -> (artifact id: 'f8d641fb358dbb0fa1b80d38734c2fd0') in 0.00163 seconds
Number of updated asset objects reloaded before import = 0Number of asset objects unloaded after import = 1

========================================================================
Received Import Request.
  Time since last request: 0.000011 seconds.
  path: Assets/Meshes/Enviroment/Hill_Zone/Materials/Textures/plane008_texture-02.jpg
  artifactKey: Guid(b0490b38762954ec7bd51cf5c26a653d) Importer(2089858483,b0f066a214c2f5e87bad3c948f4d605d)
Start importing Assets/Meshes/Enviroment/Hill_Zone/Materials/Textures/plane008_texture-02.jpg using Guid(b0490b38762954ec7bd51cf5c26a653d) Importer(2089858483,b0f066a214c2f5e87bad3c948f4d605d) (ScriptedImporter) -> (artifact id: '4dc23942d4876d2e8da83d2e7e03b238') in 0.0067513 seconds
Number of updated asset objects reloaded before import = 0Number of asset objects unloaded after import = 1

========================================================================
Received Import Request.
  Time since last request: 0.000010 seconds.
  path: Assets/Meshes/Enviroment/Hill_Zone/Horizon/sun_juan.fbx
  artifactKey: Guid(277513e182f8b4f8c87ca55fd5bf79f0) Importer(2089858483,b0f066a214c2f5e87bad3c948f4d605d)
Start importing Assets/Meshes/Enviroment/Hill_Zone/Horizon/sun_juan.fbx using Guid(277513e182f8b4f8c87ca55fd5bf79f0) Importer(2089858483,b0f066a214c2f5e87bad3c948f4d605d) (ScriptedImporter) -> (artifact id: 'b4f5481bc09ea2501ae6dc8003824614') in 0.0043629 seconds
Number of updated asset objects reloaded before import = 0Number of asset objects unloaded after import = 7

========================================================================
Received Import Request.
  Time since last request: 0.000011 seconds.
  path: Assets/Scripts/Editor/SnapToGridEditor.cs
  artifactKey: Guid(61ac5eb3fa5e749a4ac15312ba67396a) Importer(2089858483,b0f066a214c2f5e87bad3c948f4d605d)
Start importing Assets/Scripts/Editor/SnapToGridEditor.cs using Guid(61ac5eb3fa5e749a4ac15312ba67396a) Importer(2089858483,b0f066a214c2f5e87bad3c948f4d605d) (ScriptedImporter) -> (artifact id: '96d1cbc92d4b31c3140de5aabba05836') in 0.0016034 seconds
Number of updated asset objects reloaded before import = 0Number of asset objects unloaded after import = 0

========================================================================
Received Import Request.
  Time since last request: 0.000010 seconds.
  path: Assets/Meshes/Enviroment/Hill_Zone/buildings/Materials/tank01-Material.003.mat
  artifactKey: Guid(4d81eb7a2bcabf747bfc6f0c4c350742) Importer(2089858483,b0f066a214c2f5e87bad3c948f4d605d)
Start importing Assets/Meshes/Enviroment/Hill_Zone/buildings/Materials/tank01-Material.003.mat using Guid(4d81eb7a2bcabf747bfc6f0c4c350742) Importer(2089858483,b0f066a214c2f5e87bad3c948f4d605d) (ScriptedImporter) -> (artifact id: '677a5b6fc503d9a55a88542f09fca9e9') in 0.0030406 seconds
Number of updated asset objects reloaded before import = 0Number of asset objects unloaded after import = 2

========================================================================
Received Import Request.
  Time since last request: 0.000011 seconds.
  path: Assets/Scripts/Scene/Trigger/TriggerActions/TriggerChangeMaterial.cs
  artifactKey: Guid(c01bf99f495e84a778273a4dabe6816a) Importer(2089858483,b0f066a214c2f5e87bad3c948f4d605d)
Start importing Assets/Scripts/Scene/Trigger/TriggerActions/TriggerChangeMaterial.cs using Guid(c01bf99f495e84a778273a4dabe6816a) Importer(2089858483,b0f066a214c2f5e87bad3c948f4d605d) (ScriptedImporter) -> (artifact id: '71e8987499114dfa423faf64fad0ae0b') in 0.0015755 seconds
Number of updated asset objects reloaded before import = 0Number of asset objects unloaded after import = 0

========================================================================
Received Import Request.
  Time since last request: 0.000010 seconds.
  path: Assets/Prefabs/Enviroment/Hill_Zone/Doubles
  artifactKey: Guid(ae3974d384e090f4bbc3369e2a1076f9) Importer(2089858483,b0f066a214c2f5e87bad3c948f4d605d)
Start importing Assets/Prefabs/Enviroment/Hill_Zone/Doubles using Guid(ae3974d384e090f4bbc3369e2a1076f9) Importer(2089858483,b0f066a214c2f5e87bad3c948f4d605d) (ScriptedImporter) -> (artifact id: '522ea430bf89750f3e07c0cc2597d06e') in 0.0012427 seconds
Number of updated asset objects reloaded before import = 0Number of asset objects unloaded after import = 1

========================================================================
Received Import Request.
  Time since last request: 0.000010 seconds.
  path: Assets/Resources/Audio/Music/Loops/B/B17_Rhythm_Clap_Double_4_1bars_128bpm_switch.wav
  artifactKey: Guid(e6e127a71163648039c925d42453e9f0) Importer(2089858483,b0f066a214c2f5e87bad3c948f4d605d)
Start importing Assets/Resources/Audio/Music/Loops/B/B17_Rhythm_Clap_Double_4_1bars_128bpm_switch.wav using Guid(e6e127a71163648039c925d42453e9f0) Importer(2089858483,b0f066a214c2f5e87bad3c948f4d605d) (ScriptedImporter) -> (artifact id: 'baf6d29be6836b133d8526b6cacde148') in 0.0144733 seconds
Number of updated asset objects reloaded before import = 0Number of asset objects unloaded after import = 1

========================================================================
Received Import Request.
  Time since last request: 0.000016 seconds.
  path: Assets/Meshes/Enviroment/Hill_Zone/Materials/No Name.mat
  artifactKey: Guid(6fee813375d4a6c4c9469c936c1ff564) Importer(2089858483,b0f066a214c2f5e87bad3c948f4d605d)
Start importing Assets/Meshes/Enviroment/Hill_Zone/Materials/No Name.mat using Guid(6fee813375d4a6c4c9469c936c1ff564) Importer(2089858483,b0f066a214c2f5e87bad3c948f4d605d) (ScriptedImporter) -> (artifact id: 'ec453d4ee97125600b78cbbc62f541ed') in 0.0024782 seconds
Number of updated asset objects reloaded before import = 0Number of asset objects unloaded after import = 1

========================================================================
Received Import Request.
  Time since last request: 0.000011 seconds.
  path: Assets/Meshes/Enviroment/Hill_Zone/misc/windturbine_juan.fbx
  artifactKey: Guid(5df52b30c7137435bab99ad877655957) Importer(2089858483,b0f066a214c2f5e87bad3c948f4d605d)
Start importing Assets/Meshes/Enviroment/Hill_Zone/misc/windturbine_juan.fbx using Guid(5df52b30c7137435bab99ad877655957) Importer(2089858483,b0f066a214c2f5e87bad3c948f4d605d) (ScriptedImporter) -> (artifact id: 'a948fa66a97dbd79641d479fca9943a0') in 0.0050174 seconds
Number of updated asset objects reloaded before import = 0Number of asset objects unloaded after import = 34

========================================================================
Received Import Request.
  Time since last request: 0.000010 seconds.
  path: Assets/Resources/Audio/Music/Loops/B/B4_Rhythm_Kick_Snare_Basic_3_1bars_128bpm_switch.wav
  artifactKey: Guid(266db0fbc71084d218a83c0a78c010be) Importer(2089858483,b0f066a214c2f5e87bad3c948f4d605d)
Start importing Assets/Resources/Audio/Music/Loops/B/B4_Rhythm_Kick_Snare_Basic_3_1bars_128bpm_switch.wav using Guid(266db0fbc71084d218a83c0a78c010be) Importer(2089858483,b0f066a214c2f5e87bad3c948f4d605d) (ScriptedImporter) -> (artifact id: '6fd4cc41677e563bc20bf18af8e2d61f') in 0.0141597 seconds
Number of updated asset objects reloaded before import = 0Number of asset objects unloaded after import = 1

========================================================================
Received Import Request.
  Time since last request: 0.000008 seconds.
  path: Assets/Scripts/Scene/OnRhythm/TileTextureOnRhythmPeriodic.cs
  artifactKey: Guid(308042efd65cb40448e0363237e9d3ae) Importer(2089858483,b0f066a214c2f5e87bad3c948f4d605d)
Start importing Assets/Scripts/Scene/OnRhythm/TileTextureOnRhythmPeriodic.cs using Guid(308042efd65cb40448e0363237e9d3ae) Importer(2089858483,b0f066a214c2f5e87bad3c948f4d605d) (ScriptedImporter) -> (artifact id: 'b9e8e5e48415dc8e8e6f2a69c244a13c') in 0.0015337 seconds
Number of updated asset objects reloaded before import = 0Number of asset objects unloaded after import = 0

========================================================================
Received Import Request.
  Time since last request: 0.000007 seconds.
  path: Assets/Resources/Audio/Music/Loops/Copia de B/B41_Melody_Synth 2_Half Tempo_4_8bars_128bpm_switch.wav
  artifactKey: Guid(86d08c6a706b349a288924744368649c) Importer(2089858483,b0f066a214c2f5e87bad3c948f4d605d)
Start importing Assets/Resources/Audio/Music/Loops/Copia de B/B41_Melody_Synth 2_Half Tempo_4_8bars_128bpm_switch.wav using Guid(86d08c6a706b349a288924744368649c) Importer(2089858483,b0f066a214c2f5e87bad3c948f4d605d) (ScriptedImporter) -> (artifact id: '203924fec0085f4f63d7b357549f26b8') in 0.014226 seconds
Number of updated asset objects reloaded before import = 0Number of asset objects unloaded after import = 1

========================================================================
Received Import Request.
  Time since last request: 0.000009 seconds.
  path: Assets/Meshes/Enviroment/Hill_Zone/Materials/Trees
  artifactKey: Guid(c9e9a0dd4bcc45e468db422cdaabdc05) Importer(2089858483,b0f066a214c2f5e87bad3c948f4d605d)
Start importing Assets/Meshes/Enviroment/Hill_Zone/Materials/Trees using Guid(c9e9a0dd4bcc45e468db422cdaabdc05) Importer(2089858483,b0f066a214c2f5e87bad3c948f4d605d) (ScriptedImporter) -> (artifact id: '6f2af315040a50e42f4cbadfb302e4c2') in 0.0013171 seconds
Number of updated asset objects reloaded before import = 0Number of asset objects unloaded after import = 1

========================================================================
Received Import Request.
  Time since last request: 0.000008 seconds.
  path: Assets/Resources/Audio/Music/Loops/C/soundset_C_pixel_rhythm 13_128bpm.wav
  artifactKey: Guid(af5c2a045486b478b965fcdd04c5faf7) Importer(2089858483,b0f066a214c2f5e87bad3c948f4d605d)
Start importing Assets/Resources/Audio/Music/Loops/C/soundset_C_pixel_rhythm 13_128bpm.wav using Guid(af5c2a045486b478b965fcdd04c5faf7) Importer(2089858483,b0f066a214c2f5e87bad3c948f4d605d) (ScriptedImporter) -> (artifact id: '6fe3c99478272b5891dc18abcadee0c2') in 0.0187411 seconds
Number of updated asset objects reloaded before import = 0Number of asset objects unloaded after import = 1

========================================================================
Received Import Request.
  Time since last request: 0.000010 seconds.
  path: Assets/Meshes/Enviroment/Hill_Zone/Materials/Textures/bottom_box_texture-02.png
  artifactKey: Guid(14399ce0cdfaa4fcfb2b4a5f95bb66ad) Importer(2089858483,b0f066a214c2f5e87bad3c948f4d605d)
Start importing Assets/Meshes/Enviroment/Hill_Zone/Materials/Textures/bottom_box_texture-02.png using Guid(14399ce0cdfaa4fcfb2b4a5f95bb66ad) Importer(2089858483,b0f066a214c2f5e87bad3c948f4d605d) (ScriptedImporter) -> (artifact id: '0e7d800e6ccef11584b18b36f7e3d9ee') in 0.0039353 seconds
Number of updated asset objects reloaded before import = 0Number of asset objects unloaded after import = 1

========================================================================
Received Import Request.
  Time since last request: 0.000016 seconds.
  path: Assets/Resources/Audio/Music/Loops/C/soundset_C_trippy_harmony 3_128bpm.wav
  artifactKey: Guid(f2337a71e5cb54769a90455edb7b8cdd) Importer(2089858483,b0f066a214c2f5e87bad3c948f4d605d)
Start importing Assets/Resources/Audio/Music/Loops/C/soundset_C_trippy_harmony 3_128bpm.wav using Guid(f2337a71e5cb54769a90455edb7b8cdd) Importer(2089858483,b0f066a214c2f5e87bad3c948f4d605d) (ScriptedImporter) -> (artifact id: '280f3a6a286203486ebc6fb267f51cf2') in 0.0832106 seconds
Number of updated asset objects reloaded before import = 0Number of asset objects unloaded after import = 1

========================================================================
Received Import Request.
  Time since last request: 0.000009 seconds.
  path: Assets/Scripts/Editor/AudioSourceSyncEditor.cs
  artifactKey: Guid(5c2da2245462e47ed82b3c74eae2043f) Importer(2089858483,b0f066a214c2f5e87bad3c948f4d605d)
Start importing Assets/Scripts/Editor/AudioSourceSyncEditor.cs using Guid(5c2da2245462e47ed82b3c74eae2043f) Importer(2089858483,b0f066a214c2f5e87bad3c948f4d605d) (ScriptedImporter) -> (artifact id: '8a5b1d10b0edb700d3c1588060b9d6bb') in 0.002594 seconds
Number of updated asset objects reloaded before import = 0Number of asset objects unloaded after import = 0

========================================================================
Received Import Request.
  Time since last request: 0.000010 seconds.
  path: Assets/Resources/Data/EnvironmentData.asset
  artifactKey: Guid(a907b55e7d3d24cff93b3850b723d6f8) Importer(2089858483,b0f066a214c2f5e87bad3c948f4d605d)
Start importing Assets/Resources/Data/EnvironmentData.asset using Guid(a907b55e7d3d24cff93b3850b723d6f8) Importer(2089858483,b0f066a214c2f5e87bad3c948f4d605d) (ScriptedImporter) -> (artifact id: '62e72a51cee259936566949ce5f4994f') in 0.3677472 seconds
Number of updated asset objects reloaded before import = 0Number of asset objects unloaded after import = 81683

========================================================================
Received Import Request.
  Time since last request: 0.000019 seconds.
  path: Assets/Resources/Audio/Music/Loops/A/A11_Rhythm_Hi Hat_Double_4_4bars_130bpm_stack.wav
  artifactKey: Guid(364b74ca907db4cf9bc1d23951d8b01e) Importer(2089858483,b0f066a214c2f5e87bad3c948f4d605d)
Start importing Assets/Resources/Audio/Music/Loops/A/A11_Rhythm_Hi Hat_Double_4_4bars_130bpm_stack.wav using Guid(364b74ca907db4cf9bc1d23951d8b01e) Importer(2089858483,b0f066a214c2f5e87bad3c948f4d605d) (ScriptedImporter) -> (artifact id: '30c28f5e3fef296f7d6f7c2b630383bb') in 0.0153682 seconds
Number of updated asset objects reloaded before import = 0Number of asset objects unloaded after import = 1

========================================================================
Received Import Request.
  Time since last request: 0.000015 seconds.
  path: Assets/Resources/Audio/Music/Loops/B/B26_Harmony_Bass 2_Basic_1_8bars_128bpm_switch.wav.asd
  artifactKey: Guid(fa32e3f52c86f4f8483b470e57316005) Importer(2089858483,b0f066a214c2f5e87bad3c948f4d605d)
Start importing Assets/Resources/Audio/Music/Loops/B/B26_Harmony_Bass 2_Basic_1_8bars_128bpm_switch.wav.asd using Guid(fa32e3f52c86f4f8483b470e57316005) Importer(2089858483,b0f066a214c2f5e87bad3c948f4d605d) (ScriptedImporter) -> (artifact id: 'ca569d84d8dca17349c12d8e8f7d4bd2') in 0.0016216 seconds
Number of updated asset objects reloaded before import = 0Number of asset objects unloaded after import = 1

========================================================================
Received Import Request.
  Time since last request: 0.000012 seconds.
  path: Assets/Resources/Audio/Music/Loops/C/soundset_C_trippy_melody 2_128bpm.wav
  artifactKey: Guid(fd441bc96d5ee4c128908007d5ceec0c) Importer(2089858483,b0f066a214c2f5e87bad3c948f4d605d)
Start importing Assets/Resources/Audio/Music/Loops/C/soundset_C_trippy_melody 2_128bpm.wav using Guid(fd441bc96d5ee4c128908007d5ceec0c) Importer(2089858483,b0f066a214c2f5e87bad3c948f4d605d) (ScriptedImporter) -> (artifact id: '784d6e592a24bd404aa43115e8b46038') in 0.0839058 seconds
Number of updated asset objects reloaded before import = 0Number of asset objects unloaded after import = 1

========================================================================
Received Import Request.
  Time since last request: 0.000010 seconds.
  path: Assets/Resources/Audio/Music/Loops/C/soundset_C_trippy_harmony 16_128bpm.wav
  artifactKey: Guid(2e8d671ca18a34861ae2cd74bb268c6a) Importer(2089858483,b0f066a214c2f5e87bad3c948f4d605d)
Start importing Assets/Resources/Audio/Music/Loops/C/soundset_C_trippy_harmony 16_128bpm.wav using Guid(2e8d671ca18a34861ae2cd74bb268c6a) Importer(2089858483,b0f066a214c2f5e87bad3c948f4d605d) (ScriptedImporter) -> (artifact id: '64a839c3239c52d2ecaf38277db5f396') in 0.0831802 seconds
Number of updated asset objects reloaded before import = 0Number of asset objects unloaded after import = 1

========================================================================
Received Import Request.
  Time since last request: 0.000015 seconds.
  path: Assets/Resources/Audio/Music/Loops/B/B37_Melody_Synth_Glitch_4_8bars_128bpm_switch.wav
  artifactKey: Guid(d86b4f755134741469232788980a9f7e) Importer(2089858483,b0f066a214c2f5e87bad3c948f4d605d)
Start importing Assets/Resources/Audio/Music/Loops/B/B37_Melody_Synth_Glitch_4_8bars_128bpm_switch.wav using Guid(d86b4f755134741469232788980a9f7e) Importer(2089858483,b0f066a214c2f5e87bad3c948f4d605d) (ScriptedImporter) -> (artifact id: 'a1d15f057d51b7c84bb3952a599422c8') in 0.0149538 seconds
Number of updated asset objects reloaded before import = 0Number of asset objects unloaded after import = 1

========================================================================
Received Import Request.
  Time since last request: 0.000017 seconds.
  path: Assets/Resources/Data/PlayerCharacterData.asset
  artifactKey: Guid(482f60b9bb4ad456ab31e2a9d97e71be) Importer(2089858483,b0f066a214c2f5e87bad3c948f4d605d)
Start importing Assets/Resources/Data/PlayerCharacterData.asset using Guid(482f60b9bb4ad456ab31e2a9d97e71be) Importer(2089858483,b0f066a214c2f5e87bad3c948f4d605d) (ScriptedImporter) -> (artifact id: '7cb8eaa93d110ff8a1a81a2197cab324') in 0.0061101 seconds
Number of updated asset objects reloaded before import = 0Number of asset objects unloaded after import = 81

========================================================================
Received Import Request.
  Time since last request: 0.000010 seconds.
  path: Assets/Resources
  artifactKey: Guid(f216cfd618a4b4fc98f7ca6e61d1c597) Importer(2089858483,b0f066a214c2f5e87bad3c948f4d605d)
Start importing Assets/Resources using Guid(f216cfd618a4b4fc98f7ca6e61d1c597) Importer(2089858483,b0f066a214c2f5e87bad3c948f4d605d) (ScriptedImporter) -> (artifact id: 'ba7211f1a41036be76a4f38877cfb919') in 0.0013603 seconds
Number of updated asset objects reloaded before import = 0Number of asset objects unloaded after import = 1

========================================================================
Received Import Request.
  Time since last request: 0.000010 seconds.
  path: Assets/Meshes/Misc/tmp/tower_01.FBX
  artifactKey: Guid(443cbb8df74d94de3b2b6d252e424505) Importer(2089858483,b0f066a214c2f5e87bad3c948f4d605d)
Start importing Assets/Meshes/Misc/tmp/tower_01.FBX using Guid(443cbb8df74d94de3b2b6d252e424505) Importer(2089858483,b0f066a214c2f5e87bad3c948f4d605d) (ScriptedImporter) -> (artifact id: '888db320ef2ea7333026d95988b64181') in 0.0089365 seconds
Number of updated asset objects reloaded before import = 0Number of asset objects unloaded after import = 10

========================================================================
Received Import Request.
  Time since last request: 0.000010 seconds.
  path: Assets/Resources/Audio/Music/Loops/D/synth_3.wav
  artifactKey: Guid(a9f164faa75a948998b09d75fc8d4846) Importer(2089858483,b0f066a214c2f5e87bad3c948f4d605d)
Start importing Assets/Resources/Audio/Music/Loops/D/synth_3.wav using Guid(a9f164faa75a948998b09d75fc8d4846) Importer(2089858483,b0f066a214c2f5e87bad3c948f4d605d) (ScriptedImporter) -> (artifact id: 'cabb0882d7b6269b746ae0681657ff25') in 0.0479229 seconds
Number of updated asset objects reloaded before import = 0Number of asset objects unloaded after import = 1

========================================================================
Received Import Request.
  Time since last request: 0.000009 seconds.
  path: Assets/Scenes/TestScenes/piano_tester.unity
  artifactKey: Guid(abd6058f285364c978d81d342bc6ccba) Importer(2089858483,b0f066a214c2f5e87bad3c948f4d605d)
Start importing Assets/Scenes/TestScenes/piano_tester.unity using Guid(abd6058f285364c978d81d342bc6ccba) Importer(2089858483,b0f066a214c2f5e87bad3c948f4d605d) (ScriptedImporter) -> (artifact id: '3c7397ea4c4508bec34c74ea8111cc69') in 0.0021032 seconds
Number of updated asset objects reloaded before import = 0Number of asset objects unloaded after import = 1

========================================================================
Received Import Request.
  Time since last request: 0.000010 seconds.
  path: Assets/Meshes/Enviroment/Hill_Zone/Materials/Water Tank/tank01-Material.003.mat
  artifactKey: Guid(b37f40ae1af2c40038af4803f7f3706f) Importer(2089858483,b0f066a214c2f5e87bad3c948f4d605d)
Start importing Assets/Meshes/Enviroment/Hill_Zone/Materials/Water Tank/tank01-Material.003.mat using Guid(b37f40ae1af2c40038af4803f7f3706f) Importer(2089858483,b0f066a214c2f5e87bad3c948f4d605d) (ScriptedImporter) -> (artifact id: '9744f6ae0fb1086412bcc7c243300832') in 0.0046194 seconds
Number of updated asset objects reloaded before import = 0Number of asset objects unloaded after import = 2

========================================================================
Received Import Request.
  Time since last request: 0.000015 seconds.
  path: Assets/Meshes/Models
  artifactKey: Guid(9fe25d49e7bfe4a7ab3797bfebf1ff85) Importer(2089858483,b0f066a214c2f5e87bad3c948f4d605d)
Start importing Assets/Meshes/Models using Guid(9fe25d49e7bfe4a7ab3797bfebf1ff85) Importer(2089858483,b0f066a214c2f5e87bad3c948f4d605d) (ScriptedImporter) -> (artifact id: '54a9c61fdf236815b9c36c9296abff78') in 0.0016703 seconds
Number of updated asset objects reloaded before import = 0Number of asset objects unloaded after import = 1

========================================================================
Received Import Request.
  Time since last request: 0.000015 seconds.
  path: Assets/Resources/Audio/Music/Loops/C/soundset_C_pixel_rhythm 14_128bpm.wav
  artifactKey: Guid(3db26d9554c0f4c45a69edb41474eb80) Importer(2089858483,b0f066a214c2f5e87bad3c948f4d605d)
Start importing Assets/Resources/Audio/Music/Loops/C/soundset_C_pixel_rhythm 14_128bpm.wav using Guid(3db26d9554c0f4c45a69edb41474eb80) Importer(2089858483,b0f066a214c2f5e87bad3c948f4d605d) (ScriptedImporter) -> (artifact id: '56b85923439fe30d97a28a1cdab64cb6') in 0.0188976 seconds
Number of updated asset objects reloaded before import = 0Number of asset objects unloaded after import = 1

========================================================================
Received Import Request.
  Time since last request: 0.000008 seconds.
  path: Assets/Resources/Audio/Music/Loops/B/B48_Melody_Arpeggiator_Arpeggio_3_8bars_128bpm_switch.wav.asd
  artifactKey: Guid(7f4ac6748a5b6462b9df61dcf9c2f4f7) Importer(2089858483,b0f066a214c2f5e87bad3c948f4d605d)
Start importing Assets/Resources/Audio/Music/Loops/B/B48_Melody_Arpeggiator_Arpeggio_3_8bars_128bpm_switch.wav.asd using Guid(7f4ac6748a5b6462b9df61dcf9c2f4f7) Importer(2089858483,b0f066a214c2f5e87bad3c948f4d605d) (ScriptedImporter) -> (artifact id: '948566cb1b016738ff98d890e121ab3f') in 0.0016229 seconds
Number of updated asset objects reloaded before import = 0Number of asset objects unloaded after import = 1

========================================================================
Received Import Request.
  Time since last request: 0.000008 seconds.
  path: Assets/Resources/Audio/Music/Loops/Copia de B/B10_Rhythm_Percussion_Basic_1_1bars_128bpm_switch.wav.asd
  artifactKey: Guid(be96c019dcb554a21b1647eb92b16f32) Importer(2089858483,b0f066a214c2f5e87bad3c948f4d605d)
Start importing Assets/Resources/Audio/Music/Loops/Copia de B/B10_Rhythm_Percussion_Basic_1_1bars_128bpm_switch.wav.asd using Guid(be96c019dcb554a21b1647eb92b16f32) Importer(2089858483,b0f066a214c2f5e87bad3c948f4d605d) (ScriptedImporter) -> (artifact id: '2edc0dc829fc398993d3facc54a5a121') in 0.0015929 seconds
Number of updated asset objects reloaded before import = 0Number of asset objects unloaded after import = 1

========================================================================
Received Import Request.
  Time since last request: 0.000009 seconds.
  path: Assets/Resources/Audio
  artifactKey: Guid(7874b5d46735c4df4a9918a803e462bc) Importer(2089858483,b0f066a214c2f5e87bad3c948f4d605d)
Start importing Assets/Resources/Audio using Guid(7874b5d46735c4df4a9918a803e462bc) Importer(2089858483,b0f066a214c2f5e87bad3c948f4d605d) (ScriptedImporter) -> (artifact id: '681aef52a232dae01356122b058d8e0b') in 0.0016611 seconds
Number of updated asset objects reloaded before import = 0Number of asset objects unloaded after import = 1

========================================================================
Received Import Request.
  Time since last request: 0.000010 seconds.
  path: Assets/Resources/Audio/Music/Loops/A/A13_Rhythm_Percussion_Minimal_2_1bars_130bpm_stack.wav
  artifactKey: Guid(ff8fb49e0d38245948ac371765dc5a9d) Importer(2089858483,b0f066a214c2f5e87bad3c948f4d605d)
Start importing Assets/Resources/Audio/Music/Loops/A/A13_Rhythm_Percussion_Minimal_2_1bars_130bpm_stack.wav using Guid(ff8fb49e0d38245948ac371765dc5a9d) Importer(2089858483,b0f066a214c2f5e87bad3c948f4d605d) (ScriptedImporter) -> (artifact id: '11f622a445f2bd9948103610ab4c4705') in 0.0162195 seconds
Number of updated asset objects reloaded before import = 0Number of asset objects unloaded after import = 1

========================================================================
Received Import Request.
  Time since last request: 0.000009 seconds.
  path: Assets/Meshes/Models/GrassSphere.fbx
  artifactKey: Guid(e9eff77c97b5d40468ed28ed96e59c2f) Importer(2089858483,b0f066a214c2f5e87bad3c948f4d605d)
Start importing Assets/Meshes/Models/GrassSphere.fbx using Guid(e9eff77c97b5d40468ed28ed96e59c2f) Importer(2089858483,b0f066a214c2f5e87bad3c948f4d605d) (ScriptedImporter) -> (artifact id: '60409a86f00005c062c6749728cdd1ff') in 0.0076476 seconds
Number of updated asset objects reloaded before import = 0Number of asset objects unloaded after import = 9

========================================================================
Received Import Request.
  Time since last request: 0.000011 seconds.
  path: Assets/Resources/Audio/Music/Loops/B/B29_Harmony_Bass 2_Octave Up_4_8bars_128bpm_switch.wav.asd
  artifactKey: Guid(237d0fd975db34b7eaa4bb00ddaa0f4c) Importer(2089858483,b0f066a214c2f5e87bad3c948f4d605d)
Start importing Assets/Resources/Audio/Music/Loops/B/B29_Harmony_Bass 2_Octave Up_4_8bars_128bpm_switch.wav.asd using Guid(237d0fd975db34b7eaa4bb00ddaa0f4c) Importer(2089858483,b0f066a214c2f5e87bad3c948f4d605d) (ScriptedImporter) -> (artifact id: '8d0eaaf77be2a0ede2121181afafcdf3') in 0.0018622 seconds
Number of updated asset objects reloaded before import = 0Number of asset objects unloaded after import = 1

========================================================================
Received Import Request.
  Time since last request: 0.000012 seconds.
  path: Assets/Scripts/Scene/OnRhythm/Affectors/OnRhythmPeriodicAffectorCombo.cs
  artifactKey: Guid(9b0a942fb582b40cca0100b53faa06a2) Importer(2089858483,b0f066a214c2f5e87bad3c948f4d605d)
Start importing Assets/Scripts/Scene/OnRhythm/Affectors/OnRhythmPeriodicAffectorCombo.cs using Guid(9b0a942fb582b40cca0100b53faa06a2) Importer(2089858483,b0f066a214c2f5e87bad3c948f4d605d) (ScriptedImporter) -> (artifact id: 'e3ac5071a4442c4e8c54e7bd32833ca3') in 0.0014825 seconds
Number of updated asset objects reloaded before import = 0Number of asset objects unloaded after import = 0

========================================================================
Received Import Request.
  Time since last request: 0.000011 seconds.
  path: Assets/Scripts/Global
  artifactKey: Guid(f78b2a7753c074d8997cc9a3fe512ef2) Importer(2089858483,b0f066a214c2f5e87bad3c948f4d605d)
Start importing Assets/Scripts/Global using Guid(f78b2a7753c074d8997cc9a3fe512ef2) Importer(2089858483,b0f066a214c2f5e87bad3c948f4d605d) (ScriptedImporter) -> (artifact id: 'e923d38432265bb1c44b5de146a342fd') in 0.001381 seconds
Number of updated asset objects reloaded before import = 0Number of asset objects unloaded after import = 1

========================================================================
Received Import Request.
  Time since last request: 0.000015 seconds.
  path: Assets/Resources/Audio/Music/Loops/Copia de B/B3_Rhythm_Kick_Snare_Basic_2_1bars_128bpm_switch.wav.asd
  artifactKey: Guid(4b3300259d9cf4c6fa3c0648ac3954ce) Importer(2089858483,b0f066a214c2f5e87bad3c948f4d605d)
Start importing Assets/Resources/Audio/Music/Loops/Copia de B/B3_Rhythm_Kick_Snare_Basic_2_1bars_128bpm_switch.wav.asd using Guid(4b3300259d9cf4c6fa3c0648ac3954ce) Importer(2089858483,b0f066a214c2f5e87bad3c948f4d605d) (ScriptedImporter) -> (artifact id: '9e3140098cb5ecc187e234ccf9c5bc69') in 0.0014596 seconds
Number of updated asset objects reloaded before import = 0Number of asset objects unloaded after import = 1

========================================================================
Received Import Request.
  Time since last request: 0.000009 seconds.
  path: Assets/Resources/GUI/FEP_cielo.mat
  artifactKey: Guid(551f92c440f124e1bb81248dce92ec35) Importer(2089858483,b0f066a214c2f5e87bad3c948f4d605d)
Start importing Assets/Resources/GUI/FEP_cielo.mat using Guid(551f92c440f124e1bb81248dce92ec35) Importer(2089858483,b0f066a214c2f5e87bad3c948f4d605d) (ScriptedImporter) -> (artifact id: '6402bb5652fdb4a56ee6a14161b89198') in 0.0036441 seconds
Number of updated asset objects reloaded before import = 0Number of asset objects unloaded after import = 3

========================================================================
Received Import Request.
  Time since last request: 0.000009 seconds.
  path: Assets/Resources/Audio/Music/Loops/A/A5_Rhythm_Snare_Glitch_2_2bars_130bpm_switch.wav
  artifactKey: Guid(f003beb4f2ce24c3ab8b96dbca8598da) Importer(2089858483,b0f066a214c2f5e87bad3c948f4d605d)
Start importing Assets/Resources/Audio/Music/Loops/A/A5_Rhythm_Snare_Glitch_2_2bars_130bpm_switch.wav using Guid(f003beb4f2ce24c3ab8b96dbca8598da) Importer(2089858483,b0f066a214c2f5e87bad3c948f4d605d) (ScriptedImporter) -> (artifact id: '4f5d2194cb854f859ba03f967fff332d') in 0.0141372 seconds
Number of updated asset objects reloaded before import = 0Number of asset objects unloaded after import = 1

========================================================================
Received Import Request.
  Time since last request: 0.000008 seconds.
  path: Assets/Prefabs/Patterns/Pattern_00007777.prefab
  artifactKey: Guid(8cf4cb52e434ae94589f23744b2a8e7c) Importer(2089858483,b0f066a214c2f5e87bad3c948f4d605d)
Start importing Assets/Prefabs/Patterns/Pattern_00007777.prefab using Guid(8cf4cb52e434ae94589f23744b2a8e7c) Importer(2089858483,b0f066a214c2f5e87bad3c948f4d605d) (ScriptedImporter) -> (artifact id: '3d5c7be30ddc6f2d48df3e678fbb998d') in 0.0061282 seconds
Number of updated asset objects reloaded before import = 0Number of asset objects unloaded after import = 167

========================================================================
Received Import Request.
  Time since last request: 0.000008 seconds.
  path: Assets/Prefabs/Patterns/Pattern_x777777x.prefab
  artifactKey: Guid(74d9febac6243f04794bd06c4a05b214) Importer(2089858483,b0f066a214c2f5e87bad3c948f4d605d)
Start importing Assets/Prefabs/Patterns/Pattern_x777777x.prefab using Guid(74d9febac6243f04794bd06c4a05b214) Importer(2089858483,b0f066a214c2f5e87bad3c948f4d605d) (ScriptedImporter) -> (artifact id: '7155c2ae303e81153825d1fb7dbab5ce') in 0.0045988 seconds
Number of updated asset objects reloaded before import = 0Number of asset objects unloaded after import = 127

========================================================================
Received Import Request.
  Time since last request: 0.000009 seconds.
  path: Assets/Prefabs/Enviroment/Trippy_Zone/Juan/Rooftop.prefab
  artifactKey: Guid(58b07ded3f61d499c9e223b71d34f2e4) Importer(2089858483,b0f066a214c2f5e87bad3c948f4d605d)
Start importing Assets/Prefabs/Enviroment/Trippy_Zone/Juan/Rooftop.prefab using Guid(58b07ded3f61d499c9e223b71d34f2e4) Importer(2089858483,b0f066a214c2f5e87bad3c948f4d605d) (ScriptedImporter) -> (artifact id: '3b2ef1294e7299b6a85b72fb81435f96') in 0.0032197 seconds
Number of updated asset objects reloaded before import = 0Number of asset objects unloaded after import = 10

========================================================================
Received Import Request.
  Time since last request: 0.000008 seconds.
  path: Assets/Meshes/Enviroment/Hill_Zone/Materials/Textures/sunflower_middle_texture-04.png
  artifactKey: Guid(e34fd6271e9c5496fa4302c6a2a380d7) Importer(2089858483,b0f066a214c2f5e87bad3c948f4d605d)
Start importing Assets/Meshes/Enviroment/Hill_Zone/Materials/Textures/sunflower_middle_texture-04.png using Guid(e34fd6271e9c5496fa4302c6a2a380d7) Importer(2089858483,b0f066a214c2f5e87bad3c948f4d605d) (ScriptedImporter) -> (artifact id: '355cd3dd32d62d51bf724f4b85680055') in 0.0046738 seconds
Number of updated asset objects reloaded before import = 0Number of asset objects unloaded after import = 1

========================================================================
Received Import Request.
  Time since last request: 0.000008 seconds.
  path: Assets/Scenes/Levels/party_test
  artifactKey: Guid(143b7da10f57f46df87da424ca5aad26) Importer(2089858483,b0f066a214c2f5e87bad3c948f4d605d)
Start importing Assets/Scenes/Levels/party_test using Guid(143b7da10f57f46df87da424ca5aad26) Importer(2089858483,b0f066a214c2f5e87bad3c948f4d605d) (ScriptedImporter) -> (artifact id: 'b9aafa2865303b3799d9e0731a283025') in 0.0015368 seconds
Number of updated asset objects reloaded before import = 0Number of asset objects unloaded after import = 1

========================================================================
Received Import Request.
  Time since last request: 0.000009 seconds.
  path: Assets/Resources/Audio/Music/Loops/Copia de B/B3_Rhythm_Kick_Snare_Basic_2_1bars_128bpm_switch.wav
  artifactKey: Guid(3368247bb042647f59053ba8cd5cef54) Importer(2089858483,b0f066a214c2f5e87bad3c948f4d605d)
Start importing Assets/Resources/Audio/Music/Loops/Copia de B/B3_Rhythm_Kick_Snare_Basic_2_1bars_128bpm_switch.wav using Guid(3368247bb042647f59053ba8cd5cef54) Importer(2089858483,b0f066a214c2f5e87bad3c948f4d605d) (ScriptedImporter) -> (artifact id: '0ca8dbc04a5b2a6c82651991e85e1bc7') in 0.0137703 seconds
Number of updated asset objects reloaded before import = 0Number of asset objects unloaded after import = 1

========================================================================
Received Import Request.
  Time since last request: 0.000015 seconds.
  path: Assets/Meshes/Misc/Roof
  artifactKey: Guid(765908d427985724f84b7b09bfb27836) Importer(2089858483,b0f066a214c2f5e87bad3c948f4d605d)
Start importing Assets/Meshes/Misc/Roof using Guid(765908d427985724f84b7b09bfb27836) Importer(2089858483,b0f066a214c2f5e87bad3c948f4d605d) (ScriptedImporter) -> (artifact id: '02c2c443e86579c855416d67e830956f') in 0.0017492 seconds
Number of updated asset objects reloaded before import = 0Number of asset objects unloaded after import = 1

========================================================================
Received Import Request.
  Time since last request: 0.000010 seconds.
  path: Assets/MidiJack/Midi.cs
  artifactKey: Guid(d43ae47466f0240e4a86b22717357439) Importer(2089858483,b0f066a214c2f5e87bad3c948f4d605d)
Start importing Assets/MidiJack/Midi.cs using Guid(d43ae47466f0240e4a86b22717357439) Importer(2089858483,b0f066a214c2f5e87bad3c948f4d605d) (ScriptedImporter) -> (artifact id: 'b2946c7638bed204bc12e84f59871990') in 0.0016928 seconds
Number of updated asset objects reloaded before import = 0Number of asset objects unloaded after import = 0

========================================================================
Received Import Request.
  Time since last request: 0.000008 seconds.
  path: Assets/Scripts/ScriptableObject/EnvironmentSet.cs
  artifactKey: Guid(6c716eca65d2f4271ad9c2db5bb83f8c) Importer(2089858483,b0f066a214c2f5e87bad3c948f4d605d)
Start importing Assets/Scripts/ScriptableObject/EnvironmentSet.cs using Guid(6c716eca65d2f4271ad9c2db5bb83f8c) Importer(2089858483,b0f066a214c2f5e87bad3c948f4d605d) (ScriptedImporter) -> (artifact id: '93437f5ed68785424f30aeada499688d') in 0.0014956 seconds
Number of updated asset objects reloaded before import = 0Number of asset objects unloaded after import = 0

========================================================================
Received Import Request.
  Time since last request: 0.000008 seconds.
  path: Assets/Resources/Audio/Music/Loops/B/B42_Melody_Bells_Octave Down_1_8bars_128bpm_switch.wav.asd
  artifactKey: Guid(5dee9b3fcf6554343ad030049b2cc295) Importer(2089858483,b0f066a214c2f5e87bad3c948f4d605d)
Start importing Assets/Resources/Audio/Music/Loops/B/B42_Melody_Bells_Octave Down_1_8bars_128bpm_switch.wav.asd using Guid(5dee9b3fcf6554343ad030049b2cc295) Importer(2089858483,b0f066a214c2f5e87bad3c948f4d605d) (ScriptedImporter) -> (artifact id: 'ab32a98d9a039125f99065f7f5de4e18') in 0.0012549 seconds
Number of updated asset objects reloaded before import = 0Number of asset objects unloaded after import = 1

========================================================================
Received Import Request.
  Time since last request: 0.000010 seconds.
  path: Assets/MidiJack/Plugins/MidiJackPlugin.bundle
  artifactKey: Guid(744350758f8fa49e69d70d2300c2133e) Importer(2089858483,b0f066a214c2f5e87bad3c948f4d605d)
Start importing Assets/MidiJack/Plugins/MidiJackPlugin.bundle using Guid(744350758f8fa49e69d70d2300c2133e) Importer(2089858483,b0f066a214c2f5e87bad3c948f4d605d) (ScriptedImporter) -> (artifact id: '00000000000000000000000000000000') in 0.0025252 seconds
Import Error Code:(4)
Message: Build asset version error: assets/midijack/plugins/midijackplugin.bundle in SourceAssetDB has modification time of '2025-08-25T23:07:30Z' while content on disk has modification time of '2026-03-15T17:55:59.8125931Z'
  ERROR: Build asset version error: assets/midijack/plugins/midijackplugin.bundle in SourceAssetDB has modification time of '2025-08-25T23:07:30Z' while content on disk has modification time of '2026-03-15T17:55:59.8125931Z'
Number of updated asset objects reloaded before import = 0Number of asset objects unloaded after import = 0

========================================================================
Received Import Request.
  Time since last request: 0.000008 seconds.
  path: Assets/Prefabs/Patterns/Pattern_xxxx3210.prefab
  artifactKey: Guid(47004ebebd5d86c42a8e5a673aa96ff1) Importer(2089858483,b0f066a214c2f5e87bad3c948f4d605d)
Start importing Assets/Prefabs/Patterns/Pattern_xxxx3210.prefab using Guid(47004ebebd5d86c42a8e5a673aa96ff1) Importer(2089858483,b0f066a214c2f5e87bad3c948f4d605d) (ScriptedImporter) -> (artifact id: 'daec283602867f907563f6002296f75e') in 0.0045823 seconds
Number of updated asset objects reloaded before import = 0Number of asset objects unloaded after import = 87

========================================================================
Received Import Request.
  Time since last request: 0.000007 seconds.
  path: Assets/Resources/Textures/Particles/music_notation_particles_on.png
  artifactKey: Guid(d3df89b634ecf43948cae1880450a4d0) Importer(2089858483,b0f066a214c2f5e87bad3c948f4d605d)
Start importing Assets/Resources/Textures/Particles/music_notation_particles_on.png using Guid(d3df89b634ecf43948cae1880450a4d0) Importer(2089858483,b0f066a214c2f5e87bad3c948f4d605d) (ScriptedImporter) -> (artifact id: '8264bc8872a829256962211a12860dd4') in 0.0052834 seconds
Number of updated asset objects reloaded before import = 0Number of asset objects unloaded after import = 1

========================================================================
Received Import Request.
  Time since last request: 0.000010 seconds.
  path: Assets/Prefabs/Patterns/Pattern_00000000.prefab
  artifactKey: Guid(0ebb1aeca3a6e40e2b9386e3d4b5691f) Importer(2089858483,b0f066a214c2f5e87bad3c948f4d605d)
Start importing Assets/Prefabs/Patterns/Pattern_00000000.prefab using Guid(0ebb1aeca3a6e40e2b9386e3d4b5691f) Importer(2089858483,b0f066a214c2f5e87bad3c948f4d605d) (ScriptedImporter) -> (artifact id: '1deda584c718658d721983ddcfd228db') in 0.0060219 seconds
Number of updated asset objects reloaded before import = 0Number of asset objects unloaded after import = 172

========================================================================
Received Import Request.
  Time since last request: 0.000011 seconds.
  path: Assets/Resources/Audio/Music/Loops/B/B26_Harmony_Bass 2_Basic_1_8bars_128bpm_switch.wav
  artifactKey: Guid(39264ce14767f4abf9eed3cea758b06c) Importer(2089858483,b0f066a214c2f5e87bad3c948f4d605d)
Start importing Assets/Resources/Audio/Music/Loops/B/B26_Harmony_Bass 2_Basic_1_8bars_128bpm_switch.wav using Guid(39264ce14767f4abf9eed3cea758b06c) Importer(2089858483,b0f066a214c2f5e87bad3c948f4d605d) (ScriptedImporter) -> (artifact id: '328d54041552ac2285537af46657352f') in 0.0146401 seconds
Number of updated asset objects reloaded before import = 0Number of asset objects unloaded after import = 1

========================================================================
Received Import Request.
  Time since last request: 0.000017 seconds.
  path: Assets/Resources/Audio/Music/Loops/B/B39_Melody_Synth 2_Filtered_2_8bars_128bpm_switch.wav
  artifactKey: Guid(e6f0d81de2bb7418f955c01bc937cd24) Importer(2089858483,b0f066a214c2f5e87bad3c948f4d605d)
Start importing Assets/Resources/Audio/Music/Loops/B/B39_Melody_Synth 2_Filtered_2_8bars_128bpm_switch.wav using Guid(e6f0d81de2bb7418f955c01bc937cd24) Importer(2089858483,b0f066a214c2f5e87bad3c948f4d605d) (ScriptedImporter) -> (artifact id: '3e2a9f13c53727f20b67230035c75d7f') in 0.014773 seconds
Number of updated asset objects reloaded before import = 0Number of asset objects unloaded after import = 1

========================================================================
Received Import Request.
  Time since last request: 0.000011 seconds.
  path: Assets/Meshes/Enviroment/Hill_Zone/Materials/Bridge_Pillars.mat
  artifactKey: Guid(c454b28fa9e69384ca963cd5a2559d98) Importer(2089858483,b0f066a214c2f5e87bad3c948f4d605d)
Start importing Assets/Meshes/Enviroment/Hill_Zone/Materials/Bridge_Pillars.mat using Guid(c454b28fa9e69384ca963cd5a2559d98) Importer(2089858483,b0f066a214c2f5e87bad3c948f4d605d) (ScriptedImporter) -> (artifact id: '659b55c9a44a1130eee8b23aa8025986') in 0.0026644 seconds
Number of updated asset objects reloaded before import = 0Number of asset objects unloaded after import = 1

========================================================================
Received Import Request.
  Time since last request: 0.000009 seconds.
  path: Assets/Resources/Font/EaseFullRounded-Regular.ttf
  artifactKey: Guid(180dade8e67a846a99acb56a3b0ca683) Importer(2089858483,b0f066a214c2f5e87bad3c948f4d605d)
Start importing Assets/Resources/Font/EaseFullRounded-Regular.ttf using Guid(180dade8e67a846a99acb56a3b0ca683) Importer(2089858483,b0f066a214c2f5e87bad3c948f4d605d) (ScriptedImporter) -> (artifact id: '8c14732add2afb74dbd1c014d08afb1f') in 0.0054187 seconds
Number of updated asset objects reloaded before import = 0Number of asset objects unloaded after import = 3

========================================================================
Received Import Request.
  Time since last request: 0.000009 seconds.
  path: Assets/Meshes/Models/Reworked/Characters
  artifactKey: Guid(d17651b38d6ec234f8fee79ea61d6dce) Importer(2089858483,b0f066a214c2f5e87bad3c948f4d605d)
Start importing Assets/Meshes/Models/Reworked/Characters using Guid(d17651b38d6ec234f8fee79ea61d6dce) Importer(2089858483,b0f066a214c2f5e87bad3c948f4d605d) (ScriptedImporter) -> (artifact id: '3aaafef1eee945c24dc8b3b4d2541527') in 0.0013218 seconds
Number of updated asset objects reloaded before import = 0Number of asset objects unloaded after import = 1

========================================================================
Received Import Request.
  Time since last request: 0.000006 seconds.
  path: Assets/Meshes/Models/Cloud_05.fbx
  artifactKey: Guid(cc9a73acbffbd441e902f50605bcff12) Importer(2089858483,b0f066a214c2f5e87bad3c948f4d605d)
Start importing Assets/Meshes/Models/Cloud_05.fbx using Guid(cc9a73acbffbd441e902f50605bcff12) Importer(2089858483,b0f066a214c2f5e87bad3c948f4d605d) (ScriptedImporter) -> (artifact id: 'd5f4359da8a36c6c864b02bc163d66af') in 0.0045991 seconds
Number of updated asset objects reloaded before import = 0Number of asset objects unloaded after import = 8

========================================================================
Received Import Request.
  Time since last request: 0.000008 seconds.
  path: Assets/Prefabs/Enviroment/Test
  artifactKey: Guid(9a839db6eee984dff992140354d93cc6) Importer(2089858483,b0f066a214c2f5e87bad3c948f4d605d)
Start importing Assets/Prefabs/Enviroment/Test using Guid(9a839db6eee984dff992140354d93cc6) Importer(2089858483,b0f066a214c2f5e87bad3c948f4d605d) (ScriptedImporter) -> (artifact id: '2c1452198b62966dacc1ec12ebec0136') in 0.0012133 seconds
Number of updated asset objects reloaded before import = 0Number of asset objects unloaded after import = 1

========================================================================
Received Import Request.
  Time since last request: 0.000009 seconds.
  path: Assets/Resources/Audio/Music/Loops/B/B11_Rhythm_Percussion_Double_2_1bars_128bpm_switch.wav
  artifactKey: Guid(f679d8f4cebae4e2cbadf35603a4ecd0) Importer(2089858483,b0f066a214c2f5e87bad3c948f4d605d)
Start importing Assets/Resources/Audio/Music/Loops/B/B11_Rhythm_Percussion_Double_2_1bars_128bpm_switch.wav using Guid(f679d8f4cebae4e2cbadf35603a4ecd0) Importer(2089858483,b0f066a214c2f5e87bad3c948f4d605d) (ScriptedImporter) -> (artifact id: '5331602d25efa5ca6ff437164211972f') in 0.014578 seconds
Number of updated asset objects reloaded before import = 0Number of asset objects unloaded after import = 1

========================================================================
Received Import Request.
  Time since last request: 0.000007 seconds.
  path: Assets/Scripts/Helper
  artifactKey: Guid(90ef8d0e4d32c44b78e1ad7a4b0142dc) Importer(2089858483,b0f066a214c2f5e87bad3c948f4d605d)
Start importing Assets/Scripts/Helper using Guid(90ef8d0e4d32c44b78e1ad7a4b0142dc) Importer(2089858483,b0f066a214c2f5e87bad3c948f4d605d) (ScriptedImporter) -> (artifact id: '016a912b9e77e440cffd014bce82ced1') in 0.0014402 seconds
Number of updated asset objects reloaded before import = 0Number of asset objects unloaded after import = 1

========================================================================
Received Import Request.
  Time since last request: 0.000012 seconds.
  path: Assets/Meshes/Models/Reworked/Environment/Clouds Near.fbx
  artifactKey: Guid(f02b3b5f0361072488719426da42ec72) Importer(2089858483,b0f066a214c2f5e87bad3c948f4d605d)
Start importing Assets/Meshes/Models/Reworked/Environment/Clouds Near.fbx using Guid(f02b3b5f0361072488719426da42ec72) Importer(2089858483,b0f066a214c2f5e87bad3c948f4d605d) (ScriptedImporter) -> (artifact id: 'cb9bb47748087253ee8da9083661b0f4') in 0.0098838 seconds
Number of updated asset objects reloaded before import = 0Number of asset objects unloaded after import = 9

========================================================================
Received Import Request.
  Time since last request: 0.000024 seconds.
  path: Assets/Resources/Audio/Music/Loops/Copia de B/B11_Rhythm_Percussion_Double_2_1bars_128bpm_switch.wav
  artifactKey: Guid(e43ba220ba51f4cd18db557f05f40706) Importer(2089858483,b0f066a214c2f5e87bad3c948f4d605d)
Start importing Assets/Resources/Audio/Music/Loops/Copia de B/B11_Rhythm_Percussion_Double_2_1bars_128bpm_switch.wav using Guid(e43ba220ba51f4cd18db557f05f40706) Importer(2089858483,b0f066a214c2f5e87bad3c948f4d605d) (ScriptedImporter) -> (artifact id: '2770eaf3d3b6683459386cddebd1f968') in 0.0154636 seconds
Number of updated asset objects reloaded before import = 0Number of asset objects unloaded after import = 1

========================================================================
Received Import Request.
  Time since last request: 0.000009 seconds.
  path: Assets/Resources/Audio/Music/Loops/D
  artifactKey: Guid(acb3151b510a84011981e2961a49dddf) Importer(2089858483,b0f066a214c2f5e87bad3c948f4d605d)
Start importing Assets/Resources/Audio/Music/Loops/D using Guid(acb3151b510a84011981e2961a49dddf) Importer(2089858483,b0f066a214c2f5e87bad3c948f4d605d) (ScriptedImporter) -> (artifact id: '4566a08da8d29b89ef425df0fc8c986e') in 0.001586 seconds
Number of updated asset objects reloaded before import = 0Number of asset objects unloaded after import = 1

========================================================================
Received Import Request.
  Time since last request: 0.000008 seconds.
  path: Assets/Meshes/Misc/Obstacle
  artifactKey: Guid(b33b7fb0ccfbd9844b87019cc34c373b) Importer(2089858483,b0f066a214c2f5e87bad3c948f4d605d)
Start importing Assets/Meshes/Misc/Obstacle using Guid(b33b7fb0ccfbd9844b87019cc34c373b) Importer(2089858483,b0f066a214c2f5e87bad3c948f4d605d) (ScriptedImporter) -> (artifact id: '58b6cfe8406aa550c3a56f5eab13982b') in 0.0012442 seconds
Number of updated asset objects reloaded before import = 0Number of asset objects unloaded after import = 1

========================================================================
Received Import Request.
  Time since last request: 0.000009 seconds.
  path: Assets/Meshes/Misc/Tiled Floor/Material/floor_tile_2.png
  artifactKey: Guid(b83bb8c7e6c154c0ab6b7c19d4b55745) Importer(2089858483,b0f066a214c2f5e87bad3c948f4d605d)
Start importing Assets/Meshes/Misc/Tiled Floor/Material/floor_tile_2.png using Guid(b83bb8c7e6c154c0ab6b7c19d4b55745) Importer(2089858483,b0f066a214c2f5e87bad3c948f4d605d) (ScriptedImporter) -> (artifact id: '76e032fec0dc3c429d564482b4fd9131') in 0.0039582 seconds
Number of updated asset objects reloaded before import = 0Number of asset objects unloaded after import = 1

========================================================================
Received Import Request.
  Time since last request: 0.000009 seconds.
  path: Assets/Scripts/Scene/AudioManager.cs
  artifactKey: Guid(71b72adf67b354847823d258cd238f82) Importer(2089858483,b0f066a214c2f5e87bad3c948f4d605d)
Start importing Assets/Scripts/Scene/AudioManager.cs using Guid(71b72adf67b354847823d258cd238f82) Importer(2089858483,b0f066a214c2f5e87bad3c948f4d605d) (ScriptedImporter) -> (artifact id: '4630af290e0cb0ef699a38823bb0284a') in 0.0017195 seconds
Number of updated asset objects reloaded before import = 0Number of asset objects unloaded after import = 0

========================================================================
Received Import Request.
  Time since last request: 0.000010 seconds.
  path: Assets/Meshes/Enviroment/Hill_Zone/Materials/Textures/Materials
  artifactKey: Guid(7f84a53c33c11466da53331867a86843) Importer(2089858483,b0f066a214c2f5e87bad3c948f4d605d)
Start importing Assets/Meshes/Enviroment/Hill_Zone/Materials/Textures/Materials using Guid(7f84a53c33c11466da53331867a86843) Importer(2089858483,b0f066a214c2f5e87bad3c948f4d605d) (ScriptedImporter) -> (artifact id: '4aebd5e282510df2fc46ce3541c942e5') in 0.0012569 seconds
Number of updated asset objects reloaded before import = 0Number of asset objects unloaded after import = 1

========================================================================
Received Import Request.
  Time since last request: 0.000011 seconds.
  path: Assets/Resources/Audio/Music/Loops/Copia de B/B20_Harmony_Pad_Filtered_3_8bars_128bpm_switch.wav
  artifactKey: Guid(938754518dea34229a31091f9b007da2) Importer(2089858483,b0f066a214c2f5e87bad3c948f4d605d)
Start importing Assets/Resources/Audio/Music/Loops/Copia de B/B20_Harmony_Pad_Filtered_3_8bars_128bpm_switch.wav using Guid(938754518dea34229a31091f9b007da2) Importer(2089858483,b0f066a214c2f5e87bad3c948f4d605d) (ScriptedImporter) -> (artifact id: '755cfe047b70e4e2e801f0ebf52e2f65') in 0.0147256 seconds
Number of updated asset objects reloaded before import = 0Number of asset objects unloaded after import = 1

========================================================================
Received Import Request.
  Time since last request: 0.000008 seconds.
  path: Assets/Meshes/Pickup/rhythm_pickup.fbx
  artifactKey: Guid(0ad90b6bb451a4022b46b5f1e248c919) Importer(2089858483,b0f066a214c2f5e87bad3c948f4d605d)
Start importing Assets/Meshes/Pickup/rhythm_pickup.fbx using Guid(0ad90b6bb451a4022b46b5f1e248c919) Importer(2089858483,b0f066a214c2f5e87bad3c948f4d605d) (ScriptedImporter) -> (artifact id: '47bfa6a5d84412090a364444c2f80bca') in 0.0062189 seconds
Number of updated asset objects reloaded before import = 0Number of asset objects unloaded after import = 8

========================================================================
Received Import Request.
  Time since last request: 0.000011 seconds.
  path: Assets/Resources/Audio/Music/Loops/B/B40_Melody_Synth 2_Muffled_3_8bars_128bpm_switch.wav
  artifactKey: Guid(fef8de57575fb484e9ab71c985ba684f) Importer(2089858483,b0f066a214c2f5e87bad3c948f4d605d)
Start importing Assets/Resources/Audio/Music/Loops/B/B40_Melody_Synth 2_Muffled_3_8bars_128bpm_switch.wav using Guid(fef8de57575fb484e9ab71c985ba684f) Importer(2089858483,b0f066a214c2f5e87bad3c948f4d605d) (ScriptedImporter) -> (artifact id: '56b53073cd643a0e22313314ade3ed1a') in 0.0148055 seconds
Number of updated asset objects reloaded before import = 0Number of asset objects unloaded after import = 1

========================================================================
Received Import Request.
  Time since last request: 0.000016 seconds.
  path: Assets/Scripts/Scene/OnRhythm/BaseClasses/OnRhythm.cs
  artifactKey: Guid(a80d30c851b644062b11e78d08006ba1) Importer(2089858483,b0f066a214c2f5e87bad3c948f4d605d)
Start importing Assets/Scripts/Scene/OnRhythm/BaseClasses/OnRhythm.cs using Guid(a80d30c851b644062b11e78d08006ba1) Importer(2089858483,b0f066a214c2f5e87bad3c948f4d605d) (ScriptedImporter) -> (artifact id: 'd26719048828980e45dd8575e1e181c1') in 0.0016312 seconds
Number of updated asset objects reloaded before import = 0Number of asset objects unloaded after import = 0

========================================================================
Received Import Request.
  Time since last request: 0.000009 seconds.
  path: Assets/Physic Materials/Bounce.physicMaterial
  artifactKey: Guid(b2afe659825ba4239919f5964d5f3f20) Importer(2089858483,b0f066a214c2f5e87bad3c948f4d605d)
Start importing Assets/Physic Materials/Bounce.physicMaterial using Guid(b2afe659825ba4239919f5964d5f3f20) Importer(2089858483,b0f066a214c2f5e87bad3c948f4d605d) (ScriptedImporter) -> (artifact id: '18a195ef00228da743edaa8e40879408') in 0.0019821 seconds
Number of updated asset objects reloaded before import = 0Number of asset objects unloaded after import = 1

========================================================================
Received Import Request.
  Time since last request: 0.000008 seconds.
  path: Assets/Scripts/Scene/OnRhythm/EmitParticlesOnRhythm.cs
  artifactKey: Guid(1af5a8357bd0b43faadfbaae33996116) Importer(2089858483,b0f066a214c2f5e87bad3c948f4d605d)
Start importing Assets/Scripts/Scene/OnRhythm/EmitParticlesOnRhythm.cs using Guid(1af5a8357bd0b43faadfbaae33996116) Importer(2089858483,b0f066a214c2f5e87bad3c948f4d605d) (ScriptedImporter) -> (artifact id: '91d4b6717ca2b2276f5e93514a66b371') in 0.0014446 seconds
Number of updated asset objects reloaded before import = 0Number of asset objects unloaded after import = 0

========================================================================
Received Import Request.
  Time since last request: 0.000008 seconds.
  path: Assets/Resources/Audio/Music/Loops/A/A28_Melody_Bells_Octave Up_2_2bars_130bpm_switch.wav
  artifactKey: Guid(9a30837afde7846cdae6fb90a7a9c488) Importer(2089858483,b0f066a214c2f5e87bad3c948f4d605d)
Start importing Assets/Resources/Audio/Music/Loops/A/A28_Melody_Bells_Octave Up_2_2bars_130bpm_switch.wav using Guid(9a30837afde7846cdae6fb90a7a9c488) Importer(2089858483,b0f066a214c2f5e87bad3c948f4d605d) (ScriptedImporter) -> (artifact id: '4ba4ecf09325b82a7cb94060508e17a3') in 0.0141477 seconds
Number of updated asset objects reloaded before import = 0Number of asset objects unloaded after import = 1

========================================================================
Received Import Request.
  Time since last request: 0.000008 seconds.
  path: Assets/Resources/Audio/Music/Loops/Copia de B/B22_Harmony_Bass_Basic_1_8bars_128bpm_stack.wav.asd
  artifactKey: Guid(c997a9049093b4060a20c9d35bb7d679) Importer(2089858483,b0f066a214c2f5e87bad3c948f4d605d)
Start importing Assets/Resources/Audio/Music/Loops/Copia de B/B22_Harmony_Bass_Basic_1_8bars_128bpm_stack.wav.asd using Guid(c997a9049093b4060a20c9d35bb7d679) Importer(2089858483,b0f066a214c2f5e87bad3c948f4d605d) (ScriptedImporter) -> (artifact id: 'e275f1bfb2833f87cdc50f2ad3bec119') in 0.0014797 seconds
Number of updated asset objects reloaded before import = 0Number of asset objects unloaded after import = 1

========================================================================
Received Import Request.
  Time since last request: 0.000009 seconds.
  path: Assets/Scenes/template/ReflectionProbe-0.exr
  artifactKey: Guid(81e9106ec5e5a4522a0f4aa85bd0ef38) Importer(2089858483,b0f066a214c2f5e87bad3c948f4d605d)
Start importing Assets/Scenes/template/ReflectionProbe-0.exr using Guid(81e9106ec5e5a4522a0f4aa85bd0ef38) Importer(2089858483,b0f066a214c2f5e87bad3c948f4d605d) (ScriptedImporter) -> (artifact id: '0c83881ca3eba1246847ada013c24f41') in 0.0060566 seconds
Number of updated asset objects reloaded before import = 0Number of asset objects unloaded after import = 1

========================================================================
Received Import Request.
  Time since last request: 0.000009 seconds.
  path: Assets/Resources/Audio/Music/Loops/C/soundset_C_trippy_harmony 7_128bpm.wav
  artifactKey: Guid(21a1b3f640d62487fa4450e4628a504d) Importer(2089858483,b0f066a214c2f5e87bad3c948f4d605d)
Start importing Assets/Resources/Audio/Music/Loops/C/soundset_C_trippy_harmony 7_128bpm.wav using Guid(21a1b3f640d62487fa4450e4628a504d) Importer(2089858483,b0f066a214c2f5e87bad3c948f4d605d) (ScriptedImporter) -> (artifact id: 'b664454d6aee4ff3059dc4b021cccd51') in 0.077204 seconds
Number of updated asset objects reloaded before import = 0Number of asset objects unloaded after import = 1

========================================================================
Received Import Request.
  Time since last request: 0.000012 seconds.
  path: Assets/Meshes/Enviroment/Hill_Zone/Materials/Sky/sunset_texture-01.mat
  artifactKey: Guid(3394e913c61d04bc894a13961d143ce7) Importer(2089858483,b0f066a214c2f5e87bad3c948f4d605d)
Start importing Assets/Meshes/Enviroment/Hill_Zone/Materials/Sky/sunset_texture-01.mat using Guid(3394e913c61d04bc894a13961d143ce7) Importer(2089858483,b0f066a214c2f5e87bad3c948f4d605d) (ScriptedImporter) -> (artifact id: '7415cd879682f310dcd7bfdc6e7b647e') in 0.0030495 seconds
Number of updated asset objects reloaded before import = 0Number of asset objects unloaded after import = 2

========================================================================
Received Import Request.
  Time since last request: 0.000024 seconds.
  path: Assets/Meshes/Enviroment/Trippy_Zone/Materials/black.mat
  artifactKey: Guid(3a00f482faf40324b98ae9cf2c26d6c1) Importer(2089858483,b0f066a214c2f5e87bad3c948f4d605d)
Start importing Assets/Meshes/Enviroment/Trippy_Zone/Materials/black.mat using Guid(3a00f482faf40324b98ae9cf2c26d6c1) Importer(2089858483,b0f066a214c2f5e87bad3c948f4d605d) (ScriptedImporter) -> (artifact id: '98cd03b29467cef2d5a03c639c5dd531') in 0.0025493 seconds
Number of updated asset objects reloaded before import = 0Number of asset objects unloaded after import = 2

========================================================================
Received Import Request.
  Time since last request: 0.000007 seconds.
  path: Assets/Prefabs/Enviroment/Trippy_Zone/TunnelToTunnelStraightExit.prefab
  artifactKey: Guid(6653cbcf325410e46a68bf02927cde49) Importer(2089858483,b0f066a214c2f5e87bad3c948f4d605d)
Start importing Assets/Prefabs/Enviroment/Trippy_Zone/TunnelToTunnelStraightExit.prefab using Guid(6653cbcf325410e46a68bf02927cde49) Importer(2089858483,b0f066a214c2f5e87bad3c948f4d605d) (ScriptedImporter) -> (artifact id: '03ff381744b43272d43b28f8f0ed2113') in 0.0034066 seconds
Number of updated asset objects reloaded before import = 0Number of asset objects unloaded after import = 42

========================================================================
Received Import Request.
  Time since last request: 0.000009 seconds.
  path: Assets/Meshes/Enviroment/Hill_Zone/Materials/Water Tank/tank01-Material.001.mat
  artifactKey: Guid(b691741e1953e47c3bd79b09318433c3) Importer(2089858483,b0f066a214c2f5e87bad3c948f4d605d)
Start importing Assets/Meshes/Enviroment/Hill_Zone/Materials/Water Tank/tank01-Material.001.mat using Guid(b691741e1953e47c3bd79b09318433c3) Importer(2089858483,b0f066a214c2f5e87bad3c948f4d605d) (ScriptedImporter) -> (artifact id: 'fef9d192abc842eb884aa2a1d0c6e8c4') in 0.0062372 seconds
Number of updated asset objects reloaded before import = 0Number of asset objects unloaded after import = 2

========================================================================
Received Import Request.
  Time since last request: 0.000008 seconds.
  path: Assets/Resources/Audio/Music/Loops/C/soundset_C_trippy_melody 3_128bpm.wav
  artifactKey: Guid(43f54499dd8ce42c1ab5613e467215c9) Importer(2089858483,b0f066a214c2f5e87bad3c948f4d605d)
Start importing Assets/Resources/Audio/Music/Loops/C/soundset_C_trippy_melody 3_128bpm.wav using Guid(43f54499dd8ce42c1ab5613e467215c9) Importer(2089858483,b0f066a214c2f5e87bad3c948f4d605d) (ScriptedImporter) -> (artifact id: 'a2a6b8692ff9dfa4bd05f3350373fe2e') in 0.0846284 seconds
Number of updated asset objects reloaded before import = 0Number of asset objects unloaded after import = 1

========================================================================
Received Import Request.
  Time since last request: 0.000011 seconds.
  path: Assets/Prefabs/Patterns/Pattern_xxx33xxx.prefab
  artifactKey: Guid(c75c2f3d5b54abe49a1f422cbbf40f63) Importer(2089858483,b0f066a214c2f5e87bad3c948f4d605d)
Start importing Assets/Prefabs/Patterns/Pattern_xxx33xxx.prefab using Guid(c75c2f3d5b54abe49a1f422cbbf40f63) Importer(2089858483,b0f066a214c2f5e87bad3c948f4d605d) (ScriptedImporter) -> (artifact id: '3cd45e9906648f8586ff249a311e62b0') in 0.0041998 seconds
Number of updated asset objects reloaded before import = 0Number of asset objects unloaded after import = 47

========================================================================
Received Import Request.
  Time since last request: 0.000010 seconds.
  path: Assets/Resources/Audio/Music/Loops/Copia de B/B40_Melody_Synth 2_Muffled_3_8bars_128bpm_switch.wav.asd
  artifactKey: Guid(266ab5219d6ed459f9474a982bd671b7) Importer(2089858483,b0f066a214c2f5e87bad3c948f4d605d)
Start importing Assets/Resources/Audio/Music/Loops/Copia de B/B40_Melody_Synth 2_Muffled_3_8bars_128bpm_switch.wav.asd using Guid(266ab5219d6ed459f9474a982bd671b7) Importer(2089858483,b0f066a214c2f5e87bad3c948f4d605d) (ScriptedImporter) -> (artifact id: 'f277e13f04471c3629d417ea34b74a55') in 0.0016429 seconds
Number of updated asset objects reloaded before import = 0Number of asset objects unloaded after import = 1

========================================================================
Received Import Request.
  Time since last request: 0.000011 seconds.
  path: Assets/Meshes/Actors/Player/LMaD
  artifactKey: Guid(b3ebe0d5d7fc042ce839759c50fa696e) Importer(2089858483,b0f066a214c2f5e87bad3c948f4d605d)
Start importing Assets/Meshes/Actors/Player/LMaD using Guid(b3ebe0d5d7fc042ce839759c50fa696e) Importer(2089858483,b0f066a214c2f5e87bad3c948f4d605d) (ScriptedImporter) -> (artifact id: 'fea21b0ab4e2f33b82a31d37473de01c') in 0.0015349 seconds
Number of updated asset objects reloaded before import = 0Number of asset objects unloaded after import = 1

========================================================================
Received Import Request.
  Time since last request: 0.000015 seconds.
  path: Assets/Meshes/Misc/Fancy Wall/Material/glitter_gold_1-01.jpg
  artifactKey: Guid(22804c482228b43aba63f94547cf4081) Importer(2089858483,b0f066a214c2f5e87bad3c948f4d605d)
Start importing Assets/Meshes/Misc/Fancy Wall/Material/glitter_gold_1-01.jpg using Guid(22804c482228b43aba63f94547cf4081) Importer(2089858483,b0f066a214c2f5e87bad3c948f4d605d) (ScriptedImporter) -> (artifact id: 'f582cf99a6fcd4f7ca22c9e9466d84f9') in 0.0041297 seconds
Number of updated asset objects reloaded before import = 0Number of asset objects unloaded after import = 1

========================================================================
Received Import Request.
  Time since last request: 0.000009 seconds.
  path: Assets/Resources/Audio/Music/Loops/B/B45_Melody_Bells_Layered_4_8bars_128bpm_switch.wav.asd
  artifactKey: Guid(b6ce34102d4f74049a9c850e935d2ca3) Importer(2089858483,b0f066a214c2f5e87bad3c948f4d605d)
Start importing Assets/Resources/Audio/Music/Loops/B/B45_Melody_Bells_Layered_4_8bars_128bpm_switch.wav.asd using Guid(b6ce34102d4f74049a9c850e935d2ca3) Importer(2089858483,b0f066a214c2f5e87bad3c948f4d605d) (ScriptedImporter) -> (artifact id: '006f60f8e722951b1905da06eca909c2') in 0.0024343 seconds
Number of updated asset objects reloaded before import = 0Number of asset objects unloaded after import = 1

========================================================================
Received Import Request.
  Time since last request: 0.000006 seconds.
  path: Assets/Prefabs/Patterns/Pattern_7652x246.prefab
  artifactKey: Guid(b3c1e2961dfca47cb9441e525e03e7a3) Importer(2089858483,b0f066a214c2f5e87bad3c948f4d605d)
Start importing Assets/Prefabs/Patterns/Pattern_7652x246.prefab using Guid(b3c1e2961dfca47cb9441e525e03e7a3) Importer(2089858483,b0f066a214c2f5e87bad3c948f4d605d) (ScriptedImporter) -> (artifact id: 'c3166dc898f2687adbdc26f76e61b8f6') in 0.0053773 seconds
Number of updated asset objects reloaded before import = 0Number of asset objects unloaded after import = 112

========================================================================
Received Import Request.
  Time since last request: 0.000015 seconds.
  path: Assets/Scripts/Helper/TileTextureWithScaling.cs
  artifactKey: Guid(d606596bbf5064763a65cea436fa1a71) Importer(2089858483,b0f066a214c2f5e87bad3c948f4d605d)
Start importing Assets/Scripts/Helper/TileTextureWithScaling.cs using Guid(d606596bbf5064763a65cea436fa1a71) Importer(2089858483,b0f066a214c2f5e87bad3c948f4d605d) (ScriptedImporter) -> (artifact id: '3fb177363505c939f181c8244ded6c6d') in 0.0017455 seconds
Number of updated asset objects reloaded before import = 0Number of asset objects unloaded after import = 0

========================================================================
Received Import Request.
  Time since last request: 0.000013 seconds.
  path: Assets/Scripts/ScriptableObject/PatternData.cs
  artifactKey: Guid(c84d5b0d04e11478c9293e75f05d2c39) Importer(2089858483,b0f066a214c2f5e87bad3c948f4d605d)
Start importing Assets/Scripts/ScriptableObject/PatternData.cs using Guid(c84d5b0d04e11478c9293e75f05d2c39) Importer(2089858483,b0f066a214c2f5e87bad3c948f4d605d) (ScriptedImporter) -> (artifact id: '8b603454e0c2f91db214e7efcc48a84b') in 0.0016543 seconds
Number of updated asset objects reloaded before import = 0Number of asset objects unloaded after import = 0

========================================================================
Received Import Request.
  Time since last request: 0.000010 seconds.
  path: Assets/Meshes/Enviroment/Hill_Zone/Materials/Road Sign
  artifactKey: Guid(0cbeb9e17e5d24ce68aabfbf4d91dca6) Importer(2089858483,b0f066a214c2f5e87bad3c948f4d605d)
Start importing Assets/Meshes/Enviroment/Hill_Zone/Materials/Road Sign using Guid(0cbeb9e17e5d24ce68aabfbf4d91dca6) Importer(2089858483,b0f066a214c2f5e87bad3c948f4d605d) (ScriptedImporter) -> (artifact id: '9432239ee40c47109517c27af665b313') in 0.0015252 seconds
Number of updated asset objects reloaded before import = 0Number of asset objects unloaded after import = 1

========================================================================
Received Import Request.
  Time since last request: 0.000011 seconds.
  path: Assets/Meshes/Enviroment/Hill_Zone/Materials/Power Line/powerline_upper_frame.mat
  artifactKey: Guid(d621db72ffa7f4dfdaec44b55964dc28) Importer(2089858483,b0f066a214c2f5e87bad3c948f4d605d)
Start importing Assets/Meshes/Enviroment/Hill_Zone/Materials/Power Line/powerline_upper_frame.mat using Guid(d621db72ffa7f4dfdaec44b55964dc28) Importer(2089858483,b0f066a214c2f5e87bad3c948f4d605d) (ScriptedImporter) -> (artifact id: '05abe2eae877a9cf39227eff1a93aa3b') in 0.0031487 seconds
Number of updated asset objects reloaded before import = 0Number of asset objects unloaded after import = 2

========================================================================
Received Import Request.
  Time since last request: 0.000010 seconds.
  path: Assets/Resources/Audio/Music/Loops/Copia de B/B4_Rhythm_Kick_Snare_Basic_3_1bars_128bpm_switch.wav.asd
  artifactKey: Guid(cd975d24604c94ad8ae74ad7aa0edfe6) Importer(2089858483,b0f066a214c2f5e87bad3c948f4d605d)
Start importing Assets/Resources/Audio/Music/Loops/Copia de B/B4_Rhythm_Kick_Snare_Basic_3_1bars_128bpm_switch.wav.asd using Guid(cd975d24604c94ad8ae74ad7aa0edfe6) Importer(2089858483,b0f066a214c2f5e87bad3c948f4d605d) (ScriptedImporter) -> (artifact id: '677c4abd5c289f641ada84e6d70f9b5b') in 0.0013735 seconds
Number of updated asset objects reloaded before import = 0Number of asset objects unloaded after import = 1

========================================================================
Received Import Request.
  Time since last request: 0.000009 seconds.
  path: Assets/Resources/Materials/Grid/GridHorizontal.mat
  artifactKey: Guid(05e6ff8edc93745ad859fdcda7c601a1) Importer(2089858483,b0f066a214c2f5e87bad3c948f4d605d)
Start importing Assets/Resources/Materials/Grid/GridHorizontal.mat using Guid(05e6ff8edc93745ad859fdcda7c601a1) Importer(2089858483,b0f066a214c2f5e87bad3c948f4d605d) (ScriptedImporter) -> (artifact id: 'd03966c096851b31cbaf6888ff57faa2') in 0.0037824 seconds
Number of updated asset objects reloaded before import = 0Number of asset objects unloaded after import = 3

========================================================================
Received Import Request.
  Time since last request: 0.000010 seconds.
  path: Assets/Resources/Audio/Music/Loops/B/B45_Melody_Bells_Layered_4_8bars_128bpm_switch.wav
  artifactKey: Guid(387792272ffdd4147b47d9cb1999a531) Importer(2089858483,b0f066a214c2f5e87bad3c948f4d605d)
Start importing Assets/Resources/Audio/Music/Loops/B/B45_Melody_Bells_Layered_4_8bars_128bpm_switch.wav using Guid(387792272ffdd4147b47d9cb1999a531) Importer(2089858483,b0f066a214c2f5e87bad3c948f4d605d) (ScriptedImporter) -> (artifact id: 'a75df0cd4721b51fe521f85bbf8b8473') in 0.0152121 seconds
Number of updated asset objects reloaded before import = 0Number of asset objects unloaded after import = 1

========================================================================
Received Import Request.
  Time since last request: 0.000017 seconds.
  path: Assets/Meshes/Enviroment/Hill_Zone/misc/power_line_juan_tall.FBX
  artifactKey: Guid(b809aed8d0e4d8044a7d0a083e0ad361) Importer(2089858483,b0f066a214c2f5e87bad3c948f4d605d)
Start importing Assets/Meshes/Enviroment/Hill_Zone/misc/power_line_juan_tall.FBX using Guid(b809aed8d0e4d8044a7d0a083e0ad361) Importer(2089858483,b0f066a214c2f5e87bad3c948f4d605d) (ScriptedImporter) -> (artifact id: '0dd47322e4664eeeebdcdc390945debc') in 0.0058462 seconds
Number of updated asset objects reloaded before import = 0Number of asset objects unloaded after import = 30

========================================================================
Received Import Request.
  Time since last request: 0.000010 seconds.
  path: Assets/Meshes/Enviroment/Hill_Zone/Materials/Sky Box
  artifactKey: Guid(bdbb4a88415d36c42b84bbb6ac3ffff3) Importer(2089858483,b0f066a214c2f5e87bad3c948f4d605d)
Start importing Assets/Meshes/Enviroment/Hill_Zone/Materials/Sky Box using Guid(bdbb4a88415d36c42b84bbb6ac3ffff3) Importer(2089858483,b0f066a214c2f5e87bad3c948f4d605d) (ScriptedImporter) -> (artifact id: '9682832290e908c3c2e2e4a497dcabd4') in 0.0016235 seconds
Number of updated asset objects reloaded before import = 0Number of asset objects unloaded after import = 1

========================================================================
Received Import Request.
  Time since last request: 0.000009 seconds.
  path: Assets/Resources/Audio/Music/Loops/D/synth_5.wav
  artifactKey: Guid(9a52d30c439b343b2bc1d30cd64ffbb4) Importer(2089858483,b0f066a214c2f5e87bad3c948f4d605d)
Start importing Assets/Resources/Audio/Music/Loops/D/synth_5.wav using Guid(9a52d30c439b343b2bc1d30cd64ffbb4) Importer(2089858483,b0f066a214c2f5e87bad3c948f4d605d) (ScriptedImporter) -> (artifact id: '6cbca1f969b9e969502f5e87772a60b6') in 0.0517409 seconds
Number of updated asset objects reloaded before import = 0Number of asset objects unloaded after import = 1

========================================================================
Received Import Request.
  Time since last request: 0.000010 seconds.
  path: Assets/Resources/Materials/tunnel_textures
  artifactKey: Guid(87555993e40c041bab663cabb4ce139b) Importer(2089858483,b0f066a214c2f5e87bad3c948f4d605d)
Start importing Assets/Resources/Materials/tunnel_textures using Guid(87555993e40c041bab663cabb4ce139b) Importer(2089858483,b0f066a214c2f5e87bad3c948f4d605d) (ScriptedImporter) -> (artifact id: '2d36e7d49c5dc0eb0201f47edbacfd39') in 0.0017098 seconds
Number of updated asset objects reloaded before import = 0Number of asset objects unloaded after import = 1

========================================================================
Received Import Request.
  Time since last request: 0.000009 seconds.
  path: Assets/Scripts/Scene/Trigger/BaseClasses/TriggerTarget.cs
  artifactKey: Guid(96a68fd875b1e4369ac2e108aecb808d) Importer(2089858483,b0f066a214c2f5e87bad3c948f4d605d)
Start importing Assets/Scripts/Scene/Trigger/BaseClasses/TriggerTarget.cs using Guid(96a68fd875b1e4369ac2e108aecb808d) Importer(2089858483,b0f066a214c2f5e87bad3c948f4d605d) (ScriptedImporter) -> (artifact id: '00a54f09d5a52f8fcc9ba6e6222c0790') in 0.0023307 seconds
Number of updated asset objects reloaded before import = 0Number of asset objects unloaded after import = 0

========================================================================
Received Import Request.
  Time since last request: 0.000009 seconds.
  path: Assets/Resources/Audio/Mixer
  artifactKey: Guid(b18e9f00bb4ff47a59b7b72b47774d71) Importer(2089858483,b0f066a214c2f5e87bad3c948f4d605d)
Start importing Assets/Resources/Audio/Mixer using Guid(b18e9f00bb4ff47a59b7b72b47774d71) Importer(2089858483,b0f066a214c2f5e87bad3c948f4d605d) (ScriptedImporter) -> (artifact id: 'abfb7205aaad796c34c43680f1eb8a9a') in 0.0019278 seconds
Number of updated asset objects reloaded before import = 0Number of asset objects unloaded after import = 1

========================================================================
Received Import Request.
  Time since last request: 0.000011 seconds.
  path: Assets/Resources/Materials/Sky Boxs
  artifactKey: Guid(046f1d4de5b70594bafebaf3c363c7a5) Importer(2089858483,b0f066a214c2f5e87bad3c948f4d605d)
Start importing Assets/Resources/Materials/Sky Boxs using Guid(046f1d4de5b70594bafebaf3c363c7a5) Importer(2089858483,b0f066a214c2f5e87bad3c948f4d605d) (ScriptedImporter) -> (artifact id: '442e5dd532f168b6798ff74ec9b0df86') in 0.001674 seconds
Number of updated asset objects reloaded before import = 0Number of asset objects unloaded after import = 1

========================================================================
Received Import Request.
  Time since last request: 0.000016 seconds.
  path: Assets/Scenes/Levels/party_test/ReflectionProbe-0.exr
  artifactKey: Guid(993ef5be0b3284e43b807ffdedfbe132) Importer(2089858483,b0f066a214c2f5e87bad3c948f4d605d)
Start importing Assets/Scenes/Levels/party_test/ReflectionProbe-0.exr using Guid(993ef5be0b3284e43b807ffdedfbe132) Importer(2089858483,b0f066a214c2f5e87bad3c948f4d605d) (ScriptedImporter) -> (artifact id: 'd9395c9c549e2f3729e4d8fe6c692f1c') in 0.0044209 seconds
Number of updated asset objects reloaded before import = 0Number of asset objects unloaded after import = 1

========================================================================
Received Import Request.
  Time since last request: 0.000009 seconds.
  path: Assets/Shaders
  artifactKey: Guid(c484a8e45cf904c6c9412e21952af27c) Importer(2089858483,b0f066a214c2f5e87bad3c948f4d605d)
Start importing Assets/Shaders using Guid(c484a8e45cf904c6c9412e21952af27c) Importer(2089858483,b0f066a214c2f5e87bad3c948f4d605d) (ScriptedImporter) -> (artifact id: '5f263835d38e558bf1f25175f69cfba9') in 0.0016782 seconds
Number of updated asset objects reloaded before import = 0Number of asset objects unloaded after import = 1

========================================================================
Received Import Request.
  Time since last request: 0.000009 seconds.
  path: Assets/Meshes/Enviroment/Hill_Zone/misc/power_line_juan.FBX
  artifactKey: Guid(5b5210c166c894da39f454045a363326) Importer(2089858483,b0f066a214c2f5e87bad3c948f4d605d)
Start importing Assets/Meshes/Enviroment/Hill_Zone/misc/power_line_juan.FBX using Guid(5b5210c166c894da39f454045a363326) Importer(2089858483,b0f066a214c2f5e87bad3c948f4d605d) (ScriptedImporter) -> (artifact id: '4ff4882cdf5a146615b8038131822fa5') in 0.0052724 seconds
Number of updated asset objects reloaded before import = 0Number of asset objects unloaded after import = 29

========================================================================
Received Import Request.
  Time since last request: 0.000016 seconds.
  path: Assets/Meshes/Enviroment/Hill_Zone/Materials/Textures
  artifactKey: Guid(ef1a58852ea884ff0891d6fd05ea15d3) Importer(2089858483,b0f066a214c2f5e87bad3c948f4d605d)
Start importing Assets/Meshes/Enviroment/Hill_Zone/Materials/Textures using Guid(ef1a58852ea884ff0891d6fd05ea15d3) Importer(2089858483,b0f066a214c2f5e87bad3c948f4d605d) (ScriptedImporter) -> (artifact id: 'e5cd07deb06639c5a459061e91ba8056') in 0.0016659 seconds
Number of updated asset objects reloaded before import = 0Number of asset objects unloaded after import = 1

========================================================================
Received Import Request.
  Time since last request: 0.000012 seconds.
  path: Assets/Scenes/artmentoring2/ReflectionProbe-0.exr
  artifactKey: Guid(0e44986aa421e4a4a83fbd65e4984a8d) Importer(2089858483,b0f066a214c2f5e87bad3c948f4d605d)
Start importing Assets/Scenes/artmentoring2/ReflectionProbe-0.exr using Guid(0e44986aa421e4a4a83fbd65e4984a8d) Importer(2089858483,b0f066a214c2f5e87bad3c948f4d605d) (ScriptedImporter) -> (artifact id: '886232cb1061d4096432b94423b1e2cd') in 0.0040552 seconds
Number of updated asset objects reloaded before import = 0Number of asset objects unloaded after import = 1

========================================================================
Received Import Request.
  Time since last request: 0.000010 seconds.
  path: Assets/Meshes/Misc/Player/paperplane/paperplane.fbx
  artifactKey: Guid(f0ba75fd1d0964c98a755bb0c3d5cc14) Importer(2089858483,b0f066a214c2f5e87bad3c948f4d605d)
Start importing Assets/Meshes/Misc/Player/paperplane/paperplane.fbx using Guid(f0ba75fd1d0964c98a755bb0c3d5cc14) Importer(2089858483,b0f066a214c2f5e87bad3c948f4d605d) (ScriptedImporter) -> (artifact id: '83b7eafad3110b8fbd4f7cb77fa389b2') in 0.0045635 seconds
Number of updated asset objects reloaded before import = 0Number of asset objects unloaded after import = 8

========================================================================
Received Import Request.
  Time since last request: 0.000011 seconds.
  path: Assets/Meshes/Enviroment/Hill_Zone/Materials/Trees/tl02.mat
  artifactKey: Guid(b933b861db045c4408544aa6a7907da1) Importer(2089858483,b0f066a214c2f5e87bad3c948f4d605d)
Start importing Assets/Meshes/Enviroment/Hill_Zone/Materials/Trees/tl02.mat using Guid(b933b861db045c4408544aa6a7907da1) Importer(2089858483,b0f066a214c2f5e87bad3c948f4d605d) (ScriptedImporter) -> (artifact id: '6dbe080370360eadf646a9000fa249e9') in 0.0034637 seconds
Number of updated asset objects reloaded before import = 0Number of asset objects unloaded after import = 1

========================================================================
Received Import Request.
  Time since last request: 0.000011 seconds.
  path: Assets/Meshes/Models/shrooms (1).fbx
  artifactKey: Guid(02a4de25ebb264f0ea378bf875c5e3dd) Importer(2089858483,b0f066a214c2f5e87bad3c948f4d605d)
Start importing Assets/Meshes/Models/shrooms (1).fbx using Guid(02a4de25ebb264f0ea378bf875c5e3dd) Importer(2089858483,b0f066a214c2f5e87bad3c948f4d605d) (ScriptedImporter) -> (artifact id: '93921ef20dd1a08aa728c579e9f27421') in 0.0049221 seconds
Number of updated asset objects reloaded before import = 0Number of asset objects unloaded after import = 8

========================================================================
Received Import Request.
  Time since last request: 0.000084 seconds.
  path: Assets/Resources/Materials/Patterns/LineRenderer_default.mat
  artifactKey: Guid(13e1a442ea5674a4a910f741b8898dc9) Importer(2089858483,b0f066a214c2f5e87bad3c948f4d605d)
Start importing Assets/Resources/Materials/Patterns/LineRenderer_default.mat using Guid(13e1a442ea5674a4a910f741b8898dc9) Importer(2089858483,b0f066a214c2f5e87bad3c948f4d605d) (ScriptedImporter) -> (artifact id: 'ae913e05eafb8da33f98c96d4010a67c') in 0.0022427 seconds
Number of updated asset objects reloaded before import = 0Number of asset objects unloaded after import = 1

========================================================================
Received Import Request.
  Time since last request: 0.000015 seconds.
  path: Assets/Meshes/Misc/Piano/piano_small_07.FBX
  artifactKey: Guid(22bded330cf5a4078aee4565a1116403) Importer(2089858483,b0f066a214c2f5e87bad3c948f4d605d)
Start importing Assets/Meshes/Misc/Piano/piano_small_07.FBX using Guid(22bded330cf5a4078aee4565a1116403) Importer(2089858483,b0f066a214c2f5e87bad3c948f4d605d) (ScriptedImporter) -> (artifact id: '6395e95000a32ef3fd4c72588f98630c') in 0.0154833 seconds
Number of updated asset objects reloaded before import = 0Number of asset objects unloaded after import = 199

========================================================================
Received Import Request.
  Time since last request: 0.000009 seconds.
  path: Assets/Meshes/Models/TreeRing_01.fbx
  artifactKey: Guid(290bfc0cceea04fbc99cb8605cc97945) Importer(2089858483,b0f066a214c2f5e87bad3c948f4d605d)
Start importing Assets/Meshes/Models/TreeRing_01.fbx using Guid(290bfc0cceea04fbc99cb8605cc97945) Importer(2089858483,b0f066a214c2f5e87bad3c948f4d605d) (ScriptedImporter) -> (artifact id: '8c6cae1b6a8860f496f159e785f6b5d4') in 0.0051801 seconds
Number of updated asset objects reloaded before import = 0Number of asset objects unloaded after import = 8

========================================================================
Received Import Request.
  Time since last request: 0.000008 seconds.
  path: Assets/Resources/Audio/Music/Loops/B/B34_Melody_Synth_Still_1_8bars_128bpm_switch.wav
  artifactKey: Guid(c7cc07a8c71524726a1dc7d8e621c4ee) Importer(2089858483,b0f066a214c2f5e87bad3c948f4d605d)
Start importing Assets/Resources/Audio/Music/Loops/B/B34_Melody_Synth_Still_1_8bars_128bpm_switch.wav using Guid(c7cc07a8c71524726a1dc7d8e621c4ee) Importer(2089858483,b0f066a214c2f5e87bad3c948f4d605d) (ScriptedImporter) -> (artifact id: 'e5bf65526ff64056b23ceeeeb53e6b3d') in 0.0155284 seconds
Number of updated asset objects reloaded before import = 0Number of asset objects unloaded after import = 1

========================================================================
Received Import Request.
  Time since last request: 0.000009 seconds.
  path: Assets/Prefabs/Items/AudioTrackPickup.prefab
  artifactKey: Guid(fbde3a5c5a8b748f6902e26296fe6276) Importer(2089858483,b0f066a214c2f5e87bad3c948f4d605d)
Start importing Assets/Prefabs/Items/AudioTrackPickup.prefab using Guid(fbde3a5c5a8b748f6902e26296fe6276) Importer(2089858483,b0f066a214c2f5e87bad3c948f4d605d) (ScriptedImporter) -> (artifact id: '75361425ea2fe2f953e4ec6311830078') in 0.0050766 seconds
Number of updated asset objects reloaded before import = 0Number of asset objects unloaded after import = 24

========================================================================
Received Import Request.
  Time since last request: 0.000009 seconds.
  path: Assets/Resources/Audio/Music/Loops/B/B30_Harmony_Piano_Octave Down_1_8bars_128bpm_switch.wav.asd
  artifactKey: Guid(aa892813da1524057be36959161a2795) Importer(2089858483,b0f066a214c2f5e87bad3c948f4d605d)
Start importing Assets/Resources/Audio/Music/Loops/B/B30_Harmony_Piano_Octave Down_1_8bars_128bpm_switch.wav.asd using Guid(aa892813da1524057be36959161a2795) Importer(2089858483,b0f066a214c2f5e87bad3c948f4d605d) (ScriptedImporter) -> (artifact id: 'b2a98a2f933b77efdc0cd475487e630b') in 0.0013805 seconds
Number of updated asset objects reloaded before import = 0Number of asset objects unloaded after import = 1

========================================================================
Received Import Request.
  Time since last request: 0.000008 seconds.
  path: Assets/Meshes/Enviroment/Hill_Zone/Materials/Textures/road_01.png
  artifactKey: Guid(e02e89b2404da554497bed0ecedd6131) Importer(2089858483,b0f066a214c2f5e87bad3c948f4d605d)
Start importing Assets/Meshes/Enviroment/Hill_Zone/Materials/Textures/road_01.png using Guid(e02e89b2404da554497bed0ecedd6131) Importer(2089858483,b0f066a214c2f5e87bad3c948f4d605d) (ScriptedImporter) -> (artifact id: '792a6c25725a61f895409fa7e1e92e11') in 0.0037383 seconds
Number of updated asset objects reloaded before import = 0Number of asset objects unloaded after import = 1

========================================================================
Received Import Request.
  Time since last request: 0.000008 seconds.
  path: Assets/Animation/mesh.FBX
  artifactKey: Guid(af5e374e924440a4eb281f00946dd0b9) Importer(2089858483,b0f066a214c2f5e87bad3c948f4d605d)
Start importing Assets/Animation/mesh.FBX using Guid(af5e374e924440a4eb281f00946dd0b9) Importer(2089858483,b0f066a214c2f5e87bad3c948f4d605d) (ScriptedImporter) -> (artifact id: 'b51139e6963861c0f63f63512a777126') in 0.0069394 seconds
Number of updated asset objects reloaded before import = 0Number of asset objects unloaded after import = 10

========================================================================
Received Import Request.
  Time since last request: 0.000011 seconds.
  path: Assets/Meshes/Pickup/Materials
  artifactKey: Guid(13de11fc7041f2246a2d802ef697e8ed) Importer(2089858483,b0f066a214c2f5e87bad3c948f4d605d)
Start importing Assets/Meshes/Pickup/Materials using Guid(13de11fc7041f2246a2d802ef697e8ed) Importer(2089858483,b0f066a214c2f5e87bad3c948f4d605d) (ScriptedImporter) -> (artifact id: 'a935b8a1583e6fde4b1e27e59ec08afa') in 0.0014372 seconds
Number of updated asset objects reloaded before import = 0Number of asset objects unloaded after import = 1

========================================================================
Received Import Request.
  Time since last request: 0.000017 seconds.
  path: Assets/Meshes/Models/TreeRing_02.fbx
  artifactKey: Guid(951b8b60a0e34412bbcc343c03e204b5) Importer(2089858483,b0f066a214c2f5e87bad3c948f4d605d)
Start importing Assets/Meshes/Models/TreeRing_02.fbx using Guid(951b8b60a0e34412bbcc343c03e204b5) Importer(2089858483,b0f066a214c2f5e87bad3c948f4d605d) (ScriptedImporter) -> (artifact id: '2d69ff883ed6d866be15f305fea0e3d1') in 0.0055 seconds
Number of updated asset objects reloaded before import = 0Number of asset objects unloaded after import = 8

========================================================================
Received Import Request.
  Time since last request: 0.000013 seconds.
  path: Assets/Meshes/Enviroment/Hill_Zone/Materials/Textures/plane007_texture-01.jpg
  artifactKey: Guid(db1fa4cb7e199463ba4a78368f036250) Importer(2089858483,b0f066a214c2f5e87bad3c948f4d605d)
Start importing Assets/Meshes/Enviroment/Hill_Zone/Materials/Textures/plane007_texture-01.jpg using Guid(db1fa4cb7e199463ba4a78368f036250) Importer(2089858483,b0f066a214c2f5e87bad3c948f4d605d) (ScriptedImporter) -> (artifact id: '34e070f3357e0ec65766653594e5c763') in 0.0034348 seconds
Number of updated asset objects reloaded before import = 0Number of asset objects unloaded after import = 1

========================================================================
Received Import Request.
  Time since last request: 0.000008 seconds.
  path: Assets/Resources/Audio/Music/Loops/Copia de B/B32_Harmony_Piano_Still_3_8bars_128bpm_switch.wav.asd
  artifactKey: Guid(82200b4062d5c499b92afaf5587ace80) Importer(2089858483,b0f066a214c2f5e87bad3c948f4d605d)
Start importing Assets/Resources/Audio/Music/Loops/Copia de B/B32_Harmony_Piano_Still_3_8bars_128bpm_switch.wav.asd using Guid(82200b4062d5c499b92afaf5587ace80) Importer(2089858483,b0f066a214c2f5e87bad3c948f4d605d) (ScriptedImporter) -> (artifact id: '1c83f5742c6016dad3f862feb5378bd5') in 0.0013915 seconds
Number of updated asset objects reloaded before import = 0Number of asset objects unloaded after import = 1

========================================================================
Received Import Request.
  Time since last request: 0.000008 seconds.
  path: Assets/Resources/Audio/Music/Loops/C/soundset_C_trippy_melody 12_128bpm.wav
  artifactKey: Guid(9f82b3944802241c484c3b40d7986b9b) Importer(2089858483,b0f066a214c2f5e87bad3c948f4d605d)
Start importing Assets/Resources/Audio/Music/Loops/C/soundset_C_trippy_melody 12_128bpm.wav using Guid(9f82b3944802241c484c3b40d7986b9b) Importer(2089858483,b0f066a214c2f5e87bad3c948f4d605d) (ScriptedImporter) -> (artifact id: '1dbdf3223ae0e641ff59a7a41ef2ae0a') in 0.0938967 seconds
Number of updated asset objects reloaded before import = 0Number of asset objects unloaded after import = 1

========================================================================
Received Import Request.
  Time since last request: 0.000009 seconds.
  path: Assets/Resources/Audio/Music/Loops/Copia de B/B46_Melody_Arpeggiator_Octave Down_1_8bars_128bpm_switch.wav.asd
  artifactKey: Guid(5790c3295ee6b4c09894273cbe1a65a8) Importer(2089858483,b0f066a214c2f5e87bad3c948f4d605d)
Start importing Assets/Resources/Audio/Music/Loops/Copia de B/B46_Melody_Arpeggiator_Octave Down_1_8bars_128bpm_switch.wav.asd using Guid(5790c3295ee6b4c09894273cbe1a65a8) Importer(2089858483,b0f066a214c2f5e87bad3c948f4d605d) (ScriptedImporter) -> (artifact id: '2b299912aa21eb62e9ca9ba882623771') in 0.0015838 seconds
Number of updated asset objects reloaded before import = 0Number of asset objects unloaded after import = 1

========================================================================
Received Import Request.
  Time since last request: 0.000011 seconds.
  path: Assets/Scripts/Scene/MovementAnchor.cs
  artifactKey: Guid(47e4ebdb5748d4e00a9ea29791f48736) Importer(2089858483,b0f066a214c2f5e87bad3c948f4d605d)
Start importing Assets/Scripts/Scene/MovementAnchor.cs using Guid(47e4ebdb5748d4e00a9ea29791f48736) Importer(2089858483,b0f066a214c2f5e87bad3c948f4d605d) (ScriptedImporter) -> (artifact id: 'd90a3028e74120ef1a5404cdca6c9d28') in 0.0016011 seconds
Number of updated asset objects reloaded before import = 0Number of asset objects unloaded after import = 0

========================================================================
Received Import Request.
  Time since last request: 0.000017 seconds.
  path: Assets/Meshes/Misc/Fancy Wall/Material/Glitter1.mat
  artifactKey: Guid(56ae0852964224ea3bbaf985f2e2229f) Importer(2089858483,b0f066a214c2f5e87bad3c948f4d605d)
Start importing Assets/Meshes/Misc/Fancy Wall/Material/Glitter1.mat using Guid(56ae0852964224ea3bbaf985f2e2229f) Importer(2089858483,b0f066a214c2f5e87bad3c948f4d605d) (ScriptedImporter) -> (artifact id: '8c7eb9fef3e3379d889a0a90d78fbaad') in 0.0027584 seconds
Number of updated asset objects reloaded before import = 0Number of asset objects unloaded after import = 2

========================================================================
Received Import Request.
  Time since last request: 0.000009 seconds.
  path: Assets/Meshes/Misc/Speaker/Materials/No Name.mat
  artifactKey: Guid(e1c1a9200a0274d9c9eae1bf4c2c4fb0) Importer(2089858483,b0f066a214c2f5e87bad3c948f4d605d)
Start importing Assets/Meshes/Misc/Speaker/Materials/No Name.mat using Guid(e1c1a9200a0274d9c9eae1bf4c2c4fb0) Importer(2089858483,b0f066a214c2f5e87bad3c948f4d605d) (ScriptedImporter) -> (artifact id: '441be17e07fb5bb96c6b9f1e2f2f79ba') in 0.0025353 seconds
Number of updated asset objects reloaded before import = 0Number of asset objects unloaded after import = 1

========================================================================
Received Import Request.
  Time since last request: 0.000010 seconds.
  path: Assets/Scripts/Helper/SnapToGrid.cs
  artifactKey: Guid(4652f0fd7e18346d99aa5adbd9bda366) Importer(2089858483,b0f066a214c2f5e87bad3c948f4d605d)
Start importing Assets/Scripts/Helper/SnapToGrid.cs using Guid(4652f0fd7e18346d99aa5adbd9bda366) Importer(2089858483,b0f066a214c2f5e87bad3c948f4d605d) (ScriptedImporter) -> (artifact id: '44e75ffefd1d5d5019a4243db13c04c1') in 0.0015865 seconds
Number of updated asset objects reloaded before import = 0Number of asset objects unloaded after import = 0

========================================================================
Received Import Request.
  Time since last request: 0.000007 seconds.
  path: Assets/Resources/Audio/Music/Loops/C/soundset_C_pixel_rhythm 1_128bpm.wav
  artifactKey: Guid(fa3a1036462d84fe3827430f2beabb5d) Importer(2089858483,b0f066a214c2f5e87bad3c948f4d605d)
Start importing Assets/Resources/Audio/Music/Loops/C/soundset_C_pixel_rhythm 1_128bpm.wav using Guid(fa3a1036462d84fe3827430f2beabb5d) Importer(2089858483,b0f066a214c2f5e87bad3c948f4d605d) (ScriptedImporter) -> (artifact id: '34fac6eeaea68b8dfbd7ca1365ec1a10') in 0.0212969 seconds
Number of updated asset objects reloaded before import = 0Number of asset objects unloaded after import = 1

========================================================================
Received Import Request.
  Time since last request: 0.000009 seconds.
  path: Assets/Meshes/Enviroment/Hill_Zone/Materials/Textures/Texture Atlas.mat
  artifactKey: Guid(f4ed629e3ecacb14ebd882092b087100) Importer(2089858483,b0f066a214c2f5e87bad3c948f4d605d)
Start importing Assets/Meshes/Enviroment/Hill_Zone/Materials/Textures/Texture Atlas.mat using Guid(f4ed629e3ecacb14ebd882092b087100) Importer(2089858483,b0f066a214c2f5e87bad3c948f4d605d) (ScriptedImporter) -> (artifact id: 'c52659d648e618f1764bbf60f71668c5') in 0.002998 seconds
Number of updated asset objects reloaded before import = 0Number of asset objects unloaded after import = 3

========================================================================
Received Import Request.
  Time since last request: 0.000008 seconds.
  path: Assets/Resources/Audio/Music/Loops/Copia de B/B30_Harmony_Piano_Octave Down_1_8bars_128bpm_switch.wav
  artifactKey: Guid(153d66f2194db47918de3ffee6355d3c) Importer(2089858483,b0f066a214c2f5e87bad3c948f4d605d)
Start importing Assets/Resources/Audio/Music/Loops/Copia de B/B30_Harmony_Piano_Octave Down_1_8bars_128bpm_switch.wav using Guid(153d66f2194db47918de3ffee6355d3c) Importer(2089858483,b0f066a214c2f5e87bad3c948f4d605d) (ScriptedImporter) -> (artifact id: 'a3802e3b0b7c9b67b0efb26cbc2552fd') in 0.0165313 seconds
Number of updated asset objects reloaded before import = 0Number of asset objects unloaded after import = 1

========================================================================
Received Import Request.
  Time since last request: 0.000009 seconds.
  path: Assets/Resources/Audio/Music/Loops/B/B47_Melody_Arpeggiator_Octave Up_2_8bars_128bpm_switch.wav.asd
  artifactKey: Guid(037934db7839540f6a5c841cfa1412ec) Importer(2089858483,b0f066a214c2f5e87bad3c948f4d605d)
Start importing Assets/Resources/Audio/Music/Loops/B/B47_Melody_Arpeggiator_Octave Up_2_8bars_128bpm_switch.wav.asd using Guid(037934db7839540f6a5c841cfa1412ec) Importer(2089858483,b0f066a214c2f5e87bad3c948f4d605d) (ScriptedImporter) -> (artifact id: 'af35ff1b105400cc90c3e1f5d148e4fd') in 0.0014809 seconds
Number of updated asset objects reloaded before import = 0Number of asset objects unloaded after import = 1

========================================================================
Received Import Request.
  Time since last request: 0.000010 seconds.
  path: Assets/Resources/Audio/Music/Loops/B/B23_Harmony_Bass_Octave Up_2_8bars_128bpm_stack.wav.asd
  artifactKey: Guid(3361b5c40f2754ae0b74cb0bff05c5bd) Importer(2089858483,b0f066a214c2f5e87bad3c948f4d605d)
Start importing Assets/Resources/Audio/Music/Loops/B/B23_Harmony_Bass_Octave Up_2_8bars_128bpm_stack.wav.asd using Guid(3361b5c40f2754ae0b74cb0bff05c5bd) Importer(2089858483,b0f066a214c2f5e87bad3c948f4d605d) (ScriptedImporter) -> (artifact id: 'b5ae920d84d209801dc2af5713b2cb7a') in 0.0015848 seconds
Number of updated asset objects reloaded before import = 0Number of asset objects unloaded after import = 1

========================================================================
Received Import Request.
  Time since last request: 0.000016 seconds.
  path: Assets/Meshes/Actors/Player/LMaD/Planes/Materials
  artifactKey: Guid(85c47a95f2cfb4299bfd6081acf61ac4) Importer(2089858483,b0f066a214c2f5e87bad3c948f4d605d)
Start importing Assets/Meshes/Actors/Player/LMaD/Planes/Materials using Guid(85c47a95f2cfb4299bfd6081acf61ac4) Importer(2089858483,b0f066a214c2f5e87bad3c948f4d605d) (ScriptedImporter) -> (artifact id: '13635204f951d984a8dbfff2c0876bfd') in 0.0013198 seconds
Number of updated asset objects reloaded before import = 0Number of asset objects unloaded after import = 1

========================================================================
Received Import Request.
  Time since last request: 0.000007 seconds.
  path: Assets/Meshes/Enviroment/Hill_Zone/buildings
  artifactKey: Guid(aeef3deb73d7bb5428e43cbcadf6c7ec) Importer(2089858483,b0f066a214c2f5e87bad3c948f4d605d)
Start importing Assets/Meshes/Enviroment/Hill_Zone/buildings using Guid(aeef3deb73d7bb5428e43cbcadf6c7ec) Importer(2089858483,b0f066a214c2f5e87bad3c948f4d605d) (ScriptedImporter) -> (artifact id: '14512806fd501c8541978d00030491af') in 0.0013273 seconds
Number of updated asset objects reloaded before import = 0Number of asset objects unloaded after import = 1

========================================================================
Received Import Request.
  Time since last request: 0.000007 seconds.
  path: Assets/Meshes/Enviroment/Hill_Zone/Materials/Tunnel
  artifactKey: Guid(3d08b9c0471204632b31e13a8384a9bc) Importer(2089858483,b0f066a214c2f5e87bad3c948f4d605d)
Start importing Assets/Meshes/Enviroment/Hill_Zone/Materials/Tunnel using Guid(3d08b9c0471204632b31e13a8384a9bc) Importer(2089858483,b0f066a214c2f5e87bad3c948f4d605d) (ScriptedImporter) -> (artifact id: '2918e682200c2eb95ed286c79d456866') in 0.0013806 seconds
Number of updated asset objects reloaded before import = 0Number of asset objects unloaded after import = 1

========================================================================
Received Import Request.
  Time since last request: 0.000007 seconds.
  path: Assets/Resources/Audio/Music/Loops/C/soundset_C_trippy_harmony 5_128bpm.wav
  artifactKey: Guid(10885c984b8f24cc8a02639b0ce4b5ea) Importer(2089858483,b0f066a214c2f5e87bad3c948f4d605d)
Start importing Assets/Resources/Audio/Music/Loops/C/soundset_C_trippy_harmony 5_128bpm.wav using Guid(10885c984b8f24cc8a02639b0ce4b5ea) Importer(2089858483,b0f066a214c2f5e87bad3c948f4d605d) (ScriptedImporter) -> (artifact id: '1078f2a318aaea278ac934d84fd6f336') in 0.0776837 seconds
Number of updated asset objects reloaded before import = 0Number of asset objects unloaded after import = 1

========================================================================
Received Import Request.
  Time since last request: 0.000025 seconds.
  path: Assets/Resources/Audio/Music/Loops/Copia de B/B6_Rhythm_Hi Hat_Basic_1_1bars_128bpm_switch.wav.asd
  artifactKey: Guid(7ab06dda7a5d04941b76b67a50f9cfbe) Importer(2089858483,b0f066a214c2f5e87bad3c948f4d605d)
Start importing Assets/Resources/Audio/Music/Loops/Copia de B/B6_Rhythm_Hi Hat_Basic_1_1bars_128bpm_switch.wav.asd using Guid(7ab06dda7a5d04941b76b67a50f9cfbe) Importer(2089858483,b0f066a214c2f5e87bad3c948f4d605d) (ScriptedImporter) -> (artifact id: 'aee389674be5fb9302dd7ebfccfd4e4c') in 0.0016928 seconds
Number of updated asset objects reloaded before import = 0Number of asset objects unloaded after import = 1

========================================================================
Received Import Request.
  Time since last request: 0.000009 seconds.
  path: Assets/Meshes/Enviroment/Hill_Zone/Horizon/sun.FBX
  artifactKey: Guid(63341812e6823cf4cb3978bf40d5f6b0) Importer(2089858483,b0f066a214c2f5e87bad3c948f4d605d)
Start importing Assets/Meshes/Enviroment/Hill_Zone/Horizon/sun.FBX using Guid(63341812e6823cf4cb3978bf40d5f6b0) Importer(2089858483,b0f066a214c2f5e87bad3c948f4d605d) (ScriptedImporter) -> (artifact id: '3c94e2b739a36e400638d8d4f91c4092') in 0.0053405 seconds
Number of updated asset objects reloaded before import = 0Number of asset objects unloaded after import = 7

========================================================================
Received Import Request.
  Time since last request: 0.000013 seconds.
  path: Assets/Resources/Materials/Basic/line_transparant.mat
  artifactKey: Guid(8d8c1de4d8310794d87d399842fbbbe4) Importer(2089858483,b0f066a214c2f5e87bad3c948f4d605d)
Start importing Assets/Resources/Materials/Basic/line_transparant.mat using Guid(8d8c1de4d8310794d87d399842fbbbe4) Importer(2089858483,b0f066a214c2f5e87bad3c948f4d605d) (ScriptedImporter) -> (artifact id: 'e43246f9e882819a2b73f4a9e53bdcf5') in 0.0025902 seconds
Number of updated asset objects reloaded before import = 0Number of asset objects unloaded after import = 2

========================================================================
Received Import Request.
  Time since last request: 0.000017 seconds.
  path: Assets/Meshes/Enviroment/Hill_Zone/Materials/Wind Turbine/windturbine_wing.mat
  artifactKey: Guid(be0eeac03325a41debacfca5f8016144) Importer(2089858483,b0f066a214c2f5e87bad3c948f4d605d)
Start importing Assets/Meshes/Enviroment/Hill_Zone/Materials/Wind Turbine/windturbine_wing.mat using Guid(be0eeac03325a41debacfca5f8016144) Importer(2089858483,b0f066a214c2f5e87bad3c948f4d605d) (ScriptedImporter) -> (artifact id: 'df2b2b5436a05e7053060bca22265429') in 0.0027561 seconds
Number of updated asset objects reloaded before import = 0Number of asset objects unloaded after import = 2

========================================================================
Received Import Request.
  Time since last request: 0.000011 seconds.
  path: Assets/Resources/Materials/Basic/Blue.mat
  artifactKey: Guid(51a52c1c2d3d8471b97824f26fa26e3d) Importer(2089858483,b0f066a214c2f5e87bad3c948f4d605d)
Start importing Assets/Resources/Materials/Basic/Blue.mat using Guid(51a52c1c2d3d8471b97824f26fa26e3d) Importer(2089858483,b0f066a214c2f5e87bad3c948f4d605d) (ScriptedImporter) -> (artifact id: '7b98f73a07b65b4e2dbdb9a797d2a71a') in 0.0023003 seconds
Number of updated asset objects reloaded before import = 0Number of asset objects unloaded after import = 1

========================================================================
Received Import Request.
  Time since last request: 0.000008 seconds.
  path: Assets/Resources/Data/_BACKUP2_HillZoneEnvironment.asset
  artifactKey: Guid(33a391df11f784eb6ae0f36ae548b9ef) Importer(2089858483,b0f066a214c2f5e87bad3c948f4d605d)
Start importing Assets/Resources/Data/_BACKUP2_HillZoneEnvironment.asset using Guid(33a391df11f784eb6ae0f36ae548b9ef) Importer(2089858483,b0f066a214c2f5e87bad3c948f4d605d) (ScriptedImporter) -> (artifact id: '24df44e6f6cb65d390a015bed5e0d455') in 0.3247442 seconds
Number of updated asset objects reloaded before import = 0Number of asset objects unloaded after import = 79520

========================================================================
Received Import Request.
  Time since last request: 0.000020 seconds.
  path: Assets/Resources/Audio/Music/Loops/B/B47_Melody_Arpeggiator_Octave Up_2_8bars_128bpm_switch.wav
  artifactKey: Guid(7d76921dfac424a5ca8d1952c97bdf6c) Importer(2089858483,b0f066a214c2f5e87bad3c948f4d605d)
Start importing Assets/Resources/Audio/Music/Loops/B/B47_Melody_Arpeggiator_Octave Up_2_8bars_128bpm_switch.wav using Guid(7d76921dfac424a5ca8d1952c97bdf6c) Importer(2089858483,b0f066a214c2f5e87bad3c948f4d605d) (ScriptedImporter) -> (artifact id: '0009eb4d2b102e199f5ba25340616a58') in 0.0162409 seconds
Number of updated asset objects reloaded before import = 0Number of asset objects unloaded after import = 1

========================================================================
Received Import Request.
  Time since last request: 0.000016 seconds.
  path: Assets/Prefabs/Particles
  artifactKey: Guid(03fe52341b17a48718393a5d7c2ae254) Importer(2089858483,b0f066a214c2f5e87bad3c948f4d605d)
Start importing Assets/Prefabs/Particles using Guid(03fe52341b17a48718393a5d7c2ae254) Importer(2089858483,b0f066a214c2f5e87bad3c948f4d605d) (ScriptedImporter) -> (artifact id: '6507e5e52d01836193c00c673bafca6a') in 0.0015311 seconds
Number of updated asset objects reloaded before import = 0Number of asset objects unloaded after import = 1

========================================================================
Received Import Request.
  Time since last request: 0.000008 seconds.
  path: Assets/Resources/Audio/Music/Loops/Copia de B/B4_Rhythm_Kick_Snare_Basic_3_1bars_128bpm_switch.wav
  artifactKey: Guid(5f7ade25130f64d819a5f51e2015cacd) Importer(2089858483,b0f066a214c2f5e87bad3c948f4d605d)
Start importing Assets/Resources/Audio/Music/Loops/Copia de B/B4_Rhythm_Kick_Snare_Basic_3_1bars_128bpm_switch.wav using Guid(5f7ade25130f64d819a5f51e2015cacd) Importer(2089858483,b0f066a214c2f5e87bad3c948f4d605d) (ScriptedImporter) -> (artifact id: '16f5e979acb54b8cee20e3b4db4e4962') in 0.0137113 seconds
Number of updated asset objects reloaded before import = 0Number of asset objects unloaded after import = 1

========================================================================
Received Import Request.
  Time since last request: 0.000009 seconds.
  path: Assets/Meshes/Misc/Materials/Pickup Purple Rythm.mat
  artifactKey: Guid(bdf8901b952bc44ca80d4c0287e17147) Importer(2089858483,b0f066a214c2f5e87bad3c948f4d605d)
Start importing Assets/Meshes/Misc/Materials/Pickup Purple Rythm.mat using Guid(bdf8901b952bc44ca80d4c0287e17147) Importer(2089858483,b0f066a214c2f5e87bad3c948f4d605d) (ScriptedImporter) -> (artifact id: '294b89e6098abec8aa55f9e1ba06a6cb') in 0.002421 seconds
Number of updated asset objects reloaded before import = 0Number of asset objects unloaded after import = 1

========================================================================
Received Import Request.
  Time since last request: 0.000007 seconds.
  path: Assets/Meshes/Models/Reworked/Props/Shrooms_01.fbx
  artifactKey: Guid(29f54cd7956a56c45b4d93c970fc0f12) Importer(2089858483,b0f066a214c2f5e87bad3c948f4d605d)
Start importing Assets/Meshes/Models/Reworked/Props/Shrooms_01.fbx using Guid(29f54cd7956a56c45b4d93c970fc0f12) Importer(2089858483,b0f066a214c2f5e87bad3c948f4d605d) (ScriptedImporter) -> (artifact id: '04922db4d94027896b013acd143d2d2c') in 0.0059574 seconds
Number of updated asset objects reloaded before import = 0Number of asset objects unloaded after import = 9

========================================================================
Received Import Request.
  Time since last request: 0.000010 seconds.
  path: Assets/Resources/Audio/Music/Loops/B/B9_Rhythm_Hi Hat_Double_4_1bars_128bpm_switch.wav.asd
  artifactKey: Guid(bff97448c71354d6caa518b1af0be218) Importer(2089858483,b0f066a214c2f5e87bad3c948f4d605d)
Start importing Assets/Resources/Audio/Music/Loops/B/B9_Rhythm_Hi Hat_Double_4_1bars_128bpm_switch.wav.asd using Guid(bff97448c71354d6caa518b1af0be218) Importer(2089858483,b0f066a214c2f5e87bad3c948f4d605d) (ScriptedImporter) -> (artifact id: '91bdc7202aa58c921a325cd2723df693') in 0.0013449 seconds
Number of updated asset objects reloaded before import = 0Number of asset objects unloaded after import = 1

========================================================================
Received Import Request.
  Time since last request: 0.000008 seconds.
  path: Assets/Meshes/Enviroment/Hill_Zone/buildings/Materials
  artifactKey: Guid(c015ac8494c5b934cb01a49efa1abc32) Importer(2089858483,b0f066a214c2f5e87bad3c948f4d605d)
Start importing Assets/Meshes/Enviroment/Hill_Zone/buildings/Materials using Guid(c015ac8494c5b934cb01a49efa1abc32) Importer(2089858483,b0f066a214c2f5e87bad3c948f4d605d) (ScriptedImporter) -> (artifact id: '0427841f10b85528139957b5e4e8f9d2') in 0.0012068 seconds
Number of updated asset objects reloaded before import = 0Number of asset objects unloaded after import = 1

========================================================================
Received Import Request.
  Time since last request: 0.000008 seconds.
  path: Assets/Meshes/Misc/Speaker/Materials/speaker 2.mat
  artifactKey: Guid(ce09d7b3bf0104eb884c8ec9435ab142) Importer(2089858483,b0f066a214c2f5e87bad3c948f4d605d)
Start importing Assets/Meshes/Misc/Speaker/Materials/speaker 2.mat using Guid(ce09d7b3bf0104eb884c8ec9435ab142) Importer(2089858483,b0f066a214c2f5e87bad3c948f4d605d) (ScriptedImporter) -> (artifact id: '062d1a0257060dd4aa93316915763ae5') in 0.0024097 seconds
Number of updated asset objects reloaded before import = 0Number of asset objects unloaded after import = 1

========================================================================
Received Import Request.
  Time since last request: 0.000007 seconds.
  path: Assets/Scripts/Global/MIDIInputManager.cs
  artifactKey: Guid(4cfc5916227f147269f64cfc62878140) Importer(2089858483,b0f066a214c2f5e87bad3c948f4d605d)
Start importing Assets/Scripts/Global/MIDIInputManager.cs using Guid(4cfc5916227f147269f64cfc62878140) Importer(2089858483,b0f066a214c2f5e87bad3c948f4d605d) (ScriptedImporter) -> (artifact id: 'cbbec02378d56a59cddf8661ac1e72a3') in 0.0014539 seconds
Number of updated asset objects reloaded before import = 0Number of asset objects unloaded after import = 0

========================================================================
Received Import Request.
  Time since last request: 0.000010 seconds.
  path: Assets/Resources/Audio/Music/Loops/B/B44_Melody_Bells_Arpeggio_3_8bars_128bpm_switch.wav
  artifactKey: Guid(067ba458353604d7fa0c1905d3661fb1) Importer(2089858483,b0f066a214c2f5e87bad3c948f4d605d)
Start importing Assets/Resources/Audio/Music/Loops/B/B44_Melody_Bells_Arpeggio_3_8bars_128bpm_switch.wav using Guid(067ba458353604d7fa0c1905d3661fb1) Importer(2089858483,b0f066a214c2f5e87bad3c948f4d605d) (ScriptedImporter) -> (artifact id: '086f00d0212fab2ae5dceeb1f9e453e0') in 0.0144048 seconds
Number of updated asset objects reloaded before import = 0Number of asset objects unloaded after import = 1

========================================================================
Received Import Request.
  Time since last request: 0.000031 seconds.
  path: Assets/Meshes/Misc/Piano
  artifactKey: Guid(56ada9c619e773e4cabec3a44c4c08a2) Importer(2089858483,b0f066a214c2f5e87bad3c948f4d605d)
Start importing Assets/Meshes/Misc/Piano using Guid(56ada9c619e773e4cabec3a44c4c08a2) Importer(2089858483,b0f066a214c2f5e87bad3c948f4d605d) (ScriptedImporter) -> (artifact id: '75373b026546b0f533215d43d5b2e600') in 0.0015736 seconds
Number of updated asset objects reloaded before import = 0Number of asset objects unloaded after import = 1

========================================================================
Received Import Request.
  Time since last request: 0.000008 seconds.
  path: Assets/Resources/Audio/Music/Loops/C/soundset_C_pixel_rhythm 3_128bpm.wav
  artifactKey: Guid(2aafb891e40c747b8b1b321818d01a15) Importer(2089858483,b0f066a214c2f5e87bad3c948f4d605d)
Start importing Assets/Resources/Audio/Music/Loops/C/soundset_C_pixel_rhythm 3_128bpm.wav using Guid(2aafb891e40c747b8b1b321818d01a15) Importer(2089858483,b0f066a214c2f5e87bad3c948f4d605d) (ScriptedImporter) -> (artifact id: 'e045fca15138a31c33f0882ea129653b') in 0.0189001 seconds
Number of updated asset objects reloaded before import = 0Number of asset objects unloaded after import = 1

========================================================================
Received Import Request.
  Time since last request: 0.000008 seconds.
  path: Assets/Prefabs/Enviroment/Hill_Zone/temp/LowToFlat.prefab
  artifactKey: Guid(0ad9035616ab741409dfdca3d4f83a29) Importer(2089858483,b0f066a214c2f5e87bad3c948f4d605d)
Start importing Assets/Prefabs/Enviroment/Hill_Zone/temp/LowToFlat.prefab using Guid(0ad9035616ab741409dfdca3d4f83a29) Importer(2089858483,b0f066a214c2f5e87bad3c948f4d605d) (ScriptedImporter) -> (artifact id: 'e0d51c69bdd12b29be29099e66da261f') in 0.0031772 seconds
Number of updated asset objects reloaded before import = 0Number of asset objects unloaded after import = 23

========================================================================
Received Import Request.
  Time since last request: 0.000011 seconds.
  path: Assets/Scripts/Global/MathHelper.cs
  artifactKey: Guid(f5d1f88acd09f476793f5e5c7b12708f) Importer(2089858483,b0f066a214c2f5e87bad3c948f4d605d)
Start importing Assets/Scripts/Global/MathHelper.cs using Guid(f5d1f88acd09f476793f5e5c7b12708f) Importer(2089858483,b0f066a214c2f5e87bad3c948f4d605d) (ScriptedImporter) -> (artifact id: '5d2af0bbe9d364e9bc9a07da0a9969e0') in 0.0013674 seconds
Number of updated asset objects reloaded before import = 0Number of asset objects unloaded after import = 0

========================================================================
Received Import Request.
  Time since last request: 0.000008 seconds.
  path: Assets/Scenes/TestScenes
  artifactKey: Guid(986795d3dcd6146579c499c80c1e4eed) Importer(2089858483,b0f066a214c2f5e87bad3c948f4d605d)
Start importing Assets/Scenes/TestScenes using Guid(986795d3dcd6146579c499c80c1e4eed) Importer(2089858483,b0f066a214c2f5e87bad3c948f4d605d) (ScriptedImporter) -> (artifact id: '3bbce0fe9dc029f62d0c0851d04457cb') in 0.0013912 seconds
Number of updated asset objects reloaded before import = 0Number of asset objects unloaded after import = 1

========================================================================
Received Import Request.
  Time since last request: 0.000009 seconds.
  path: Assets/Resources/Audio/Music/Loops/B/B10_Rhythm_Percussion_Basic_1_1bars_128bpm_switch.wav
  artifactKey: Guid(ebc83e7d134e449cb9c1a4bbf814bec1) Importer(2089858483,b0f066a214c2f5e87bad3c948f4d605d)
Start importing Assets/Resources/Audio/Music/Loops/B/B10_Rhythm_Percussion_Basic_1_1bars_128bpm_switch.wav using Guid(ebc83e7d134e449cb9c1a4bbf814bec1) Importer(2089858483,b0f066a214c2f5e87bad3c948f4d605d) (ScriptedImporter) -> (artifact id: 'b718623aad8d520df9aad1cd2c1f577d') in 0.0132672 seconds
Number of updated asset objects reloaded before import = 0Number of asset objects unloaded after import = 1

========================================================================
Received Import Request.
  Time since last request: 0.000009 seconds.
  path: Assets/Scripts/Editor/TriggerTargetEditor.cs
  artifactKey: Guid(c70c6dca679b64a0496ac7e8957bd8a8) Importer(2089858483,b0f066a214c2f5e87bad3c948f4d605d)
Start importing Assets/Scripts/Editor/TriggerTargetEditor.cs using Guid(c70c6dca679b64a0496ac7e8957bd8a8) Importer(2089858483,b0f066a214c2f5e87bad3c948f4d605d) (ScriptedImporter) -> (artifact id: '0c3c0fe2196a5e46ebb099051462be90') in 0.0015138 seconds
Number of updated asset objects reloaded before import = 0Number of asset objects unloaded after import = 0

========================================================================
Received Import Request.
  Time since last request: 0.000008 seconds.
  path: Assets/Meshes/Enviroment/Hill_Zone/misc/road_bend.FBX
  artifactKey: Guid(5558699987ecf6147acf2169cb238b57) Importer(2089858483,b0f066a214c2f5e87bad3c948f4d605d)
Start importing Assets/Meshes/Enviroment/Hill_Zone/misc/road_bend.FBX using Guid(5558699987ecf6147acf2169cb238b57) Importer(2089858483,b0f066a214c2f5e87bad3c948f4d605d) (ScriptedImporter) -> (artifact id: 'cc21550c64d80805fdb5127457d50c61') in 0.0086473 seconds
Number of updated asset objects reloaded before import = 0Number of asset objects unloaded after import = 14

========================================================================
Received Import Request.
  Time since last request: 0.000013 seconds.
  path: Assets/Resources/Audio/Music/Loops/B/B5_Rhythm_Kick_Snare_Basic_4_1bars_128bpm_switch.wav
  artifactKey: Guid(9a13f01784e174ff497e4f76781aebf2) Importer(2089858483,b0f066a214c2f5e87bad3c948f4d605d)
Start importing Assets/Resources/Audio/Music/Loops/B/B5_Rhythm_Kick_Snare_Basic_4_1bars_128bpm_switch.wav using Guid(9a13f01784e174ff497e4f76781aebf2) Importer(2089858483,b0f066a214c2f5e87bad3c948f4d605d) (ScriptedImporter) -> (artifact id: '898f006dbbfdd26be5c4eb152155d05e') in 0.013153 seconds
Number of updated asset objects reloaded before import = 0Number of asset objects unloaded after import = 1

========================================================================
Received Import Request.
  Time since last request: 0.000016 seconds.
  path: Assets/Scripts/Scene/Trigger/BaseClasses/TriggerDoAction.cs
  artifactKey: Guid(66440dec5260643fb9b6731b5ce36f7f) Importer(2089858483,b0f066a214c2f5e87bad3c948f4d605d)
Start importing Assets/Scripts/Scene/Trigger/BaseClasses/TriggerDoAction.cs using Guid(66440dec5260643fb9b6731b5ce36f7f) Importer(2089858483,b0f066a214c2f5e87bad3c948f4d605d) (ScriptedImporter) -> (artifact id: 'cf5e448124118db7f332265cd868e74b') in 0.0013095 seconds
Number of updated asset objects reloaded before import = 0Number of asset objects unloaded after import = 0

========================================================================
Received Import Request.
  Time since last request: 0.000009 seconds.
  path: Assets/Meshes/Misc/Mic/Materials/No Name.mat
  artifactKey: Guid(d0f09cc35e4dd4fd9933b48c99a036c9) Importer(2089858483,b0f066a214c2f5e87bad3c948f4d605d)
Start importing Assets/Meshes/Misc/Mic/Materials/No Name.mat using Guid(d0f09cc35e4dd4fd9933b48c99a036c9) Importer(2089858483,b0f066a214c2f5e87bad3c948f4d605d) (ScriptedImporter) -> (artifact id: '331ef8f3a86a379fff40907c76e6580c') in 0.0026937 seconds
Number of updated asset objects reloaded before import = 0Number of asset objects unloaded after import = 1

========================================================================
Received Import Request.
  Time since last request: 0.000008 seconds.
  path: Assets/Meshes/Models/Reworked/Environment/Hill_02.fbx
  artifactKey: Guid(c06ab4b5de509c746859a4970daeb743) Importer(2089858483,b0f066a214c2f5e87bad3c948f4d605d)
Start importing Assets/Meshes/Models/Reworked/Environment/Hill_02.fbx using Guid(c06ab4b5de509c746859a4970daeb743) Importer(2089858483,b0f066a214c2f5e87bad3c948f4d605d) (ScriptedImporter) -> (artifact id: '1b39c642340ebe554ffdaecbee8cbfd2') in 0.0061808 seconds
Number of updated asset objects reloaded before import = 0Number of asset objects unloaded after import = 9

========================================================================
Received Import Request.
  Time since last request: 0.000013 seconds.
  path: Assets/Resources/Audio/Music/Tracks/Test/test1_layer4_harmony.mp3
  artifactKey: Guid(a972384fd0c2d42288306d14ede7fdc1) Importer(2089858483,b0f066a214c2f5e87bad3c948f4d605d)
Start importing Assets/Resources/Audio/Music/Tracks/Test/test1_layer4_harmony.mp3 using Guid(a972384fd0c2d42288306d14ede7fdc1) Importer(2089858483,b0f066a214c2f5e87bad3c948f4d605d) (ScriptedImporter) -> (artifact id: '5080c88f1baf8f6c57eb7eb077a93d26') in 0.0342956 seconds
Number of updated asset objects reloaded before import = 0Number of asset objects unloaded after import = 1

========================================================================
Received Import Request.
  Time since last request: 0.000010 seconds.
  path: Assets/Meshes/Misc/Speaker/Materials
  artifactKey: Guid(cc3b75f8eaf584c31bc574f99a2d8cee) Importer(2089858483,b0f066a214c2f5e87bad3c948f4d605d)
Start importing Assets/Meshes/Misc/Speaker/Materials using Guid(cc3b75f8eaf584c31bc574f99a2d8cee) Importer(2089858483,b0f066a214c2f5e87bad3c948f4d605d) (ScriptedImporter) -> (artifact id: 'c7394c4ed3411e38bd1e7b8f309fd6f8') in 0.0016915 seconds
Number of updated asset objects reloaded before import = 0Number of asset objects unloaded after import = 1

========================================================================
Received Import Request.
  Time since last request: 0.000010 seconds.
  path: Assets/Prefabs/Enviroment/Test/TestCable.prefab
  artifactKey: Guid(9403c022e68204196b2c3d056b762b5d) Importer(2089858483,b0f066a214c2f5e87bad3c948f4d605d)
Start importing Assets/Prefabs/Enviroment/Test/TestCable.prefab using Guid(9403c022e68204196b2c3d056b762b5d) Importer(2089858483,b0f066a214c2f5e87bad3c948f4d605d) (ScriptedImporter) -> (artifact id: 'be8cf87562d6e2fbfafa6383b16f764e') in 0.0036429 seconds
Number of updated asset objects reloaded before import = 0Number of asset objects unloaded after import = 8

========================================================================
Received Import Request.
  Time since last request: 0.000010 seconds.
  path: Assets/Prefabs/Triggers/TriggerGameObjectInScene.prefab
  artifactKey: Guid(482d4940f5e704bcbbe13bbee94897a2) Importer(2089858483,b0f066a214c2f5e87bad3c948f4d605d)
Start importing Assets/Prefabs/Triggers/TriggerGameObjectInScene.prefab using Guid(482d4940f5e704bcbbe13bbee94897a2) Importer(2089858483,b0f066a214c2f5e87bad3c948f4d605d) (ScriptedImporter) -> (artifact id: 'd7bdbc05a35a7de756e48efc1d5d4d00') in 0.006763 seconds
Number of updated asset objects reloaded before import = 0Number of asset objects unloaded after import = 8

========================================================================
Received Import Request.
  Time since last request: 0.000015 seconds.
  path: Assets/Meshes/Enviroment/Hill_Zone/transitions/low_to_flat_a.FBX
  artifactKey: Guid(e40f4c525a5c8a846845788dd8d23555) Importer(2089858483,b0f066a214c2f5e87bad3c948f4d605d)
Start importing Assets/Meshes/Enviroment/Hill_Zone/transitions/low_to_flat_a.FBX using Guid(e40f4c525a5c8a846845788dd8d23555) Importer(2089858483,b0f066a214c2f5e87bad3c948f4d605d) (ScriptedImporter) -> (artifact id: '6dfef32fc08a505cbcd8748ac777b43e') in 0.0057963 seconds
Number of updated asset objects reloaded before import = 0Number of asset objects unloaded after import = 26

========================================================================
Received Import Request.
  Time since last request: 0.000020 seconds.
  path: Assets/Meshes/Misc/Palm Tree/Materials/palmtree_texture_rainbow-01.mat
  artifactKey: Guid(6707e9d4aa6d2468a8b8fabe9b47a6b1) Importer(2089858483,b0f066a214c2f5e87bad3c948f4d605d)
Start importing Assets/Meshes/Misc/Palm Tree/Materials/palmtree_texture_rainbow-01.mat using Guid(6707e9d4aa6d2468a8b8fabe9b47a6b1) Importer(2089858483,b0f066a214c2f5e87bad3c948f4d605d) (ScriptedImporter) -> (artifact id: 'bdf19ecf46581275efc5153df7f69b13') in 0.0038403 seconds
Number of updated asset objects reloaded before import = 0Number of asset objects unloaded after import = 2

========================================================================
Received Import Request.
  Time since last request: 0.000012 seconds.
  path: Assets/MidiJack/MidiMaster.cs
  artifactKey: Guid(2bf272b0d32f247b2b89c9655a5ea8b5) Importer(2089858483,b0f066a214c2f5e87bad3c948f4d605d)
Start importing Assets/MidiJack/MidiMaster.cs using Guid(2bf272b0d32f247b2b89c9655a5ea8b5) Importer(2089858483,b0f066a214c2f5e87bad3c948f4d605d) (ScriptedImporter) -> (artifact id: '833bd1430e80126f6cb68eb26083a77c') in 0.0015882 seconds
Number of updated asset objects reloaded before import = 0Number of asset objects unloaded after import = 0

========================================================================
Received Import Request.
  Time since last request: 0.000009 seconds.
  path: Assets/Resources/Audio/Music/Loops/B/B9_Rhythm_Hi Hat_Double_4_1bars_128bpm_switch.wav.asd.wav.asd
  artifactKey: Guid(b03a7ec131af24573ac72b5a696f99f1) Importer(2089858483,b0f066a214c2f5e87bad3c948f4d605d)
Start importing Assets/Resources/Audio/Music/Loops/B/B9_Rhythm_Hi Hat_Double_4_1bars_128bpm_switch.wav.asd.wav.asd using Guid(b03a7ec131af24573ac72b5a696f99f1) Importer(2089858483,b0f066a214c2f5e87bad3c948f4d605d) (ScriptedImporter) -> (artifact id: 'cb70c1dea17d5d2d45c4b383c2db3383') in 0.0014979 seconds
Number of updated asset objects reloaded before import = 0Number of asset objects unloaded after import = 1

========================================================================
Received Import Request.
  Time since last request: 0.000009 seconds.
  path: Assets/Meshes/Enviroment/Hill_Zone/Materials/Power Line/powerline_bottom_box.mat
  artifactKey: Guid(a4c63ceff3c884206a3b6c963579ceca) Importer(2089858483,b0f066a214c2f5e87bad3c948f4d605d)
Start importing Assets/Meshes/Enviroment/Hill_Zone/Materials/Power Line/powerline_bottom_box.mat using Guid(a4c63ceff3c884206a3b6c963579ceca) Importer(2089858483,b0f066a214c2f5e87bad3c948f4d605d) (ScriptedImporter) -> (artifact id: 'c9aef941fb6e380841fd2e3df93173c4') in 0.0034363 seconds
Number of updated asset objects reloaded before import = 0Number of asset objects unloaded after import = 3

========================================================================
Received Import Request.
  Time since last request: 0.000010 seconds.
  path: Assets/Scripts/Scene/OnRhythm/ScaleOnRhythmPeriodic.cs
  artifactKey: Guid(3d09915e552374a09ac511edfc46fd16) Importer(2089858483,b0f066a214c2f5e87bad3c948f4d605d)
Start importing Assets/Scripts/Scene/OnRhythm/ScaleOnRhythmPeriodic.cs using Guid(3d09915e552374a09ac511edfc46fd16) Importer(2089858483,b0f066a214c2f5e87bad3c948f4d605d) (ScriptedImporter) -> (artifact id: '2ab983b4bc9049ae2e6f3499c4f5f5c4') in 0.0016221 seconds
Number of updated asset objects reloaded before import = 0Number of asset objects unloaded after import = 0

========================================================================
Received Import Request.
  Time since last request: 0.000008 seconds.
  path: Assets/Resources/Audio/Music/Loops/B/B46_Melody_Arpeggiator_Octave Down_1_8bars_128bpm_switch.wav
  artifactKey: Guid(81b45770c80b040e193bed4eb6df4e08) Importer(2089858483,b0f066a214c2f5e87bad3c948f4d605d)
Start importing Assets/Resources/Audio/Music/Loops/B/B46_Melody_Arpeggiator_Octave Down_1_8bars_128bpm_switch.wav using Guid(81b45770c80b040e193bed4eb6df4e08) Importer(2089858483,b0f066a214c2f5e87bad3c948f4d605d) (ScriptedImporter) -> (artifact id: '35aa61a4a666c1a4f2159fef5e336efe') in 0.0149798 seconds
Number of updated asset objects reloaded before import = 0Number of asset objects unloaded after import = 1

========================================================================
Received Import Request.
  Time since last request: 0.000007 seconds.
  path: Assets/Meshes/Enviroment/Hill_Zone/Materials/Textures/tunnel_texture_body_1_dark.png
  artifactKey: Guid(cdbb8f36569704a6eb0d1ca518db1214) Importer(2089858483,b0f066a214c2f5e87bad3c948f4d605d)
Start importing Assets/Meshes/Enviroment/Hill_Zone/Materials/Textures/tunnel_texture_body_1_dark.png using Guid(cdbb8f36569704a6eb0d1ca518db1214) Importer(2089858483,b0f066a214c2f5e87bad3c948f4d605d) (ScriptedImporter) -> (artifact id: '3fd7a4b2b8ce54674061d6a6988bc4ce') in 0.0049083 seconds
Number of updated asset objects reloaded before import = 0Number of asset objects unloaded after import = 1

========================================================================
Received Import Request.
  Time since last request: 0.000008 seconds.
  path: Assets/Resources/Audio/Music/Loops/C/soundset_C_trippy_harmony 6_128bpm.wav
  artifactKey: Guid(b227f613d1dc44ab092205260632009b) Importer(2089858483,b0f066a214c2f5e87bad3c948f4d605d)
Start importing Assets/Resources/Audio/Music/Loops/C/soundset_C_trippy_harmony 6_128bpm.wav using Guid(b227f613d1dc44ab092205260632009b) Importer(2089858483,b0f066a214c2f5e87bad3c948f4d605d) (ScriptedImporter) -> (artifact id: '8a564abce7b1e0f2b14df5395ae6c20b') in 0.0743843 seconds
Number of updated asset objects reloaded before import = 0Number of asset objects unloaded after import = 1

========================================================================
Received Import Request.
  Time since last request: 0.000011 seconds.
  path: Assets/_Recovery/0 (2).unity
  artifactKey: Guid(e4f5a31ba4f1e4f33aa47b30f736d635) Importer(2089858483,b0f066a214c2f5e87bad3c948f4d605d)
Start importing Assets/_Recovery/0 (2).unity using Guid(e4f5a31ba4f1e4f33aa47b30f736d635) Importer(2089858483,b0f066a214c2f5e87bad3c948f4d605d) (ScriptedImporter) -> (artifact id: 'f1d2cbfd8245283cc4631b619f1e1084') in 0.0026817 seconds
Number of updated asset objects reloaded before import = 0Number of asset objects unloaded after import = 1

========================================================================
Received Import Request.
  Time since last request: 0.000016 seconds.
  path: Assets/Scenes/Juan_Levels/template_juan
  artifactKey: Guid(1f2d2ad54f6e8403ab6572e21dd83bdb) Importer(2089858483,b0f066a214c2f5e87bad3c948f4d605d)
Start importing Assets/Scenes/Juan_Levels/template_juan using Guid(1f2d2ad54f6e8403ab6572e21dd83bdb) Importer(2089858483,b0f066a214c2f5e87bad3c948f4d605d) (ScriptedImporter) -> (artifact id: '808ec3a24654885180305b8aa03ccfe8') in 0.0014802 seconds
Number of updated asset objects reloaded before import = 0Number of asset objects unloaded after import = 1

========================================================================
Received Import Request.
  Time since last request: 0.000008 seconds.
  path: Assets/_Recovery/0 (1).unity
  artifactKey: Guid(7a2ae1f4053c745299a071efb4012a53) Importer(2089858483,b0f066a214c2f5e87bad3c948f4d605d)
Start importing Assets/_Recovery/0 (1).unity using Guid(7a2ae1f4053c745299a071efb4012a53) Importer(2089858483,b0f066a214c2f5e87bad3c948f4d605d) (ScriptedImporter) -> (artifact id: 'd138eb69b19c968e76cb80cb788fbf8a') in 0.0031386 seconds
Number of updated asset objects reloaded before import = 0Number of asset objects unloaded after import = 1

========================================================================
Received Import Request.
  Time since last request: 0.000018 seconds.
  path: Assets/Meshes/Enviroment/Hill_Zone/transitions/low_to_flat_b.FBX
  artifactKey: Guid(593ada80ec69a7b4299d82d7fee271e7) Importer(2089858483,b0f066a214c2f5e87bad3c948f4d605d)
Start importing Assets/Meshes/Enviroment/Hill_Zone/transitions/low_to_flat_b.FBX using Guid(593ada80ec69a7b4299d82d7fee271e7) Importer(2089858483,b0f066a214c2f5e87bad3c948f4d605d) (ScriptedImporter) -> (artifact id: 'ed52570524bada6a5c238135479730a3') in 0.0072054 seconds
Number of updated asset objects reloaded before import = 0Number of asset objects unloaded after import = 27

========================================================================
Received Import Request.
  Time since last request: 0.000012 seconds.
  path: Assets/Resources/Audio/Music/Loops/B/B14_Rhythm_Clap_Minimal_1_1bars_128bpm_switch.wav.asd
  artifactKey: Guid(7a35318512fba4bf787c0f5b2a5e2b95) Importer(2089858483,b0f066a214c2f5e87bad3c948f4d605d)
Start importing Assets/Resources/Audio/Music/Loops/B/B14_Rhythm_Clap_Minimal_1_1bars_128bpm_switch.wav.asd using Guid(7a35318512fba4bf787c0f5b2a5e2b95) Importer(2089858483,b0f066a214c2f5e87bad3c948f4d605d) (ScriptedImporter) -> (artifact id: 'e379d74ca5b59647d88f842c24a7f4a9') in 0.0014176 seconds
Number of updated asset objects reloaded before import = 0Number of asset objects unloaded after import = 1

========================================================================
Received Import Request.
  Time since last request: 0.000008 seconds.
  path: Assets/Resources/Audio/Music/Loops/Copia de B/B43_Melody_Bells_Octave Up_2_8bars_128bpm_switch.wav
  artifactKey: Guid(e81e9b897591646ccaf7e10fa9a8b8d3) Importer(2089858483,b0f066a214c2f5e87bad3c948f4d605d)
Start importing Assets/Resources/Audio/Music/Loops/Copia de B/B43_Melody_Bells_Octave Up_2_8bars_128bpm_switch.wav using Guid(e81e9b897591646ccaf7e10fa9a8b8d3) Importer(2089858483,b0f066a214c2f5e87bad3c948f4d605d) (ScriptedImporter) -> (artifact id: 'b7924297e343a8c0fdb68580895e64a6') in 0.0147703 seconds
Number of updated asset objects reloaded before import = 0Number of asset objects unloaded after import = 1

========================================================================
Received Import Request.
  Time since last request: 0.000009 seconds.
  path: Assets/Resources/Audio/Music/Loops/B/B16_Rhythm_Clap_Minimal_3_1bars_128bpm_switch.wav.asd
  artifactKey: Guid(fc53c2ff9f3f34ae08ac6fb187b37f5a) Importer(2089858483,b0f066a214c2f5e87bad3c948f4d605d)
Start importing Assets/Resources/Audio/Music/Loops/B/B16_Rhythm_Clap_Minimal_3_1bars_128bpm_switch.wav.asd using Guid(fc53c2ff9f3f34ae08ac6fb187b37f5a) Importer(2089858483,b0f066a214c2f5e87bad3c948f4d605d) (ScriptedImporter) -> (artifact id: '7b2041104bd3f420bbbbd468feac9439') in 0.0017263 seconds
Number of updated asset objects reloaded before import = 0Number of asset objects unloaded after import = 1

========================================================================
Received Import Request.
  Time since last request: 0.000010 seconds.
  path: Assets/Prefabs/Debug/EditorGrid.prefab
  artifactKey: Guid(c3eebe27e169b4cd485ee58fe0b3660e) Importer(2089858483,b0f066a214c2f5e87bad3c948f4d605d)
Start importing Assets/Prefabs/Debug/EditorGrid.prefab using Guid(c3eebe27e169b4cd485ee58fe0b3660e) Importer(2089858483,b0f066a214c2f5e87bad3c948f4d605d) (ScriptedImporter) -> (artifact id: 'c1723a36a27343415df48f9a9866b012') in 0.0058899 seconds
Number of updated asset objects reloaded before import = 0Number of asset objects unloaded after import = 5

========================================================================
Received Import Request.
  Time since last request: 0.000012 seconds.
  path: Assets/Resources/Audio/Music/Loops/B/B16_Rhythm_Clap_Minimal_3_1bars_128bpm_switch.wav
  artifactKey: Guid(80b2db99af81e43578295c28241d847d) Importer(2089858483,b0f066a214c2f5e87bad3c948f4d605d)
Start importing Assets/Resources/Audio/Music/Loops/B/B16_Rhythm_Clap_Minimal_3_1bars_128bpm_switch.wav using Guid(80b2db99af81e43578295c28241d847d) Importer(2089858483,b0f066a214c2f5e87bad3c948f4d605d) (ScriptedImporter) -> (artifact id: '5d484816229607f58b3a4cb57a8853f8') in 0.0146314 seconds
Number of updated asset objects reloaded before import = 0Number of asset objects unloaded after import = 1

========================================================================
Received Import Request.
  Time since last request: 0.000010 seconds.
  path: Assets/Meshes/Actors/Player/Papair/Materials
  artifactKey: Guid(26d069015a8c74daaa47683df837f109) Importer(2089858483,b0f066a214c2f5e87bad3c948f4d605d)
Start importing Assets/Meshes/Actors/Player/Papair/Materials using Guid(26d069015a8c74daaa47683df837f109) Importer(2089858483,b0f066a214c2f5e87bad3c948f4d605d) (ScriptedImporter) -> (artifact id: '2b3b27a5ef2f95903c5894b48cf1595d') in 0.0014064 seconds
Number of updated asset objects reloaded before import = 0Number of asset objects unloaded after import = 1

========================================================================
Received Import Request.
  Time since last request: 0.000014 seconds.
  path: Assets/Resources/Audio/Music/Loops/B/B18_Harmony_Pad_Basic_1_8bars_128bpm_switch.wav.asd
  artifactKey: Guid(afccde07a2fac482196bdcd5478cffe3) Importer(2089858483,b0f066a214c2f5e87bad3c948f4d605d)
Start importing Assets/Resources/Audio/Music/Loops/B/B18_Harmony_Pad_Basic_1_8bars_128bpm_switch.wav.asd using Guid(afccde07a2fac482196bdcd5478cffe3) Importer(2089858483,b0f066a214c2f5e87bad3c948f4d605d) (ScriptedImporter) -> (artifact id: '1bb95c5184b3bdbbeef1e261fdf7dd65') in 0.001643 seconds
Number of updated asset objects reloaded before import = 0Number of asset objects unloaded after import = 1

========================================================================
Received Import Request.
  Time since last request: 0.000010 seconds.
  path: Assets/Meshes/Enviroment/Hill_Zone/buildings/tank01.FBX
  artifactKey: Guid(92cd433e28e0350409e759206f590b76) Importer(2089858483,b0f066a214c2f5e87bad3c948f4d605d)
Start importing Assets/Meshes/Enviroment/Hill_Zone/buildings/tank01.FBX using Guid(92cd433e28e0350409e759206f590b76) Importer(2089858483,b0f066a214c2f5e87bad3c948f4d605d) (ScriptedImporter) -> (artifact id: '4888faa8a43c5fa404addfe41561c579') in 0.0084997 seconds
Number of updated asset objects reloaded before import = 0Number of asset objects unloaded after import = 25

========================================================================
Received Import Request.
  Time since last request: 0.000008 seconds.
  path: Assets/MidiJack/Plugins/x86
  artifactKey: Guid(558b592ff416d2e41b92c9973e7ddebc) Importer(2089858483,b0f066a214c2f5e87bad3c948f4d605d)
Start importing Assets/MidiJack/Plugins/x86 using Guid(558b592ff416d2e41b92c9973e7ddebc) Importer(2089858483,b0f066a214c2f5e87bad3c948f4d605d) (ScriptedImporter) -> (artifact id: '53d77237c1f981f5cdd71dcdfa6deb29') in 0.0014003 seconds
Number of updated asset objects reloaded before import = 0Number of asset objects unloaded after import = 1

========================================================================
Received Import Request.
  Time since last request: 0.000008 seconds.
  path: Assets/Meshes/Enviroment/Trippy_Zone/spiral_entrance.FBX
  artifactKey: Guid(70b5f76779d69d9409f5c4e906ad7a4d) Importer(2089858483,b0f066a214c2f5e87bad3c948f4d605d)
Start importing Assets/Meshes/Enviroment/Trippy_Zone/spiral_entrance.FBX using Guid(70b5f76779d69d9409f5c4e906ad7a4d) Importer(2089858483,b0f066a214c2f5e87bad3c948f4d605d) (ScriptedImporter) -> (artifact id: 'def33eae4be6f143b263f6e23d861287') in 0.0061139 seconds
Number of updated asset objects reloaded before import = 0Number of asset objects unloaded after import = 11

========================================================================
Received Import Request.
  Time since last request: 0.000012 seconds.
  path: Assets/Resources/Audio/Music/Loops/B/B39_Melody_Synth 2_Filtered_2_8bars_128bpm_switch.wav.asd
  artifactKey: Guid(849b11f33c42746bda3ea38a8284d9a5) Importer(2089858483,b0f066a214c2f5e87bad3c948f4d605d)
Start importing Assets/Resources/Audio/Music/Loops/B/B39_Melody_Synth 2_Filtered_2_8bars_128bpm_switch.wav.asd using Guid(849b11f33c42746bda3ea38a8284d9a5) Importer(2089858483,b0f066a214c2f5e87bad3c948f4d605d) (ScriptedImporter) -> (artifact id: '10c87288c81bfe0a1bcbd80ffd745c3a') in 0.0019253 seconds
Number of updated asset objects reloaded before import = 0Number of asset objects unloaded after import = 1

========================================================================
Received Import Request.
  Time since last request: 0.000010 seconds.
  path: Assets/Resources/Audio/Music
  artifactKey: Guid(2ad05983ae2714a6489bd542efea9d13) Importer(2089858483,b0f066a214c2f5e87bad3c948f4d605d)
Start importing Assets/Resources/Audio/Music using Guid(2ad05983ae2714a6489bd542efea9d13) Importer(2089858483,b0f066a214c2f5e87bad3c948f4d605d) (ScriptedImporter) -> (artifact id: 'b26ecfdf5fbe70a452aa4ed7160a447a') in 0.0014872 seconds
Number of updated asset objects reloaded before import = 0Number of asset objects unloaded after import = 1

========================================================================
Received Import Request.
  Time since last request: 0.000012 seconds.
  path: Assets/Resources/Audio/Music/Loops/C/soundset_C_trippy_harmony 4_128bpm.wav
  artifactKey: Guid(4b789ba48c74b4ca6b630ff2de97d8b2) Importer(2089858483,b0f066a214c2f5e87bad3c948f4d605d)
Start importing Assets/Resources/Audio/Music/Loops/C/soundset_C_trippy_harmony 4_128bpm.wav using Guid(4b789ba48c74b4ca6b630ff2de97d8b2) Importer(2089858483,b0f066a214c2f5e87bad3c948f4d605d) (ScriptedImporter) -> (artifact id: 'd8bcf22097acfee7853788610a760334') in 0.0829965 seconds
Number of updated asset objects reloaded before import = 0Number of asset objects unloaded after import = 1

========================================================================
Received Import Request.
  Time since last request: 0.000012 seconds.
  path: Assets/Meshes/Misc/Roof/roof.fbx
  artifactKey: Guid(d7f7f955da7de48f69771ed5aeb56587) Importer(2089858483,b0f066a214c2f5e87bad3c948f4d605d)
Start importing Assets/Meshes/Misc/Roof/roof.fbx using Guid(d7f7f955da7de48f69771ed5aeb56587) Importer(2089858483,b0f066a214c2f5e87bad3c948f4d605d) (ScriptedImporter) -> (artifact id: 'f2aafe1835da5357ba211f161a8007db') in 0.0042475 seconds
Number of updated asset objects reloaded before import = 0Number of asset objects unloaded after import = 8

========================================================================
Received Import Request.
  Time since last request: 0.000027 seconds.
  path: Assets/Meshes/Misc/Tiled Floor
  artifactKey: Guid(5cbe458ac987b9a4b85c606354b9a9fb) Importer(2089858483,b0f066a214c2f5e87bad3c948f4d605d)
Start importing Assets/Meshes/Misc/Tiled Floor using Guid(5cbe458ac987b9a4b85c606354b9a9fb) Importer(2089858483,b0f066a214c2f5e87bad3c948f4d605d) (ScriptedImporter) -> (artifact id: 'd96d553ab0dad64e4e01e8ff99a18425') in 0.001401 seconds
Number of updated asset objects reloaded before import = 0Number of asset objects unloaded after import = 1

========================================================================
Received Import Request.
  Time since last request: 0.000008 seconds.
  path: Assets/Scenes/Levels/party_test/LightingData.asset
  artifactKey: Guid(0988a58ca9aa94085baeec10b2fa30bc) Importer(2089858483,b0f066a214c2f5e87bad3c948f4d605d)
Start importing Assets/Scenes/Levels/party_test/LightingData.asset using Guid(0988a58ca9aa94085baeec10b2fa30bc) Importer(2089858483,b0f066a214c2f5e87bad3c948f4d605d) (ScriptedImporter) -> (artifact id: '63909a40394a811d08f9f8cc2b436da7') in 0.0053774 seconds
Number of updated asset objects reloaded before import = 0Number of asset objects unloaded after import = 2

========================================================================
Received Import Request.
  Time since last request: 0.000009 seconds.
  path: Assets/Meshes/Actors/Player/LMaD/Planes/Textures For Plane.mat
  artifactKey: Guid(2f743ae3a41f74a058d771e181a8fe31) Importer(2089858483,b0f066a214c2f5e87bad3c948f4d605d)
Start importing Assets/Meshes/Actors/Player/LMaD/Planes/Textures For Plane.mat using Guid(2f743ae3a41f74a058d771e181a8fe31) Importer(2089858483,b0f066a214c2f5e87bad3c948f4d605d) (ScriptedImporter) -> (artifact id: 'b2b6f424d20d1f8e68efdd97e2f35c91') in 0.0049646 seconds
Number of updated asset objects reloaded before import = 0Number of asset objects unloaded after import = 2

========================================================================
Received Import Request.
  Time since last request: 0.000013 seconds.
  path: Assets/Meshes/Enviroment/Hill_Zone/Materials/Power Line/powerline_cables.mat
  artifactKey: Guid(39961ed69789c42a8a35f61b5230ff87) Importer(2089858483,b0f066a214c2f5e87bad3c948f4d605d)
Start importing Assets/Meshes/Enviroment/Hill_Zone/Materials/Power Line/powerline_cables.mat using Guid(39961ed69789c42a8a35f61b5230ff87) Importer(2089858483,b0f066a214c2f5e87bad3c948f4d605d) (ScriptedImporter) -> (artifact id: 'b26b201891a3abc5b9b8cb525ae73b50') in 0.0040762 seconds
Number of updated asset objects reloaded before import = 0Number of asset objects unloaded after import = 2

========================================================================
Received Import Request.
  Time since last request: 0.000012 seconds.
  path: Assets/Prefabs/Actors/Player/PlayerCharacters/PapairPlane.prefab
  artifactKey: Guid(9c51d21d75bb841738a1c37c4109ee8c) Importer(2089858483,b0f066a214c2f5e87bad3c948f4d605d)
Start importing Assets/Prefabs/Actors/Player/PlayerCharacters/PapairPlane.prefab using Guid(9c51d21d75bb841738a1c37c4109ee8c) Importer(2089858483,b0f066a214c2f5e87bad3c948f4d605d) (ScriptedImporter) -> (artifact id: '43c6895c658042b2af3726fe05388d59') in 0.004241 seconds
Number of updated asset objects reloaded before import = 0Number of asset objects unloaded after import = 25

========================================================================
Received Import Request.
  Time since last request: 0.000013 seconds.
  path: Assets/Meshes/Misc/Carpet
  artifactKey: Guid(1c158d702918c1149b4fa97c41509ee3) Importer(2089858483,b0f066a214c2f5e87bad3c948f4d605d)
Start importing Assets/Meshes/Misc/Carpet using Guid(1c158d702918c1149b4fa97c41509ee3) Importer(2089858483,b0f066a214c2f5e87bad3c948f4d605d) (ScriptedImporter) -> (artifact id: '0ab701b4c4005ef50ba3f89163ce9db2') in 0.0016757 seconds
Number of updated asset objects reloaded before import = 0Number of asset objects unloaded after import = 1

========================================================================
Received Import Request.
  Time since last request: 0.000039 seconds.
  path: Assets/Resources/Audio/Music/Loops/A/A8_Rhythm_Hi Hat_Basic_1_4bars_130bpm_stack.wav
  artifactKey: Guid(8a7bf39837de74321a1b4d9fc43b6733) Importer(2089858483,b0f066a214c2f5e87bad3c948f4d605d)
Start importing Assets/Resources/Audio/Music/Loops/A/A8_Rhythm_Hi Hat_Basic_1_4bars_130bpm_stack.wav using Guid(8a7bf39837de74321a1b4d9fc43b6733) Importer(2089858483,b0f066a214c2f5e87bad3c948f4d605d) (ScriptedImporter) -> (artifact id: 'ae1f3df9c772143dcb6a1be23438b003') in 0.0146022 seconds
Number of updated asset objects reloaded before import = 0Number of asset objects unloaded after import = 1

========================================================================
Received Import Request.
  Time since last request: 0.000010 seconds.
  path: Assets/Scenes/Gyuri_Levels/Gyuri_02
  artifactKey: Guid(c41fef3d445a841babcf89bd5482a291) Importer(2089858483,b0f066a214c2f5e87bad3c948f4d605d)
Start importing Assets/Scenes/Gyuri_Levels/Gyuri_02 using Guid(c41fef3d445a841babcf89bd5482a291) Importer(2089858483,b0f066a214c2f5e87bad3c948f4d605d) (ScriptedImporter) -> (artifact id: '081ed4c6f16342dcedaf6ec649c63de9') in 0.0015614 seconds
Number of updated asset objects reloaded before import = 0Number of asset objects unloaded after import = 1

========================================================================
Received Import Request.
  Time since last request: 0.000011 seconds.
  path: Assets/Resources/Audio/Music/Loops/Copia de B/B43_Melody_Bells_Octave Up_2_8bars_128bpm_switch.wav.asd
  artifactKey: Guid(b9b15a6856533468f8cd6ad21e99a070) Importer(2089858483,b0f066a214c2f5e87bad3c948f4d605d)
Start importing Assets/Resources/Audio/Music/Loops/Copia de B/B43_Melody_Bells_Octave Up_2_8bars_128bpm_switch.wav.asd using Guid(b9b15a6856533468f8cd6ad21e99a070) Importer(2089858483,b0f066a214c2f5e87bad3c948f4d605d) (ScriptedImporter) -> (artifact id: '7a35c60ad94a2b03f628decb22a5966e') in 0.0020427 seconds
Number of updated asset objects reloaded before import = 0Number of asset objects unloaded after import = 1

========================================================================
Received Import Request.
  Time since last request: 0.000017 seconds.
  path: Assets/Resources/Audio/Music/Loops/A/A2_Rhythm_Kick_Basic_1_1bars_130bpm_switch.wav
  artifactKey: Guid(0e0b88bdf79d249c5b3ea69be124de08) Importer(2089858483,b0f066a214c2f5e87bad3c948f4d605d)
Start importing Assets/Resources/Audio/Music/Loops/A/A2_Rhythm_Kick_Basic_1_1bars_130bpm_switch.wav using Guid(0e0b88bdf79d249c5b3ea69be124de08) Importer(2089858483,b0f066a214c2f5e87bad3c948f4d605d) (ScriptedImporter) -> (artifact id: 'ba64934f65a37c6dd4fb2ee041e76681') in 0.0140265 seconds
Number of updated asset objects reloaded before import = 0Number of asset objects unloaded after import = 1

========================================================================
Received Import Request.
  Time since last request: 0.000010 seconds.
  path: Assets/Meshes/Enviroment/Hill_Zone/tunnel_entrance.FBX
  artifactKey: Guid(abe6bd74f58a0364eaf64c5b223ade3d) Importer(2089858483,b0f066a214c2f5e87bad3c948f4d605d)
Start importing Assets/Meshes/Enviroment/Hill_Zone/tunnel_entrance.FBX using Guid(abe6bd74f58a0364eaf64c5b223ade3d) Importer(2089858483,b0f066a214c2f5e87bad3c948f4d605d) (ScriptedImporter) -> (artifact id: 'ba8667a13f9eea33e6ba28a09a7ff6a6') in 0.0062518 seconds
Number of updated asset objects reloaded before import = 0Number of asset objects unloaded after import = 37

========================================================================
Received Import Request.
  Time since last request: 0.000011 seconds.
  path: Assets/Meshes/Enviroment/Hill_Zone/Fix
  artifactKey: Guid(b13ae87fcfa50e743b0d74059279e3c4) Importer(2089858483,b0f066a214c2f5e87bad3c948f4d605d)
Start importing Assets/Meshes/Enviroment/Hill_Zone/Fix using Guid(b13ae87fcfa50e743b0d74059279e3c4) Importer(2089858483,b0f066a214c2f5e87bad3c948f4d605d) (ScriptedImporter) -> (artifact id: '8a0ee4fa40825543ce51f6dacfcfdfd5') in 0.0014684 seconds
Number of updated asset objects reloaded before import = 0Number of asset objects unloaded after import = 1

========================================================================
Received Import Request.
  Time since last request: 0.000010 seconds.
  path: Assets/Meshes/Misc/Piano/Materials/piano_frame.mat
  artifactKey: Guid(a8c5bed114f2a448582129b4f6428bb8) Importer(2089858483,b0f066a214c2f5e87bad3c948f4d605d)
Start importing Assets/Meshes/Misc/Piano/Materials/piano_frame.mat using Guid(a8c5bed114f2a448582129b4f6428bb8) Importer(2089858483,b0f066a214c2f5e87bad3c948f4d605d) (ScriptedImporter) -> (artifact id: 'a6eb8e17030518c638bd4d4187643b98') in 0.0028582 seconds
Number of updated asset objects reloaded before import = 0Number of asset objects unloaded after import = 1

========================================================================
Received Import Request.
  Time since last request: 0.000010 seconds.
  path: Assets/Scenes/Levels/IntermediatePresentation
  artifactKey: Guid(86df9f9edba184302a2e98bb33aee6fb) Importer(2089858483,b0f066a214c2f5e87bad3c948f4d605d)
Start importing Assets/Scenes/Levels/IntermediatePresentation using Guid(86df9f9edba184302a2e98bb33aee6fb) Importer(2089858483,b0f066a214c2f5e87bad3c948f4d605d) (ScriptedImporter) -> (artifact id: '461840ef42ef51265988d50a72210c87') in 0.0016289 seconds
Number of updated asset objects reloaded before import = 0Number of asset objects unloaded after import = 1

========================================================================
Received Import Request.
  Time since last request: 0.000008 seconds.
  path: Assets/Animation/piano_small_07.controller
  artifactKey: Guid(84511a3320b76413fbfb00e36de9d159) Importer(2089858483,b0f066a214c2f5e87bad3c948f4d605d)
Start importing Assets/Animation/piano_small_07.controller using Guid(84511a3320b76413fbfb00e36de9d159) Importer(2089858483,b0f066a214c2f5e87bad3c948f4d605d) (ScriptedImporter) -> (artifact id: '2f30a6a9a3f0e9db460c3e5a6b7ef2ad') in 0.0026639 seconds
Number of updated asset objects reloaded before import = 0Number of asset objects unloaded after import = 4

========================================================================
Received Import Request.
  Time since last request: 0.000008 seconds.
  path: Assets/Resources/Audio/Music/Loops/D/keys_1.wav
  artifactKey: Guid(953a9665c44224596842667d41539f4b) Importer(2089858483,b0f066a214c2f5e87bad3c948f4d605d)
Start importing Assets/Resources/Audio/Music/Loops/D/keys_1.wav using Guid(953a9665c44224596842667d41539f4b) Importer(2089858483,b0f066a214c2f5e87bad3c948f4d605d) (ScriptedImporter) -> (artifact id: '1c1b13cdedb04f26d12c9cbbe81be8aa') in 0.0430323 seconds
Number of updated asset objects reloaded before import = 0Number of asset objects unloaded after import = 1

========================================================================
Received Import Request.
  Time since last request: 0.000012 seconds.
  path: Assets/Scenes/template_procedural
  artifactKey: Guid(2ff91fc4de94d4d8ea41db1ee05185eb) Importer(2089858483,b0f066a214c2f5e87bad3c948f4d605d)
Start importing Assets/Scenes/template_procedural using Guid(2ff91fc4de94d4d8ea41db1ee05185eb) Importer(2089858483,b0f066a214c2f5e87bad3c948f4d605d) (ScriptedImporter) -> (artifact id: '6978c448752f785070919fafe4588973') in 0.002022 seconds
Number of updated asset objects reloaded before import = 0Number of asset objects unloaded after import = 1

========================================================================
Received Import Request.
  Time since last request: 0.000021 seconds.
  path: Assets/Meshes/Models/Reworked/Props/Shrooms_03.fbx
  artifactKey: Guid(0316487de2cd7ed46bf48c1986613972) Importer(2089858483,b0f066a214c2f5e87bad3c948f4d605d)
Start importing Assets/Meshes/Models/Reworked/Props/Shrooms_03.fbx using Guid(0316487de2cd7ed46bf48c1986613972) Importer(2089858483,b0f066a214c2f5e87bad3c948f4d605d) (ScriptedImporter) -> (artifact id: '0d5e945790e48095aa8189f8126f9d10') in 0.0055829 seconds
Number of updated asset objects reloaded before import = 0Number of asset objects unloaded after import = 9

========================================================================
Received Import Request.
  Time since last request: 0.000009 seconds.
  path: Assets/Resources/Materials/Patterns/LineRenderer_success.mat
  artifactKey: Guid(f6f19c8b6c4654f74852f8759f0e2b62) Importer(2089858483,b0f066a214c2f5e87bad3c948f4d605d)
Start importing Assets/Resources/Materials/Patterns/LineRenderer_success.mat using Guid(f6f19c8b6c4654f74852f8759f0e2b62) Importer(2089858483,b0f066a214c2f5e87bad3c948f4d605d) (ScriptedImporter) -> (artifact id: '0aa01fc04c76236cb407b2a225dd388c') in 0.0026315 seconds
Number of updated asset objects reloaded before import = 0Number of asset objects unloaded after import = 2

========================================================================
Received Import Request.
  Time since last request: 0.000008 seconds.
  path: Assets/Scripts/Scene/OnRhythm/BaseClasses/OnRhythmPeriodicAffector.cs
  artifactKey: Guid(8d478fd97b12d4855b56e0dff90477e3) Importer(2089858483,b0f066a214c2f5e87bad3c948f4d605d)
Start importing Assets/Scripts/Scene/OnRhythm/BaseClasses/OnRhythmPeriodicAffector.cs using Guid(8d478fd97b12d4855b56e0dff90477e3) Importer(2089858483,b0f066a214c2f5e87bad3c948f4d605d) (ScriptedImporter) -> (artifact id: '779a68e4eaf77e8b2b873aa8eb253f9a') in 0.0015202 seconds
Number of updated asset objects reloaded before import = 0Number of asset objects unloaded after import = 0

========================================================================
Received Import Request.
  Time since last request: 0.000008 seconds.
  path: Assets/Scripts/Scene/OnRhythm/Affectors/OnRhythmPeriodicAffectorAlignment.cs
  artifactKey: Guid(51b7248170d364eb1a9e0b51b72226fa) Importer(2089858483,b0f066a214c2f5e87bad3c948f4d605d)
Start importing Assets/Scripts/Scene/OnRhythm/Affectors/OnRhythmPeriodicAffectorAlignment.cs using Guid(51b7248170d364eb1a9e0b51b72226fa) Importer(2089858483,b0f066a214c2f5e87bad3c948f4d605d) (ScriptedImporter) -> (artifact id: '85d4670fd475a6cbb2c920e2b8d01246') in 0.0015331 seconds
Number of updated asset objects reloaded before import = 0Number of asset objects unloaded after import = 0

========================================================================
Received Import Request.
  Time since last request: 0.000009 seconds.
  path: Assets/Meshes/Enviroment/Hill_Zone/Materials/Textures/floor_texture.png
  artifactKey: Guid(958ab64c711cd48788cfb0b94e2cac95) Importer(2089858483,b0f066a214c2f5e87bad3c948f4d605d)
Start importing Assets/Meshes/Enviroment/Hill_Zone/Materials/Textures/floor_texture.png using Guid(958ab64c711cd48788cfb0b94e2cac95) Importer(2089858483,b0f066a214c2f5e87bad3c948f4d605d) (ScriptedImporter) -> (artifact id: '8f20c7b5153f677f1d377137b51a8e11') in 0.0038641 seconds
Number of updated asset objects reloaded before import = 0Number of asset objects unloaded after import = 1

========================================================================
Received Import Request.
  Time since last request: 0.000010 seconds.
  path: Assets/Resources/Audio/Music/Loops/A/A12_Rhythm_Percussion_Minimal_1_1bars_130bpm_stack.wav
  artifactKey: Guid(c3fc7cda40bc94d92b103587e4b79831) Importer(2089858483,b0f066a214c2f5e87bad3c948f4d605d)
Start importing Assets/Resources/Audio/Music/Loops/A/A12_Rhythm_Percussion_Minimal_1_1bars_130bpm_stack.wav using Guid(c3fc7cda40bc94d92b103587e4b79831) Importer(2089858483,b0f066a214c2f5e87bad3c948f4d605d) (ScriptedImporter) -> (artifact id: '032729661387172391be7cece0edb355') in 0.0142784 seconds
Number of updated asset objects reloaded before import = 0Number of asset objects unloaded after import = 1

========================================================================
Received Import Request.
  Time since last request: 0.000009 seconds.
  path: Assets/Resources/Audio/Data/AudioMixerData.asset
  artifactKey: Guid(fdcc21bfd00d1458d9b65298cbbb3660) Importer(2089858483,b0f066a214c2f5e87bad3c948f4d605d)
Start importing Assets/Resources/Audio/Data/AudioMixerData.asset using Guid(fdcc21bfd00d1458d9b65298cbbb3660) Importer(2089858483,b0f066a214c2f5e87bad3c948f4d605d) (ScriptedImporter)Refreshing native plugins compatible for Editor in 0.45 ms, found 1 plugins.
Preloading 0 native plugins for Editor in 0.00 ms.
Refreshing native plugins compatible for Editor in 0.36 ms, found 1 plugins.
Preloading 0 native plugins for Editor in 0.00 ms.
Refreshing native plugins compatible for Editor in 0.37 ms, found 1 plugins.
Preloading 0 native plugins for Editor in 0.00 ms.
Refreshing native plugins compatible for Editor in 0.29 ms, found 1 plugins.
Preloading 0 native plugins for Editor in 0.00 ms.
Refreshing native plugins compatible for Editor in 0.40 ms, found 1 plugins.
Preloading 0 native plugins for Editor in 0.00 ms.
Refreshing native plugins compatible for Editor in 0.44 ms, found 1 plugins.
Preloading 0 native plugins for Editor in 0.00 ms.
Refreshing native plugins compatible for Editor in 0.41 ms, found 1 plugins.
Preloading 0 native plugins for Editor in 0.00 ms.
Refreshing native plugins compatible for Editor in 0.29 ms, found 1 plugins.
Preloading 0 native plugins for Editor in 0.00 ms.
Refreshing native plugins compatible for Editor in 0.38 ms, found 1 plugins.
Preloading 0 native plugins for Editor in 0.00 ms.
Refreshing native plugins compatible for Editor in 0.45 ms, found 1 plugins.
Preloading 0 native plugins for Editor in 0.00 ms.
Refreshing native plugins compatible for Editor in 0.31 ms, found 1 plugins.
Preloading 0 native plugins for Editor in 0.00 ms.
Refreshing native plugins compatible for Editor in 0.27 ms, found 1 plugins.
Preloading 0 native plugins for Editor in 0.00 ms.
Refreshing native plugins compatible for Editor in 0.27 ms, found 1 plugins.
Preloading 0 native plugins for Editor in 0.00 ms.
Refreshing native plugins compatible for Editor in 0.40 ms, found 1 plugins.
Preloading 0 native plugins for Editor in 0.00 ms.
Refreshing native plugins compatible for Editor in 0.29 ms, found 1 plugins.
Preloading 0 native plugins for Editor in 0.00 ms.
Refreshing native plugins compatible for Editor in 0.34 ms, found 1 plugins.
Preloading 0 native plugins for Editor in 0.00 ms.
Refreshing native plugins compatible for Editor in 0.56 ms, found 1 plugins.
Preloading 0 native plugins for Editor in 0.00 ms.
Refreshing native plugins compatible for Editor in 0.39 ms, found 1 plugins.
Preloading 0 native plugins for Editor in 0.00 ms.
Refreshing native plugins compatible for Editor in 0.34 ms, found 1 plugins.
Preloading 0 native plugins for Editor in 0.00 ms.
Refreshing native plugins compatible for Editor in 0.37 ms, found 1 plugins.
Preloading 0 native plugins for Editor in 0.00 ms.
Refreshing native plugins compatible for Editor in 0.36 ms, found 1 plugins.
Preloading 0 native plugins for Editor in 0.00 ms.
Refreshing native plugins compatible for Editor in 0.36 ms, found 1 plugins.
Preloading 0 native plugins for Editor in 0.00 ms.
Refreshing native plugins compatible for Editor in 0.30 ms, found 1 plugins.
Preloading 0 native plugins for Editor in 0.00 ms.
Refreshing native plugins compatible for Editor in 0.33 ms, found 1 plugins.
Preloading 0 native plugins for Editor in 0.00 ms.
Refreshing native plugins compatible for Editor in 0.32 ms, found 1 plugins.
Preloading 0 native plugins for Editor in 0.00 ms.
Refreshing native plugins compatible for Editor in 0.25 ms, found 1 plugins.
Preloading 0 native plugins for Editor in 0.00 ms.
Refreshing native plugins compatible for Editor in 0.35 ms, found 1 plugins.
Preloading 0 native plugins for Editor in 0.00 ms.
Refreshing native plugins compatible for Editor in 0.26 ms, found 1 plugins.
Preloading 0 native plugins for Editor in 0.00 ms.
Refreshing native plugins compatible for Editor in 0.48 ms, found 1 plugins.
Preloading 0 native plugins for Editor in 0.00 ms.
Refreshing native plugins compatible for Editor in 0.37 ms, found 1 plugins.
Preloading 0 native plugins for Editor in 0.00 ms.
Refreshing native plugins compatible for Editor in 0.32 ms, found 1 plugins.
Preloading 0 native plugins for Editor in 0.00 ms.
Refreshing native plugins compatible for Editor in 0.31 ms, found 1 plugins.
Preloading 0 native plugins for Editor in 0.00 ms.
Refreshing native plugins compatible for Editor in 0.26 ms, found 1 plugins.
Preloading 0 native plugins for Editor in 0.00 ms.
Refreshing native plugins compatible for Editor in 0.39 ms, found 1 plugins.
Preloading 0 native plugins for Editor in 0.00 ms.
Refreshing native plugins compatible for Editor in 0.34 ms, found 1 plugins.
Preloading 0 native plugins for Editor in 0.00 ms.
Refreshing native plugins compatible for Editor in 0.26 ms, found 1 plugins.
Preloading 0 native plugins for Editor in 0.00 ms.
Refreshing native plugins compatible for Editor in 0.45 ms, found 1 plugins.
Preloading 0 native plugins for Editor in 0.00 ms.
Refreshing native plugins compatible for Editor in 0.45 ms, found 1 plugins.
Preloading 0 native plugins for Editor in 0.00 ms.
Refreshing native plugins compatible for Editor in 0.42 ms, found 1 plugins.
Preloading 0 native plugins for Editor in 0.00 ms.
Refreshing native plugins compatible for Editor in 0.32 ms, found 1 plugins.
Preloading 0 native plugins for Editor in 0.00 ms.
Refreshing native plugins compatible for Editor in 0.48 ms, found 1 plugins.
Preloading 0 native plugins for Editor in 0.00 ms.
Refreshing native plugins compatible for Editor in 0.43 ms, found 1 plugins.
Preloading 0 native plugins for Editor in 0.00 ms.
Refreshing native plugins compatible for Editor in 0.44 ms, found 1 plugins.
Preloading 0 native plugins for Editor in 0.00 ms.
Refreshing native plugins compatible for Editor in 0.40 ms, found 1 plugins.
Preloading 0 native plugins for Editor in 0.00 ms.
Refreshing native plugins compatible for Editor in 0.38 ms, found 1 plugins.
Preloading 0 native plugins for Editor in 0.00 ms.
Refreshing native plugins compatible for Editor in 0.26 ms, found 1 plugins.
Preloading 0 native plugins for Editor in 0.00 ms.
Refreshing native plugins compatible for Editor in 0.32 ms, found 1 plugins.
Preloading 0 native plugins for Editor in 0.00 ms.
Refreshing native plugins compatible for Editor in 0.26 ms, found 1 plugins.
Preloading 0 native plugins for Editor in 0.00 ms.
Refreshing native plugins compatible for Editor in 0.30 ms, found 1 plugins.
Preloading 0 native plugins for Editor in 0.00 ms.
Refreshing native plugins compatible for Editor in 0.35 ms, found 1 plugins.
Preloading 0 native plugins for Editor in 0.00 ms.
Refreshing native plugins compatible for Editor in 0.32 ms, found 1 plugins.
Preloading 0 native plugins for Editor in 0.00 ms.
 -> (artifact id: '3ad103943e8674c52df158838b5306f6') in 0.0701219 seconds
Number of updated asset objects reloaded before import = 0Number of asset objects unloaded after import = 139

========================================================================
Received Import Request.
  Time since last request: 0.000012 seconds.
  path: Assets/Resources/Audio/Music/Loops/B/B36_Melody_Synth_Chopped_3_8bars_128bpm_switch.wav
  artifactKey: Guid(b20090d10e2874990aa6811951ca6ec9) Importer(2089858483,b0f066a214c2f5e87bad3c948f4d605d)
Start importing Assets/Resources/Audio/Music/Loops/B/B36_Melody_Synth_Chopped_3_8bars_128bpm_switch.wav using Guid(b20090d10e2874990aa6811951ca6ec9) Importer(2089858483,b0f066a214c2f5e87bad3c948f4d605d) (ScriptedImporter) -> (artifact id: 'f324b83ec7e0df76ff42b535fd7d674a') in 0.014422 seconds
Number of updated asset objects reloaded before import = 0Number of asset objects unloaded after import = 1

========================================================================
Received Import Request.
  Time since last request: 0.000017 seconds.
  path: Assets/Meshes/Actors/Player/Papair
  artifactKey: Guid(965929812378b48b69bb6a284b4331cd) Importer(2089858483,b0f066a214c2f5e87bad3c948f4d605d)
Start importing Assets/Meshes/Actors/Player/Papair using Guid(965929812378b48b69bb6a284b4331cd) Importer(2089858483,b0f066a214c2f5e87bad3c948f4d605d) (ScriptedImporter) -> (artifact id: 'd28d2ac5783e1beeb123aed00c454a15') in 0.0014453 seconds
Number of updated asset objects reloaded before import = 0Number of asset objects unloaded after import = 1

========================================================================
Received Import Request.
  Time since last request: 0.000008 seconds.
  path: Assets/Meshes/Misc/Obstacle/obstacle.fbx
  artifactKey: Guid(917e503ac8bce4bc5b06e12eef507312) Importer(2089858483,b0f066a214c2f5e87bad3c948f4d605d)
Start importing Assets/Meshes/Misc/Obstacle/obstacle.fbx using Guid(917e503ac8bce4bc5b06e12eef507312) Importer(2089858483,b0f066a214c2f5e87bad3c948f4d605d) (ScriptedImporter) -> (artifact id: '5b7a6a5433f3ac8b64c831585b95a010') in 0.0042635 seconds
Number of updated asset objects reloaded before import = 0Number of asset objects unloaded after import = 8

========================================================================
Received Import Request.
  Time since last request: 0.000010 seconds.
  path: Assets/Prefabs/Actors/Player
  artifactKey: Guid(e7b6038b76dab42bca448201889dda45) Importer(2089858483,b0f066a214c2f5e87bad3c948f4d605d)
Start importing Assets/Prefabs/Actors/Player using Guid(e7b6038b76dab42bca448201889dda45) Importer(2089858483,b0f066a214c2f5e87bad3c948f4d605d) (ScriptedImporter) -> (artifact id: '6753570ce362941ae571f9d8beb1cc36') in 0.0012809 seconds
Number of updated asset objects reloaded before import = 0Number of asset objects unloaded after import = 1

========================================================================
Received Import Request.
  Time since last request: 0.000007 seconds.
  path: Assets/Meshes/Misc/Tiled Floor/Material/Materials
  artifactKey: Guid(7ca01b7e2d1404853a79f12ae3815764) Importer(2089858483,b0f066a214c2f5e87bad3c948f4d605d)
Start importing Assets/Meshes/Misc/Tiled Floor/Material/Materials using Guid(7ca01b7e2d1404853a79f12ae3815764) Importer(2089858483,b0f066a214c2f5e87bad3c948f4d605d) (ScriptedImporter) -> (artifact id: '895724a3dbd1909190ed6043794092ad') in 0.0013456 seconds
Number of updated asset objects reloaded before import = 0Number of asset objects unloaded after import = 1

========================================================================
Received Import Request.
  Time since last request: 0.000007 seconds.
  path: Assets/Resources/Audio/Music/Loops/C/soundset_C_pixel_rhythm 2_128bpm.wav
  artifactKey: Guid(f059cceb800a04e3e94291243ae1d061) Importer(2089858483,b0f066a214c2f5e87bad3c948f4d605d)
Start importing Assets/Resources/Audio/Music/Loops/C/soundset_C_pixel_rhythm 2_128bpm.wav using Guid(f059cceb800a04e3e94291243ae1d061) Importer(2089858483,b0f066a214c2f5e87bad3c948f4d605d) (ScriptedImporter) -> (artifact id: '1de09dea3ae14569c933a2e545c724e4') in 0.0181054 seconds
Number of updated asset objects reloaded before import = 0Number of asset objects unloaded after import = 1

========================================================================
Received Import Request.
  Time since last request: 0.000011 seconds.
  path: Assets/Prefabs/Enviroment/Hill_Zone/misc/Power Line.prefab
  artifactKey: Guid(6c5518cfc833e4e4298003d2c2ead927) Importer(2089858483,b0f066a214c2f5e87bad3c948f4d605d)
Start importing Assets/Prefabs/Enviroment/Hill_Zone/misc/Power Line.prefab using Guid(6c5518cfc833e4e4298003d2c2ead927) Importer(2089858483,b0f066a214c2f5e87bad3c948f4d605d) (ScriptedImporter) -> (artifact id: 'f77a8e65184a351a5249853352f50518') in 0.0035432 seconds
Number of updated asset objects reloaded before import = 0Number of asset objects unloaded after import = 54

========================================================================
Received Import Request.
  Time since last request: 0.000010 seconds.
  path: Assets/Resources/Audio/Music/Loops/Copia de B/B44_Melody_Bells_Arpeggio_3_8bars_128bpm_switch.wav
  artifactKey: Guid(f2735323c129b43cb909008a9ee40f42) Importer(2089858483,b0f066a214c2f5e87bad3c948f4d605d)
Start importing Assets/Resources/Audio/Music/Loops/Copia de B/B44_Melody_Bells_Arpeggio_3_8bars_128bpm_switch.wav using Guid(f2735323c129b43cb909008a9ee40f42) Importer(2089858483,b0f066a214c2f5e87bad3c948f4d605d) (ScriptedImporter) -> (artifact id: '9d221c6f839dca7597bd01ae9609f506') in 0.0141787 seconds
Number of updated asset objects reloaded before import = 0Number of asset objects unloaded after import = 1

========================================================================
Received Import Request.
  Time since last request: 0.000009 seconds.
  path: Assets/Prefabs/Procedural/PatternChild.prefab
  artifactKey: Guid(3b9c53a290da44175bfd2493f0dad6f7) Importer(2089858483,b0f066a214c2f5e87bad3c948f4d605d)
Start importing Assets/Prefabs/Procedural/PatternChild.prefab using Guid(3b9c53a290da44175bfd2493f0dad6f7) Importer(2089858483,b0f066a214c2f5e87bad3c948f4d605d) (ScriptedImporter) -> (artifact id: '0e4e4e058a9da96b22f0d96de600d153') in 0.0077641 seconds
Number of updated asset objects reloaded before import = 0Number of asset objects unloaded after import = 30

========================================================================
Received Import Request.
  Time since last request: 0.000014 seconds.
  path: Assets/Resources/Audio/Music/Loops/Copia de B/B9_Rhythm_Hi Hat_Double_4_1bars_128bpm_switch.wav
  artifactKey: Guid(276fce6f6efb14de2a77733289e86644) Importer(2089858483,b0f066a214c2f5e87bad3c948f4d605d)
Start importing Assets/Resources/Audio/Music/Loops/Copia de B/B9_Rhythm_Hi Hat_Double_4_1bars_128bpm_switch.wav using Guid(276fce6f6efb14de2a77733289e86644) Importer(2089858483,b0f066a214c2f5e87bad3c948f4d605d) (ScriptedImporter) -> (artifact id: 'bc5c1517ce3db906859f332296af9cb2') in 0.0145102 seconds
Number of updated asset objects reloaded before import = 0Number of asset objects unloaded after import = 1

========================================================================
Received Import Request.
  Time since last request: 0.000021 seconds.
  path: Assets/Prefabs/Actors
  artifactKey: Guid(01aa905f918c1440ab020f6a4256a516) Importer(2089858483,b0f066a214c2f5e87bad3c948f4d605d)
Start importing Assets/Prefabs/Actors using Guid(01aa905f918c1440ab020f6a4256a516) Importer(2089858483,b0f066a214c2f5e87bad3c948f4d605d) (ScriptedImporter) -> (artifact id: '676c7ce17fe7e31d7382501e94563d14') in 0.0015499 seconds
Number of updated asset objects reloaded before import = 0Number of asset objects unloaded after import = 1

========================================================================
Received Import Request.
  Time since last request: 0.000008 seconds.
  path: Assets/Meshes/Models/Reworked/Characters/female_04.fbx
  artifactKey: Guid(8df3ce943eb23254dab5ee6939e7ed9f) Importer(2089858483,b0f066a214c2f5e87bad3c948f4d605d)
Start importing Assets/Meshes/Models/Reworked/Characters/female_04.fbx using Guid(8df3ce943eb23254dab5ee6939e7ed9f) Importer(2089858483,b0f066a214c2f5e87bad3c948f4d605d) (ScriptedImporter) -> (artifact id: 'f6192284f94d370a10b5a6afefadb03d') in 0.0059805 seconds
Number of updated asset objects reloaded before import = 0Number of asset objects unloaded after import = 93

========================================================================
Received Import Request.
  Time since last request: 0.000010 seconds.
  path: Assets/Resources/Audio/Music/Loops/Copia de B/B34_Melody_Synth_Still_1_8bars_128bpm_switch.wav.asd
  artifactKey: Guid(451fd9c5b9b77477aa87883270d7fa0b) Importer(2089858483,b0f066a214c2f5e87bad3c948f4d605d)
Start importing Assets/Resources/Audio/Music/Loops/Copia de B/B34_Melody_Synth_Still_1_8bars_128bpm_switch.wav.asd using Guid(451fd9c5b9b77477aa87883270d7fa0b) Importer(2089858483,b0f066a214c2f5e87bad3c948f4d605d) (ScriptedImporter) -> (artifact id: '8e5d7ab3a77e01e671db281267756dac') in 0.0015799 seconds
Number of updated asset objects reloaded before import = 0Number of asset objects unloaded after import = 1

========================================================================
Received Import Request.
  Time since last request: 0.000010 seconds.
  path: Assets/Resources/Audio/Music/Loops/Copia de B/B41_Melody_Synth 2_Half Tempo_4_8bars_128bpm_switch.wav.asd
  artifactKey: Guid(b1ed05af2d2ca4899bd4bca726da455b) Importer(2089858483,b0f066a214c2f5e87bad3c948f4d605d)
Start importing Assets/Resources/Audio/Music/Loops/Copia de B/B41_Melody_Synth 2_Half Tempo_4_8bars_128bpm_switch.wav.asd using Guid(b1ed05af2d2ca4899bd4bca726da455b) Importer(2089858483,b0f066a214c2f5e87bad3c948f4d605d) (ScriptedImporter) -> (artifact id: 'adcc08f5a5d5bda23dd4047fc1c1af9d') in 0.0016455 seconds
Number of updated asset objects reloaded before import = 0Number of asset objects unloaded after import = 1

========================================================================
Received Import Request.
  Time since last request: 0.000008 seconds.
  path: Assets/Prefabs/Patterns/Pattern_01233210.prefab
  artifactKey: Guid(3e87436bd52c7e94c97e8218e21e43b2) Importer(2089858483,b0f066a214c2f5e87bad3c948f4d605d)
Start importing Assets/Prefabs/Patterns/Pattern_01233210.prefab using Guid(3e87436bd52c7e94c97e8218e21e43b2) Importer(2089858483,b0f066a214c2f5e87bad3c948f4d605d) (ScriptedImporter) -> (artifact id: '4dc49de9fb05ac738bd035034f837a7d') in 0.0042469 seconds
Number of updated asset objects reloaded before import = 0Number of asset objects unloaded after import = 167

========================================================================
Received Import Request.
  Time since last request: 0.000008 seconds.
  path: Assets/Meshes/Actors/Player/Papair/Materials/PapairPlaneMaterial.mat
  artifactKey: Guid(d9103ca1a571944a090a3d0f34dbd9f5) Importer(2089858483,b0f066a214c2f5e87bad3c948f4d605d)
Start importing Assets/Meshes/Actors/Player/Papair/Materials/PapairPlaneMaterial.mat using Guid(d9103ca1a571944a090a3d0f34dbd9f5) Importer(2089858483,b0f066a214c2f5e87bad3c948f4d605d) (ScriptedImporter) -> (artifact id: '21f777cdde65a0d8d89737bce5db2cdd') in 0.0065396 seconds
Number of updated asset objects reloaded before import = 0Number of asset objects unloaded after import = 3

========================================================================
Received Import Request.
  Time since last request: 0.000011 seconds.
  path: Assets/Prefabs/Management/BACKUP/_BACKUP_AudioManager.prefab
  artifactKey: Guid(3a70335599e634f0bb32b6b194b82817) Importer(2089858483,b0f066a214c2f5e87bad3c948f4d605d)
Start importing Assets/Prefabs/Management/BACKUP/_BACKUP_AudioManager.prefab using Guid(3a70335599e634f0bb32b6b194b82817) Importer(2089858483,b0f066a214c2f5e87bad3c948f4d605d) (ScriptedImporter) -> (artifact id: 'a2a4aa10180ff05d3606d1c79d03a4dd') in 0.0250372 seconds
Number of updated asset objects reloaded before import = 0Number of asset objects unloaded after import = 257

========================================================================
Received Import Request.
  Time since last request: 0.000010 seconds.
  path: Assets/Meshes/Actors/Player/Papair/Textures/Flightmachine_NRM.jpg
  artifactKey: Guid(11f42f2a4f7b54343b8bd62025142c38) Importer(2089858483,b0f066a214c2f5e87bad3c948f4d605d)
Start importing Assets/Meshes/Actors/Player/Papair/Textures/Flightmachine_NRM.jpg using Guid(11f42f2a4f7b54343b8bd62025142c38) Importer(2089858483,b0f066a214c2f5e87bad3c948f4d605d) (ScriptedImporter) -> (artifact id: 'df731df496be92abd7d9be32e5092a22') in 0.0048883 seconds
Number of updated asset objects reloaded before import = 0Number of asset objects unloaded after import = 1

========================================================================
Received Import Request.
  Time since last request: 0.000010 seconds.
  path: Assets/Scenes/Gyuri_Levels/Gyuri_Template
  artifactKey: Guid(2123a8fabc255404098490c342599e3a) Importer(2089858483,b0f066a214c2f5e87bad3c948f4d605d)
Start importing Assets/Scenes/Gyuri_Levels/Gyuri_Template using Guid(2123a8fabc255404098490c342599e3a) Importer(2089858483,b0f066a214c2f5e87bad3c948f4d605d) (ScriptedImporter) -> (artifact id: '1385f8dd0d0ca525b1677e0616320209') in 0.0015011 seconds
Number of updated asset objects reloaded before import = 0Number of asset objects unloaded after import = 1

========================================================================
Received Import Request.
  Time since last request: 0.000017 seconds.
  path: Assets/Meshes/Models/UN MUNDO DISTINTO.fbx
  artifactKey: Guid(190d3c94fdefc40ae8e658b6d27bfb17) Importer(2089858483,b0f066a214c2f5e87bad3c948f4d605d)
Start importing Assets/Meshes/Models/UN MUNDO DISTINTO.fbx using Guid(190d3c94fdefc40ae8e658b6d27bfb17) Importer(2089858483,b0f066a214c2f5e87bad3c948f4d605d) (ScriptedImporter) -> (artifact id: '95f1722c66838ddfa5490d002b9a64f2') in 0.0051897 seconds
Number of updated asset objects reloaded before import = 0Number of asset objects unloaded after import = 29

========================================================================
Received Import Request.
  Time since last request: 0.000011 seconds.
  path: Assets/Resources/Audio/Music/Tracks/Test/test1_layer5_synth1.mp3
  artifactKey: Guid(a1a98c25004674acc82f0ca9de183b37) Importer(2089858483,b0f066a214c2f5e87bad3c948f4d605d)
Start importing Assets/Resources/Audio/Music/Tracks/Test/test1_layer5_synth1.mp3 using Guid(a1a98c25004674acc82f0ca9de183b37) Importer(2089858483,b0f066a214c2f5e87bad3c948f4d605d) (ScriptedImporter) -> (artifact id: 'f9f9ebe03496f5802e38a5717e50307c') in 0.0289672 seconds
Number of updated asset objects reloaded before import = 0Number of asset objects unloaded after import = 1

========================================================================
Received Import Request.
  Time since last request: 0.000009 seconds.
  path: Assets/Meshes/Enviroment/Trippy_Zone/tower_b.FBX
  artifactKey: Guid(51e05e1d2e2aaca49bd42023dcbc9020) Importer(2089858483,b0f066a214c2f5e87bad3c948f4d605d)
Start importing Assets/Meshes/Enviroment/Trippy_Zone/tower_b.FBX using Guid(51e05e1d2e2aaca49bd42023dcbc9020) Importer(2089858483,b0f066a214c2f5e87bad3c948f4d605d) (ScriptedImporter) -> (artifact id: 'a970ea66d70ef279f64737bd74343066') in 0.0052189 seconds
Number of updated asset objects reloaded before import = 0Number of asset objects unloaded after import = 11

========================================================================
Received Import Request.
  Time since last request: 0.000011 seconds.
  path: Assets/Resources/Audio/Music/Loops/Copia de B/B34_Melody_Synth_Still_1_8bars_128bpm_switch.wav
  artifactKey: Guid(202d0177441f141a19ca327a7b185bbd) Importer(2089858483,b0f066a214c2f5e87bad3c948f4d605d)
Start importing Assets/Resources/Audio/Music/Loops/Copia de B/B34_Melody_Synth_Still_1_8bars_128bpm_switch.wav using Guid(202d0177441f141a19ca327a7b185bbd) Importer(2089858483,b0f066a214c2f5e87bad3c948f4d605d) (ScriptedImporter) -> (artifact id: 'c3244f191d2af34d85d230d297fd3b17') in 0.013925 seconds
Number of updated asset objects reloaded before import = 0Number of asset objects unloaded after import = 1

========================================================================
Received Import Request.
  Time since last request: 0.000009 seconds.
  path: Assets/Resources/Audio/Music/Loops/B/B48_Melody_Arpeggiator_Arpeggio_3_8bars_128bpm_switch.wav
  artifactKey: Guid(561198058db5540eb956e0c413dca08d) Importer(2089858483,b0f066a214c2f5e87bad3c948f4d605d)
Start importing Assets/Resources/Audio/Music/Loops/B/B48_Melody_Arpeggiator_Arpeggio_3_8bars_128bpm_switch.wav using Guid(561198058db5540eb956e0c413dca08d) Importer(2089858483,b0f066a214c2f5e87bad3c948f4d605d) (ScriptedImporter) -> (artifact id: 'c843e87121e7c57de2b5b534038448df') in 0.0139682 seconds
Number of updated asset objects reloaded before import = 0Number of asset objects unloaded after import = 1

========================================================================
Received Import Request.
  Time since last request: 0.000009 seconds.
  path: Assets/Meshes/Enviroment/Hill_Zone/misc
  artifactKey: Guid(e6539127f37e90b43b12031437dea732) Importer(2089858483,b0f066a214c2f5e87bad3c948f4d605d)
Start importing Assets/Meshes/Enviroment/Hill_Zone/misc using Guid(e6539127f37e90b43b12031437dea732) Importer(2089858483,b0f066a214c2f5e87bad3c948f4d605d) (ScriptedImporter) -> (artifact id: '22e84848049fe5f25172a189df4de44a') in 0.0012828 seconds
Number of updated asset objects reloaded before import = 0Number of asset objects unloaded after import = 1

========================================================================
Received Import Request.
  Time since last request: 0.000009 seconds.
  path: Assets/Scripts/Helper/ScreenCapture.cs
  artifactKey: Guid(225f55d233f454a2480895d730cd03cc) Importer(2089858483,b0f066a214c2f5e87bad3c948f4d605d)
Start importing Assets/Scripts/Helper/ScreenCapture.cs using Guid(225f55d233f454a2480895d730cd03cc) Importer(2089858483,b0f066a214c2f5e87bad3c948f4d605d) (ScriptedImporter) -> (artifact id: '7f53f9bf64b692ba0cb6370a2efab2ef') in 0.0014917 seconds
Number of updated asset objects reloaded before import = 0Number of asset objects unloaded after import = 0

========================================================================
Received Import Request.
  Time since last request: 0.000009 seconds.
  path: Assets/Scripts/Scene/Trigger/TriggerGroup.cs
  artifactKey: Guid(1f46333af5b434777a01eb9516c11e90) Importer(2089858483,b0f066a214c2f5e87bad3c948f4d605d)
Start importing Assets/Scripts/Scene/Trigger/TriggerGroup.cs using Guid(1f46333af5b434777a01eb9516c11e90) Importer(2089858483,b0f066a214c2f5e87bad3c948f4d605d) (ScriptedImporter) -> (artifact id: '2c7946d6d189a0667c805748688ec7d2') in 0.0015097 seconds
Number of updated asset objects reloaded before import = 0Number of asset objects unloaded after import = 0

========================================================================
Received Import Request.
  Time since last request: 0.000015 seconds.
  path: Assets/Scripts/Scene/Trigger/TriggerActions/TriggerActivateObjectInScene.cs
  artifactKey: Guid(271bbb23340354553b5323ff5829a3d5) Importer(2089858483,b0f066a214c2f5e87bad3c948f4d605d)
Start importing Assets/Scripts/Scene/Trigger/TriggerActions/TriggerActivateObjectInScene.cs using Guid(271bbb23340354553b5323ff5829a3d5) Importer(2089858483,b0f066a214c2f5e87bad3c948f4d605d) (ScriptedImporter) -> (artifact id: 'ec6a81d378d46b21dd2253589af75d41') in 0.0016227 seconds
Number of updated asset objects reloaded before import = 0Number of asset objects unloaded after import = 0

========================================================================
Received Import Request.
  Time since last request: 0.000008 seconds.
  path: Assets/Resources/Audio/Music/Loops/Copia de B/B39_Melody_Synth 2_Filtered_2_8bars_128bpm_switch.wav.asd
  artifactKey: Guid(65579759b64314df59ad733e1e0c52f8) Importer(2089858483,b0f066a214c2f5e87bad3c948f4d605d)
Start importing Assets/Resources/Audio/Music/Loops/Copia de B/B39_Melody_Synth 2_Filtered_2_8bars_128bpm_switch.wav.asd using Guid(65579759b64314df59ad733e1e0c52f8) Importer(2089858483,b0f066a214c2f5e87bad3c948f4d605d) (ScriptedImporter) -> (artifact id: '219a2628016206f6aa87702edf789b60') in 0.0013176 seconds
Number of updated asset objects reloaded before import = 0Number of asset objects unloaded after import = 1

========================================================================
Received Import Request.
  Time since last request: 0.000009 seconds.
  path: Assets/Resources/Audio/Music/Loops/A/A17_Harmony_Bass_Slap_2_4bars_130bpm_switch.wav
  artifactKey: Guid(8c6e3e5704aa9459a92e3269d05be754) Importer(2089858483,b0f066a214c2f5e87bad3c948f4d605d)
Start importing Assets/Resources/Audio/Music/Loops/A/A17_Harmony_Bass_Slap_2_4bars_130bpm_switch.wav using Guid(8c6e3e5704aa9459a92e3269d05be754) Importer(2089858483,b0f066a214c2f5e87bad3c948f4d605d) (ScriptedImporter) -> (artifact id: '53bbf452296b665d9842b8db221a7eba') in 0.0162399 seconds
Number of updated asset objects reloaded before import = 0Number of asset objects unloaded after import = 1

========================================================================
Received Import Request.
  Time since last request: 0.000009 seconds.
  path: Assets/Resources/Audio/Music/Loops/B/B6_Rhythm_Hi Hat_Basic_1_1bars_128bpm_switch.wav.asd
  artifactKey: Guid(eacb7384c87bb40ea9172268aa4dd19d) Importer(2089858483,b0f066a214c2f5e87bad3c948f4d605d)
Start importing Assets/Resources/Audio/Music/Loops/B/B6_Rhythm_Hi Hat_Basic_1_1bars_128bpm_switch.wav.asd using Guid(eacb7384c87bb40ea9172268aa4dd19d) Importer(2089858483,b0f066a214c2f5e87bad3c948f4d605d) (ScriptedImporter) -> (artifact id: '2f5ff35755399200bb23f61b59c0ee4f') in 0.0024708 seconds
Number of updated asset objects reloaded before import = 0Number of asset objects unloaded after import = 1

========================================================================
Received Import Request.
  Time since last request: 0.000007 seconds.
  path: Assets/Meshes/Enviroment/Trippy_Zone/pattern.FBX
  artifactKey: Guid(f6daa13ca2175d148b39208f8138e0f1) Importer(2089858483,b0f066a214c2f5e87bad3c948f4d605d)
Start importing Assets/Meshes/Enviroment/Trippy_Zone/pattern.FBX using Guid(f6daa13ca2175d148b39208f8138e0f1) Importer(2089858483,b0f066a214c2f5e87bad3c948f4d605d) (ScriptedImporter) -> (artifact id: '8dc9ad3655f551181af1bb746ceb823b') in 0.0061584 seconds
Number of updated asset objects reloaded before import = 0Number of asset objects unloaded after import = 10

========================================================================
Received Import Request.
  Time since last request: 0.000008 seconds.
  path: Assets/Scripts/Helper/PrefabGroup.cs
  artifactKey: Guid(0a5f2222b3d4c4a8db5ab69d7ca4fe6a) Importer(2089858483,b0f066a214c2f5e87bad3c948f4d605d)
Start importing Assets/Scripts/Helper/PrefabGroup.cs using Guid(0a5f2222b3d4c4a8db5ab69d7ca4fe6a) Importer(2089858483,b0f066a214c2f5e87bad3c948f4d605d) (ScriptedImporter) -> (artifact id: '2ef1f080972008c8b2d1add99dc9ed85') in 0.0014406 seconds
Number of updated asset objects reloaded before import = 0Number of asset objects unloaded after import = 0

========================================================================
Received Import Request.
  Time since last request: 0.000010 seconds.
  path: Assets/Meshes/Enviroment/Hill_Zone/Materials/Textures/Leaf.mat
  artifactKey: Guid(dd5359eb135541d4fa58d18401998855) Importer(2089858483,b0f066a214c2f5e87bad3c948f4d605d)
Start importing Assets/Meshes/Enviroment/Hill_Zone/Materials/Textures/Leaf.mat using Guid(dd5359eb135541d4fa58d18401998855) Importer(2089858483,b0f066a214c2f5e87bad3c948f4d605d) (ScriptedImporter) -> (artifact id: 'eb1a0343c36e2a87fd0587deafbf9a7d') in 0.025935 seconds
Number of updated asset objects reloaded before import = 0Number of asset objects unloaded after import = 2

========================================================================
Received Import Request.
  Time since last request: 0.000012 seconds.
  path: Assets/Meshes/Enviroment/Trippy_Zone/spiral_end.FBX
  artifactKey: Guid(40f84bb569a106b49b1253b7d9f26111) Importer(2089858483,b0f066a214c2f5e87bad3c948f4d605d)
Start importing Assets/Meshes/Enviroment/Trippy_Zone/spiral_end.FBX using Guid(40f84bb569a106b49b1253b7d9f26111) Importer(2089858483,b0f066a214c2f5e87bad3c948f4d605d) (ScriptedImporter) -> (artifact id: '294b8e3ed81155d48b62ecc51233074f') in 0.0063267 seconds
Number of updated asset objects reloaded before import = 0Number of asset objects unloaded after import = 11

========================================================================
Received Import Request.
  Time since last request: 0.000013 seconds.
  path: Assets/Prefabs/Actors/Player/MovementAnchor.prefab
  artifactKey: Guid(9830946070aa04b649b2ca2eb13f425e) Importer(2089858483,b0f066a214c2f5e87bad3c948f4d605d)
Start importing Assets/Prefabs/Actors/Player/MovementAnchor.prefab using Guid(9830946070aa04b649b2ca2eb13f425e) Importer(2089858483,b0f066a214c2f5e87bad3c948f4d605d) (ScriptedImporter) -> (artifact id: '3700202a37d802134dd1b0ae494deb46') in 0.0083576 seconds
Number of updated asset objects reloaded before import = 0Number of asset objects unloaded after import = 142

========================================================================
Received Import Request.
  Time since last request: 0.000019 seconds.
  path: Assets/Resources/Audio/Music/Loops/C/soundset_C_pixel_rhythm 5_128bpm.wav
  artifactKey: Guid(4f4c7dc83e6d8457db838824f7e87617) Importer(2089858483,b0f066a214c2f5e87bad3c948f4d605d)
Start importing Assets/Resources/Audio/Music/Loops/C/soundset_C_pixel_rhythm 5_128bpm.wav using Guid(4f4c7dc83e6d8457db838824f7e87617) Importer(2089858483,b0f066a214c2f5e87bad3c948f4d605d) (ScriptedImporter) -> (artifact id: '457e6f536b53700c42436c33e687b686') in 0.0186003 seconds
Number of updated asset objects reloaded before import = 0Number of asset objects unloaded after import = 1

========================================================================
Received Import Request.
  Time since last request: 0.000011 seconds.
  path: Assets/Resources/Audio/Music/Loops/C/soundset_C_trippy_melody 6_128bpm.wav
  artifactKey: Guid(55e289551c5e54b79aa916d7e9607517) Importer(2089858483,b0f066a214c2f5e87bad3c948f4d605d)
Start importing Assets/Resources/Audio/Music/Loops/C/soundset_C_trippy_melody 6_128bpm.wav using Guid(55e289551c5e54b79aa916d7e9607517) Importer(2089858483,b0f066a214c2f5e87bad3c948f4d605d) (ScriptedImporter) -> (artifact id: 'dc3c44af54e748dae29412255d5ad871') in 0.089161 seconds
Number of updated asset objects reloaded before import = 0Number of asset objects unloaded after import = 1

========================================================================
Received Import Request.
  Time since last request: 0.000013 seconds.
  path: Assets/Scripts/Scene/OnRhythm
  artifactKey: Guid(932228a67c8d84df988cc1abc5a6c1d9) Importer(2089858483,b0f066a214c2f5e87bad3c948f4d605d)
Start importing Assets/Scripts/Scene/OnRhythm using Guid(932228a67c8d84df988cc1abc5a6c1d9) Importer(2089858483,b0f066a214c2f5e87bad3c948f4d605d) (ScriptedImporter) -> (artifact id: '5c23dc10a639a88b69386a9b378c49b5') in 0.0014372 seconds
Number of updated asset objects reloaded before import = 0Number of asset objects unloaded after import = 1

========================================================================
Received Import Request.
  Time since last request: 0.000009 seconds.
  path: Assets/Scripts/Scene/Trigger
  artifactKey: Guid(072c842dab28f4ae2a284cf65601b1ea) Importer(2089858483,b0f066a214c2f5e87bad3c948f4d605d)
Start importing Assets/Scripts/Scene/Trigger using Guid(072c842dab28f4ae2a284cf65601b1ea) Importer(2089858483,b0f066a214c2f5e87bad3c948f4d605d) (ScriptedImporter) -> (artifact id: 'f72d0aa0b3e93f8a75882083e8373951') in 0.0014004 seconds
Number of updated asset objects reloaded before import = 0Number of asset objects unloaded after import = 1

========================================================================
Received Import Request.
  Time since last request: 0.000008 seconds.
  path: Assets/Prefabs/Enviroment/Hill_Zone/misc/Road Sign 1.prefab
  artifactKey: Guid(c15e1aa7152f74955b260e563e0f6b8a) Importer(2089858483,b0f066a214c2f5e87bad3c948f4d605d)
Start importing Assets/Prefabs/Enviroment/Hill_Zone/misc/Road Sign 1.prefab using Guid(c15e1aa7152f74955b260e563e0f6b8a) Importer(2089858483,b0f066a214c2f5e87bad3c948f4d605d) (ScriptedImporter) -> (artifact id: '09ac310c01bc06f71cb51b8666b1a8c4') in 0.0028926 seconds
Number of updated asset objects reloaded before import = 0Number of asset objects unloaded after import = 17

========================================================================
Received Import Request.
  Time since last request: 0.000013 seconds.
  path: Assets/Shaders/EdgeDetection.shader
  artifactKey: Guid(38459437805304983bfed1deb94268a6) Importer(2089858483,b0f066a214c2f5e87bad3c948f4d605d)
Start importing Assets/Shaders/EdgeDetection.shader using Guid(38459437805304983bfed1deb94268a6) Importer(2089858483,b0f066a214c2f5e87bad3c948f4d605d) (ScriptedImporter) -> (artifact id: '595754716ee55741909a8afd83cbdd77') in 0.003878 seconds
Number of updated asset objects reloaded before import = 0Number of asset objects unloaded after import = 1

========================================================================
Received Import Request.
  Time since last request: 0.000014 seconds.
  path: Assets/Scripts/Editor/RepairEnvironmentMeshes.cs
  artifactKey: Guid(ee2e9bc46101f473ba322dd605dc6580) Importer(2089858483,b0f066a214c2f5e87bad3c948f4d605d)
Start importing Assets/Scripts/Editor/RepairEnvironmentMeshes.cs using Guid(ee2e9bc46101f473ba322dd605dc6580) Importer(2089858483,b0f066a214c2f5e87bad3c948f4d605d) (ScriptedImporter) -> (artifact id: '981e2d3f54a7b309113143a640d4b0a2') in 0.0014915 seconds
Number of updated asset objects reloaded before import = 0Number of asset objects unloaded after import = 0

========================================================================
Received Import Request.
  Time since last request: 0.000008 seconds.
  path: Assets/Scripts/Editor/PatternControlEditor.cs
  artifactKey: Guid(e39d01768c3404823ae76c487d65b8dd) Importer(2089858483,b0f066a214c2f5e87bad3c948f4d605d)
Start importing Assets/Scripts/Editor/PatternControlEditor.cs using Guid(e39d01768c3404823ae76c487d65b8dd) Importer(2089858483,b0f066a214c2f5e87bad3c948f4d605d) (ScriptedImporter) -> (artifact id: '6021b4d4f1c9f6269fa1c423ffd7854f') in 0.0013421 seconds
Number of updated asset objects reloaded before import = 0Number of asset objects unloaded after import = 0

========================================================================
Received Import Request.
  Time since last request: 0.000007 seconds.
  path: Assets/Scenes/TestScenes/template_scene/LightingData.asset
  artifactKey: Guid(23ae122826f6b4d9ea8dbf048789a3f2) Importer(2089858483,b0f066a214c2f5e87bad3c948f4d605d)
Start importing Assets/Scenes/TestScenes/template_scene/LightingData.asset using Guid(23ae122826f6b4d9ea8dbf048789a3f2) Importer(2089858483,b0f066a214c2f5e87bad3c948f4d605d) (ScriptedImporter) -> (artifact id: '48e344f5181946507f82746367e00c0f') in 0.0029291 seconds
Number of updated asset objects reloaded before import = 0Number of asset objects unloaded after import = 2

========================================================================
Received Import Request.
  Time since last request: 0.000008 seconds.
  path: Assets/Meshes/Enviroment/Hill_Zone/Materials/Sky Box/Sunset Skybox.mat
  artifactKey: Guid(1cf55141fe361ce4ca7a4efdac939e3c) Importer(2089858483,b0f066a214c2f5e87bad3c948f4d605d)
Start importing Assets/Meshes/Enviroment/Hill_Zone/Materials/Sky Box/Sunset Skybox.mat using Guid(1cf55141fe361ce4ca7a4efdac939e3c) Importer(2089858483,b0f066a214c2f5e87bad3c948f4d605d) (ScriptedImporter) -> (artifact id: '5928e7baaa61a07270af87af9aa0bc0e') in 0.0056454 seconds
Number of updated asset objects reloaded before import = 0Number of asset objects unloaded after import = 7

========================================================================
Received Import Request.
  Time since last request: 0.000011 seconds.
  path: Assets/Meshes/Enviroment/Hill_Zone/Materials/Sky Box/v2/Left.png
  artifactKey: Guid(abdd1ff57f2cc1741aeeec90cde23803) Importer(2089858483,b0f066a214c2f5e87bad3c948f4d605d)
Start importing Assets/Meshes/Enviroment/Hill_Zone/Materials/Sky Box/v2/Left.png using Guid(abdd1ff57f2cc1741aeeec90cde23803) Importer(2089858483,b0f066a214c2f5e87bad3c948f4d605d) (ScriptedImporter) -> (artifact id: '3c44a427dbb2057adf8acf6ae7fc2888') in 0.0041176 seconds
Number of updated asset objects reloaded before import = 0Number of asset objects unloaded after import = 1

========================================================================
Received Import Request.
  Time since last request: 0.000008 seconds.
  path: Assets/Resources/Audio/Music/Loops/C/soundset_C_trippy_melody 11_128bpm.wav
  artifactKey: Guid(c5069698755d74428ae139a1e8f3b17a) Importer(2089858483,b0f066a214c2f5e87bad3c948f4d605d)
Start importing Assets/Resources/Audio/Music/Loops/C/soundset_C_trippy_melody 11_128bpm.wav using Guid(c5069698755d74428ae139a1e8f3b17a) Importer(2089858483,b0f066a214c2f5e87bad3c948f4d605d) (ScriptedImporter) -> (artifact id: '85e2dd7a3f8843335d38fbbd85b48c92') in 0.0891897 seconds
Number of updated asset objects reloaded before import = 0Number of asset objects unloaded after import = 1

========================================================================
Received Import Request.
  Time since last request: 0.000012 seconds.
  path: Assets/Resources/Audio/Music/Loops/A/A1_Main_Kick_128bpm_3mins.wav
  artifactKey: Guid(957edc35ee67f447e980cd35a6762081) Importer(2089858483,b0f066a214c2f5e87bad3c948f4d605d)
Start importing Assets/Resources/Audio/Music/Loops/A/A1_Main_Kick_128bpm_3mins.wav using Guid(957edc35ee67f447e980cd35a6762081) Importer(2089858483,b0f066a214c2f5e87bad3c948f4d605d) (ScriptedImporter) -> (artifact id: 'ec0f55080326a5794133084110ae5f5a') in 0.0339512 seconds
Number of updated asset objects reloaded before import = 0Number of asset objects unloaded after import = 1

========================================================================
Received Import Request.
  Time since last request: 0.000017 seconds.
  path: Assets/Prefabs/Triggers/Old/TriggerSingle.prefab
  artifactKey: Guid(01d59dd42a88a47c68ee0a7d09de5bb0) Importer(2089858483,b0f066a214c2f5e87bad3c948f4d605d)
Start importing Assets/Prefabs/Triggers/Old/TriggerSingle.prefab using Guid(01d59dd42a88a47c68ee0a7d09de5bb0) Importer(2089858483,b0f066a214c2f5e87bad3c948f4d605d) (ScriptedImporter) -> (artifact id: '156168b3a97d7574627314c8c9a51732') in 0.0048589 seconds
Number of updated asset objects reloaded before import = 0Number of asset objects unloaded after import = 22

========================================================================
Received Import Request.
  Time since last request: 0.000012 seconds.
  path: Assets/Meshes/Models/Reworked/Props/Shrooms_02.fbx
  artifactKey: Guid(d8c4ff27ffdd64f48a236f9aa3bbd71c) Importer(2089858483,b0f066a214c2f5e87bad3c948f4d605d)
Start importing Assets/Meshes/Models/Reworked/Props/Shrooms_02.fbx using Guid(d8c4ff27ffdd64f48a236f9aa3bbd71c) Importer(2089858483,b0f066a214c2f5e87bad3c948f4d605d) (ScriptedImporter) -> (artifact id: 'f206722124c92ed8c71259203cf36fa9') in 0.0055616 seconds
Number of updated asset objects reloaded before import = 0Number of asset objects unloaded after import = 9

========================================================================
Received Import Request.
  Time since last request: 0.000011 seconds.
  path: Assets/Resources/Audio/Music/Loops/B/B20_Harmony_Pad_Filtered_3_8bars_128bpm_switch.wav
  artifactKey: Guid(a19cb30ad35054462aad73f8bd872259) Importer(2089858483,b0f066a214c2f5e87bad3c948f4d605d)
Start importing Assets/Resources/Audio/Music/Loops/B/B20_Harmony_Pad_Filtered_3_8bars_128bpm_switch.wav using Guid(a19cb30ad35054462aad73f8bd872259) Importer(2089858483,b0f066a214c2f5e87bad3c948f4d605d) (ScriptedImporter) -> (artifact id: '4d4cf5a7b748dcd58c4a315c33a9b80a') in 0.0142851 seconds
Number of updated asset objects reloaded before import = 0Number of asset objects unloaded after import = 1

========================================================================
Received Import Request.
  Time since last request: 0.000008 seconds.
  path: Assets/Resources/Materials
  artifactKey: Guid(00bfdfd6df1214270946a74045cdb6e7) Importer(2089858483,b0f066a214c2f5e87bad3c948f4d605d)
Start importing Assets/Resources/Materials using Guid(00bfdfd6df1214270946a74045cdb6e7) Importer(2089858483,b0f066a214c2f5e87bad3c948f4d605d) (ScriptedImporter) -> (artifact id: '3e874b98c26179dab545b6934d29e8f7') in 0.0014604 seconds
Number of updated asset objects reloaded before import = 0Number of asset objects unloaded after import = 1

========================================================================
Received Import Request.
  Time since last request: 0.000008 seconds.
  path: Assets/Scenes/BACKUP_template_procedural/ReflectionProbe-0.exr
  artifactKey: Guid(9a50a67825d224b5ea892e6576288015) Importer(2089858483,b0f066a214c2f5e87bad3c948f4d605d)
Start importing Assets/Scenes/BACKUP_template_procedural/ReflectionProbe-0.exr using Guid(9a50a67825d224b5ea892e6576288015) Importer(2089858483,b0f066a214c2f5e87bad3c948f4d605d) (ScriptedImporter) -> (artifact id: '2b4b9d6a1c06362bfcb49a5beab76065') in 0.0046177 seconds
Number of updated asset objects reloaded before import = 0Number of asset objects unloaded after import = 1

========================================================================
Received Import Request.
  Time since last request: 0.000008 seconds.
  path: Assets/Meshes/Misc/Piano/Materials/piano_keys_white.mat
  artifactKey: Guid(71c6a6a1ba6594cdfa9c2f13d95d1710) Importer(2089858483,b0f066a214c2f5e87bad3c948f4d605d)
Start importing Assets/Meshes/Misc/Piano/Materials/piano_keys_white.mat using Guid(71c6a6a1ba6594cdfa9c2f13d95d1710) Importer(2089858483,b0f066a214c2f5e87bad3c948f4d605d) (ScriptedImporter) -> (artifact id: '9f377b1738258f8894f71198a39fcb27') in 0.0022777 seconds
Number of updated asset objects reloaded before import = 0Number of asset objects unloaded after import = 1

========================================================================
Received Import Request.
  Time since last request: 0.000010 seconds.
  path: Assets/Resources/Audio/Music/Loops/Copia de B/B23_Harmony_Bass_Octave Up_2_8bars_128bpm_stack.wav
  artifactKey: Guid(6305d856227fa46e9bbb4dcf0ea6f921) Importer(2089858483,b0f066a214c2f5e87bad3c948f4d605d)
Start importing Assets/Resources/Audio/Music/Loops/Copia de B/B23_Harmony_Bass_Octave Up_2_8bars_128bpm_stack.wav using Guid(6305d856227fa46e9bbb4dcf0ea6f921) Importer(2089858483,b0f066a214c2f5e87bad3c948f4d605d) (ScriptedImporter) -> (artifact id: '7b715c2614414fbc9c3e188b3fe0e96b') in 0.0149678 seconds
Number of updated asset objects reloaded before import = 0Number of asset objects unloaded after import = 1

========================================================================
Received Import Request.
  Time since last request: 0.000009 seconds.
  path: Assets/Resources/Audio/Music/Loops/D/rhythm_5.wav
  artifactKey: Guid(7b86b3a10ca634a53a3910e4bfc92070) Importer(2089858483,b0f066a214c2f5e87bad3c948f4d605d)
Start importing Assets/Resources/Audio/Music/Loops/D/rhythm_5.wav using Guid(7b86b3a10ca634a53a3910e4bfc92070) Importer(2089858483,b0f066a214c2f5e87bad3c948f4d605d) (ScriptedImporter) -> (artifact id: '9c2da38e985a42483238075d5b644ea7') in 0.0487008 seconds
Number of updated asset objects reloaded before import = 0Number of asset objects unloaded after import = 1

========================================================================
Received Import Request.
  Time since last request: 0.000016 seconds.
  path: Assets/_Recovery
  artifactKey: Guid(e70b6704ed35c4822a84298985f86f5f) Importer(2089858483,b0f066a214c2f5e87bad3c948f4d605d)
Start importing Assets/_Recovery using Guid(e70b6704ed35c4822a84298985f86f5f) Importer(2089858483,b0f066a214c2f5e87bad3c948f4d605d) (ScriptedImporter) -> (artifact id: '1d984f5fb1aed542da9922d5c315b73d') in 0.0026167 seconds
Number of updated asset objects reloaded before import = 0Number of asset objects unloaded after import = 1

========================================================================
Received Import Request.
  Time since last request: 0.000017 seconds.
  path: Assets/Meshes/Misc/Crown/Material/Velvet.mat
  artifactKey: Guid(39dd4e415c820413b80426b3e6d9ca15) Importer(2089858483,b0f066a214c2f5e87bad3c948f4d605d)
Start importing Assets/Meshes/Misc/Crown/Material/Velvet.mat using Guid(39dd4e415c820413b80426b3e6d9ca15) Importer(2089858483,b0f066a214c2f5e87bad3c948f4d605d) (ScriptedImporter) -> (artifact id: 'a7b8f60ccd2d4d0f27ae57af53b84793') in 0.0034594 seconds
Number of updated asset objects reloaded before import = 0Number of asset objects unloaded after import = 1

========================================================================
Received Import Request.
  Time since last request: 0.000008 seconds.
  path: Assets/Scripts/Scene/Trigger/TriggerActions/TriggerPlayAudioClip.cs
  artifactKey: Guid(2b91625130c574189b3e40fd3d1996a8) Importer(2089858483,b0f066a214c2f5e87bad3c948f4d605d)
Start importing Assets/Scripts/Scene/Trigger/TriggerActions/TriggerPlayAudioClip.cs using Guid(2b91625130c574189b3e40fd3d1996a8) Importer(2089858483,b0f066a214c2f5e87bad3c948f4d605d) (ScriptedImporter) -> (artifact id: 'b4d78e847062b2ff3b56bf0273051dbe') in 0.0014745 seconds
Number of updated asset objects reloaded before import = 0Number of asset objects unloaded after import = 0

========================================================================
Received Import Request.
  Time since last request: 0.000008 seconds.
  path: Assets/Resources/Audio/Music/Loops/Copia de B/B46_Melody_Arpeggiator_Octave Down_1_8bars_128bpm_switch.wav
  artifactKey: Guid(a5f6e5cd2ad7a4bc689995bc68047599) Importer(2089858483,b0f066a214c2f5e87bad3c948f4d605d)
Start importing Assets/Resources/Audio/Music/Loops/Copia de B/B46_Melody_Arpeggiator_Octave Down_1_8bars_128bpm_switch.wav using Guid(a5f6e5cd2ad7a4bc689995bc68047599) Importer(2089858483,b0f066a214c2f5e87bad3c948f4d605d) (ScriptedImporter) -> (artifact id: '31024ef33b2c041e3a9d775829ff787d') in 0.0157656 seconds
Number of updated asset objects reloaded before import = 0Number of asset objects unloaded after import = 1

========================================================================
Received Prepare
Begin MonoManager ReloadAssembly
ADTM: Control thread waiting for realtime thread timed out, have to lock...
- Loaded All Assemblies, in  1.683 seconds
Script 'Grid' has the same name as built-in Unity component.
AddComponent and GetComponent will not work with this script.
Refreshing native plugins compatible for Editor in 0.43 ms, found 1 plugins.
Native extension for WindowsStandalone target not found
Native extension for WebGL target not found
[Package Manager] Failed to launch server process. Reason: Unity was launched with the -noUpm command-line argument
[Package Manager] Unable to send message (not connected to server process).
[Package Manager] Cannot connect to Unity Package Manager local server
ScheduleIndexationOnStartup MainProcess:False IndexOnStartup:True
Mono: successfully reloaded assembly
- Finished resetting the current domain, in  0.446 seconds
Domain Reload Profiling: 2101ms
	BeginReloadAssembly (1259ms)
		ExecutionOrderSort (0ms)
		DisableScriptedObjects (3ms)
		BackupInstance (0ms)
		ReleaseScriptingObjects (0ms)
		CreateAndSetChildDomain (1042ms)
	RebuildCommonClasses (37ms)
	RebuildNativeTypeToScriptingClass (14ms)
	initialDomainReloadingComplete (49ms)
	LoadAllAssembliesAndSetupDomain (297ms)
		LoadAssemblies (372ms)
		RebuildTransferFunctionScriptingTraits (0ms)
		AnalyzeDomain (83ms)
			TypeCache.Refresh (4ms)
				TypeCache.ScanAssembly (0ms)
			BuildScriptInfoCaches (67ms)
			ResolveRequiredComponents (9ms)
	FinalizeReload (446ms)
		ReleaseScriptCaches (0ms)
		RebuildScriptCaches (0ms)
		SetupLoadedEditorAssemblies (318ms)
			LogAssemblyErrors (0ms)
			InitializePlatformSupportModulesInManaged (2ms)
			SetLoadedEditorAssemblies (4ms)
			BeforeProcessingInitializeOnLoad (111ms)
			ProcessInitializeOnLoadAttributes (127ms)
			ProcessInitializeOnLoadMethodAttributes (52ms)
			AfterProcessingInitializeOnLoad (21ms)
			EditorAssembliesLoaded (0ms)
		ExecutionOrderSort2 (0ms)
		AwakeInstancesAfterBackupRestoration (13ms)
Refreshing native plugins compatible for Editor in 0.75 ms, found 1 plugins.
Preloading 0 native plugins for Editor in 0.00 ms.
Unloading 17 Unused Serialized files (Serialized files now loaded: 0)
Unloading 3270 unused Assets / (3.2 MB). Loaded Objects now: 4108.
Memory consumption went from 155.8 MB to 152.7 MB.
Total: 5.563900 ms (FindLiveObjects: 0.518100 ms CreateObjectMapping: 0.091600 ms MarkObjects: 3.695700 ms  DeleteObjects: 1.257700 ms)

Prepare: number of updated asset objects reloaded= 0
