[Licensing::Module] Trying to connect to existing licensing client channel...
Built from '6000.3/staging' branch; Version is '6000.3.11f1 (3000ef702840) revision 3145967'; Using compiler version '194234433'; Build Type 'Release'
OS: 'Windows 11  (10.0.26200) Core' Language: 'en' Physical Memory: 31797 MB
[Licensing::IpcConnector] Successfully connected to: "LicenseClient-gantz" at "2026-03-15T18:33:04.4479437Z"
BatchMode: 1, IsHumanControllingUs: 0, StartBugReporterOnCrash: 0, Is64bit: 1
System  architecture: x64
Process architecture: x64
Date: 2026-03-15T18:33:04Z

COMMAND LINE ARGUMENTS:
C:\Program Files\Unity\Hub\Editor\6000.3.11f1\Editor\Unity.exe
-adb2
-batchMode
-noUpm
-name
AssetImportWorker0
-projectPath
D:/Unity Projects/FEP_MMM26
-logFile
Logs/AssetImportWorker0.log
-srvPort
60026
-licensingIpc
LicenseClient-gantz
-job-worker-count
7
-background-job-worker-count
8
-gc-helper-count
1
-name
AssetImport
Successfully changed project path to: D:/Unity Projects/FEP_MMM26
D:/Unity Projects/FEP_MMM26
[UnityMemory] Configuration Parameters - Can be set up in boot.config
    "memorysetup-temp-allocator-size-nav-mesh-worker=65536"
    "memorysetup-temp-allocator-size-audio-worker=65536"
    "memorysetup-temp-allocator-size-gfx=262144"
    "memorysetup-allocator-temp-initial-block-size-main=262144"
    "memorysetup-allocator-temp-initial-block-size-worker=262144"
    "memorysetup-temp-allocator-size-background-worker=32768"
    "memorysetup-temp-allocator-size-job-worker=262144"
    "memorysetup-temp-allocator-size-preload-manager=33554432"
    "memorysetup-temp-allocator-size-gi-baking-worker=262144"
    "memorysetup-temp-allocator-size-gi-baking-worker=262144"
    "memorysetup-temp-allocator-size-gi-baking-worker=262144"
    "memorysetup-temp-allocator-size-gi-baking-worker=262144"
    "memorysetup-temp-allocator-size-gi-baking-worker=262144"
    "memorysetup-bucket-allocator-granularity=16"
    "memorysetup-bucket-allocator-bucket-count=8"
    "memorysetup-bucket-allocator-block-size=33554432"
    "memorysetup-bucket-allocator-block-count=8"
    "memorysetup-main-allocator-block-size=16777216"
    "memorysetup-thread-allocator-block-size=16777216"
    "memorysetup-gfx-main-allocator-block-size=16777216"
    "memorysetup-gfx-thread-allocator-block-size=16777216"
    "memorysetup-cache-allocator-block-size=4194304"
    "memorysetup-typetree-allocator-block-size=2097152"
    "memorysetup-profiler-bucket-allocator-granularity=16"
    "memorysetup-profiler-bucket-allocator-bucket-count=8"
    "memorysetup-profiler-bucket-allocator-block-size=33554432"
    "memorysetup-profiler-bucket-allocator-block-count=8"
    "memorysetup-profiler-allocator-block-size=16777216"
    "memorysetup-profiler-editor-allocator-block-size=1048576"
    "memorysetup-temp-allocator-size-main=16777216"
    "memorysetup-job-temp-allocator-block-size=2097152"
    "memorysetup-job-temp-allocator-block-size-background=1048576"
    "memorysetup-job-temp-allocator-reduction-small-platforms=262144"
    "memorysetup-temp-allocator-size-cloud-worker=32768"
Player connection [1604]  Target information:

Player connection [1604]  * "[IP] 192.168.1.8 [Port] 0 [Flags] 2 [Guid] 2441519407 [EditorId] 2441519407 [Version] 1048832 [Id] WindowsEditor(7,MatanPC) [Debug] 1 [PackageName] WindowsEditor [ProjectName] Editor" 

Player connection [1604]  * "[IP] 10.5.0.2 [Port] 0 [Flags] 2 [Guid] 2441519407 [EditorId] 2441519407 [Version] 1048832 [Id] WindowsEditor(7,MatanPC) [Debug] 1 [PackageName] WindowsEditor [ProjectName] Editor" 

Player connection [1604] Host joined multi-casting on [225.0.0.222:54997]...
Player connection [1604] Host joined alternative multi-casting on [225.0.0.222:34997]...
JobSystem: Creating JobQueue using job-worker-count value 7
Input System module state changed to: Initialized.
[Physics::Module] Initialized fallback backend.
[Physics::Module] Id: 0xdecafbad
Library Redirect Path: Library/
[Physics::Module] Selected backend.
[Physics::Module] Name: PhysX
[Physics::Module] Id: 0xf2b8ea05
[Physics::Module] SDK Version: 4.1.2
[Physics::Module] Integration Version: 1.0.0
[Physics::Module] Threading Mode: Multi-Threaded
Refreshing native plugins compatible for Editor in 0.79 ms, found 1 plugins.
Preloading 0 native plugins for Editor in 0.00 ms.
Initialize engine version: 6000.3.11f1 (3000ef702840)
[Subsystems] Discovering subsystems at path C:/Program Files/Unity/Hub/Editor/6000.3.11f1/Editor/Data/Resources/UnitySubsystems
[Subsystems] Discovering subsystems at path D:/Unity Projects/FEP_MMM26/Assets
GfxDevice: creating device client; kGfxThreadingModeNonThreaded
Direct3D:
    Version:  Direct3D 11.0 [level 11.1]
    Renderer: NVIDIA GeForce RTX 5070 Ti (ID=0x2c05)
    Vendor:   NVIDIA
    VRAM:     15995 MB
    Driver:   32.0.15.9186
Initialize mono
Mono path[0] = 'C:/Program Files/Unity/Hub/Editor/6000.3.11f1/Editor/Data/Managed'
Mono path[1] = 'C:/Program Files/Unity/Hub/Editor/6000.3.11f1/Editor/Data/MonoBleedingEdge/lib/mono/unityjit-win32'
Mono config path = 'C:/Program Files/Unity/Hub/Editor/6000.3.11f1/Editor/Data/MonoBleedingEdge/etc'
Using monoOptions --debugger-agent=transport=dt_socket,embedding=1,server=y,suspend=n,address=127.0.0.1:56864
Begin MonoManager ReloadAssembly
Registering precompiled unity dll's ...
Register platform support module: C:/Program Files/Unity/Hub/Editor/6000.3.11f1/Editor/Data/PlaybackEngines/WebGLSupport/UnityEditor.WebGL.Extensions.dll
Register platform support module: C:/Program Files/Unity/Hub/Editor/6000.3.11f1/Editor/Data/PlaybackEngines/WindowsStandaloneSupport/UnityEditor.WindowsStandalone.Extensions.dll
Registered in 0.005834 seconds.
[Licensing::Client] Error: HandshakeResponse reported an error:
	ResponseCode: 505
	ResponseStatus: Unsupported protocol version '1.18.0'.
[Licensing::Module] Error: Failed to handshake to channel: "LicenseClient-gantz"
[Licensing::IpcConnector] LicenseClient-gantz channel disconnected successfully.
[Licensing::IpcConnector] Successfully connected to: "LicenseClient-gantz-6000.3.11" at "2026-03-15T18:33:05.341596Z"
[Licensing::Client] Handshaking with LicensingClient:
  Version:                 1.18.0+23225a6
  Session Id:              cd5fe0571b6b48e0b14e71f39024735e
  Correlation Id:          207f9e7124f8690a0d5978ecf6bbc0c6
  External correlation Id: 477264241362879886
  Machine Id:              48vbuUswxnEr9PnS8/OnTBcjE3Y=
[Licensing::Module] Successfully connected to LicensingClient on channel: "LicenseClient-gantz-6000.3.11" (connect: 0.00s, validation: 0.00s, handshake: 0.09s)
[Licensing::IpcConnector] Successfully connected to: "LicenseClient-gantz-6000.3.11-notifications" at "2026-03-15T18:33:05.4342485Z"
[Licensing::Module] Licensing Background thread has ended after 0.99s
- Loaded All Assemblies, in  0.527 seconds
Native extension for WindowsStandalone target not found
Native extension for WebGL target not found
Package Manager log level set to [2]
[Package Manager] Failed to launch server process. Reason: Unity was launched with the -noUpm command-line argument
[Package Manager] Unable to send message (not connected to server process).
[Package Manager] Cannot connect to Unity Package Manager local server
ScheduleIndexationOnStartup MainProcess:False IndexOnStartup:True
Mono: successfully reloaded assembly
- Finished resetting the current domain, in  0.280 seconds
Domain Reload Profiling: 789ms
	BeginReloadAssembly (220ms)
		ExecutionOrderSort (0ms)
		DisableScriptedObjects (0ms)
		BackupInstance (0ms)
		ReleaseScriptingObjects (0ms)
		CreateAndSetChildDomain (1ms)
	RebuildCommonClasses (43ms)
	RebuildNativeTypeToScriptingClass (12ms)
	initialDomainReloadingComplete (64ms)
	LoadAllAssembliesAndSetupDomain (169ms)
		LoadAssemblies (201ms)
		RebuildTransferFunctionScriptingTraits (0ms)
		AnalyzeDomain (165ms)
			TypeCache.Refresh (163ms)
				TypeCache.ScanAssembly (154ms)
			BuildScriptInfoCaches (0ms)
			ResolveRequiredComponents (0ms)
	FinalizeReload (281ms)
		ReleaseScriptCaches (0ms)
		RebuildScriptCaches (0ms)
		SetupLoadedEditorAssemblies (253ms)
			LogAssemblyErrors (0ms)
			InitializePlatformSupportModulesInManaged (41ms)
			SetLoadedEditorAssemblies (3ms)
			BeforeProcessingInitializeOnLoad (59ms)
			ProcessInitializeOnLoadAttributes (90ms)
			ProcessInitializeOnLoadMethodAttributes (59ms)
			AfterProcessingInitializeOnLoad (0ms)
			EditorAssembliesLoaded (0ms)
		ExecutionOrderSort2 (0ms)
		AwakeInstancesAfterBackupRestoration (0ms)
========================================================================
Worker process is ready to serve import requests
Import Worker Mode flag is 0x00
Begin MonoManager ReloadAssembly
[Licensing::Client] Successfully resolved entitlement details
[Licensing::Module] License group:
  Id: 5865525-UnityPersXXXX
  Product: Unity Personal
  Type: Assigned
  Expiration: Unlimited
- Loaded All Assemblies, in  0.588 seconds
Script 'Grid' has the same name as built-in Unity component.
AddComponent and GetComponent will not work with this script.
Refreshing native plugins compatible for Editor in 0.38 ms, found 1 plugins.
Native extension for WindowsStandalone target not found
Native extension for WebGL target not found
[Package Manager] Failed to launch server process. Reason: Unity was launched with the -noUpm command-line argument
[Package Manager] Unable to send message (not connected to server process).
[Package Manager] Cannot connect to Unity Package Manager local server
ScheduleIndexationOnStartup MainProcess:False IndexOnStartup:True
Mono: successfully reloaded assembly
- Finished resetting the current domain, in  0.392 seconds
Domain Reload Profiling: 964ms
	BeginReloadAssembly (215ms)
		ExecutionOrderSort (0ms)
		DisableScriptedObjects (4ms)
		BackupInstance (0ms)
		ReleaseScriptingObjects (0ms)
		CreateAndSetChildDomain (24ms)
	RebuildCommonClasses (28ms)
	RebuildNativeTypeToScriptingClass (8ms)
	initialDomainReloadingComplete (42ms)
	LoadAllAssembliesAndSetupDomain (279ms)
		LoadAssemblies (323ms)
		RebuildTransferFunctionScriptingTraits (0ms)
		AnalyzeDomain (96ms)
			TypeCache.Refresh (66ms)
				TypeCache.ScanAssembly (61ms)
			BuildScriptInfoCaches (22ms)
			ResolveRequiredComponents (6ms)
	FinalizeReload (393ms)
		ReleaseScriptCaches (0ms)
		RebuildScriptCaches (0ms)
		SetupLoadedEditorAssemblies (304ms)
			LogAssemblyErrors (0ms)
			InitializePlatformSupportModulesInManaged (3ms)
			SetLoadedEditorAssemblies (4ms)
			BeforeProcessingInitializeOnLoad (91ms)
			ProcessInitializeOnLoadAttributes (104ms)
			ProcessInitializeOnLoadMethodAttributes (84ms)
			AfterProcessingInitializeOnLoad (17ms)
			EditorAssembliesLoaded (0ms)
		ExecutionOrderSort2 (0ms)
		AwakeInstancesAfterBackupRestoration (6ms)
Launched and connected shader compiler UnityShaderCompiler.exe after 0.01 seconds
Refreshing native plugins compatible for Editor in 0.36 ms, found 1 plugins.
Preloading 0 native plugins for Editor in 0.00 ms.
Unloading 17 Unused Serialized files (Serialized files now loaded: 0)
Unloading 3270 unused Assets / (3.7 MB). Loaded Objects now: 4086.
Memory consumption went from 124.3 MB to 120.7 MB.
Total: 5.553500 ms (FindLiveObjects: 0.451600 ms CreateObjectMapping: 0.154000 ms MarkObjects: 3.572700 ms  DeleteObjects: 1.374200 ms)

========================================================================
Received Import Request.
  Time since last request: 291737.119023 seconds.
  path: Assets/Resources/Audio/Music/Loops/C/soundset_C_trippy_melody 14_128bpm.wav
  artifactKey: Guid(a159d09edf541460ab53db93c65a6d93) Importer(2089858483,b0f066a214c2f5e87bad3c948f4d605d)
Start importing Assets/Resources/Audio/Music/Loops/C/soundset_C_trippy_melody 14_128bpm.wav using Guid(a159d09edf541460ab53db93c65a6d93) Importer(2089858483,b0f066a214c2f5e87bad3c948f4d605d) (ScriptedImporter) -> (artifact id: '2239bf682cd1027e50ac0b07db028eb4') in 0.1631395 seconds
Number of updated asset objects reloaded before import = 0Number of asset objects unloaded after import = 1

========================================================================
Received Import Request.
  Time since last request: 0.000012 seconds.
  path: Assets/Scenes/Gyuri_Levels/Gyuri_02/LightingData.asset
  artifactKey: Guid(aca700a761bee4a688672f6ec1a2916c) Importer(2089858483,b0f066a214c2f5e87bad3c948f4d605d)
Start importing Assets/Scenes/Gyuri_Levels/Gyuri_02/LightingData.asset using Guid(aca700a761bee4a688672f6ec1a2916c) Importer(2089858483,b0f066a214c2f5e87bad3c948f4d605d) (ScriptedImporter) -> (artifact id: 'd6f5c9b780cb524135854e84ab16dd7c') in 0.0053558 seconds
Number of updated asset objects reloaded before import = 0Number of asset objects unloaded after import = 2

========================================================================
Received Import Request.
  Time since last request: 0.000015 seconds.
  path: Assets/Resources/Audio/Music/Loops/Copia de B/B25_Harmony_Bass_Chopped_4_8bars_128bpm_stack.wav
  artifactKey: Guid(9b2197c71af0d42a7852e7ff690aeb41) Importer(2089858483,b0f066a214c2f5e87bad3c948f4d605d)
Start importing Assets/Resources/Audio/Music/Loops/Copia de B/B25_Harmony_Bass_Chopped_4_8bars_128bpm_stack.wav using Guid(9b2197c71af0d42a7852e7ff690aeb41) Importer(2089858483,b0f066a214c2f5e87bad3c948f4d605d) (ScriptedImporter) -> (artifact id: '24bcee50a47237bfe8b08873645db600') in 0.0182084 seconds
Number of updated asset objects reloaded before import = 0Number of asset objects unloaded after import = 1

========================================================================
Received Import Request.
  Time since last request: 0.000023 seconds.
  path: Assets/Meshes/Misc/Speaker/Materials/speaker 3.mat
  artifactKey: Guid(496a9ecbe9a42495f82ece89e5290dc1) Importer(2089858483,b0f066a214c2f5e87bad3c948f4d605d)
Start importing Assets/Meshes/Misc/Speaker/Materials/speaker 3.mat using Guid(496a9ecbe9a42495f82ece89e5290dc1) Importer(2089858483,b0f066a214c2f5e87bad3c948f4d605d) (ScriptedImporter) -> (artifact id: 'eeeddc94be968b8d260c1ffd1e8d83c6') in 0.0168284 seconds
Number of updated asset objects reloaded before import = 0Number of asset objects unloaded after import = 1

========================================================================
Received Import Request.
  Time since last request: 0.000012 seconds.
  path: Assets/Meshes/Enviroment/Hill_Zone/Fix/flat_fix.FBX
  artifactKey: Guid(82a7bd8d3868dcd40a906dc82aab06ae) Importer(2089858483,b0f066a214c2f5e87bad3c948f4d605d)
Start importing Assets/Meshes/Enviroment/Hill_Zone/Fix/flat_fix.FBX using Guid(82a7bd8d3868dcd40a906dc82aab06ae) Importer(2089858483,b0f066a214c2f5e87bad3c948f4d605d) (ScriptedImporter) -> (artifact id: '0412ea39af6e77c4c6b7d32b9b4961b6') in 0.0309303 seconds
Number of updated asset objects reloaded before import = 0Number of asset objects unloaded after import = 7

========================================================================
Received Import Request.
  Time since last request: 0.000016 seconds.
  path: Assets/Resources/Audio/Music/Loops/Copia de B/B6_Rhythm_Hi Hat_Basic_1_1bars_128bpm_switch.wav
  artifactKey: Guid(5b84f35c08f604ba89fc16a58219e3c9) Importer(2089858483,b0f066a214c2f5e87bad3c948f4d605d)
Start importing Assets/Resources/Audio/Music/Loops/Copia de B/B6_Rhythm_Hi Hat_Basic_1_1bars_128bpm_switch.wav using Guid(5b84f35c08f604ba89fc16a58219e3c9) Importer(2089858483,b0f066a214c2f5e87bad3c948f4d605d) (ScriptedImporter) -> (artifact id: 'f422a469725ae810bbc5d7f25a383f45') in 0.0165112 seconds
Number of updated asset objects reloaded before import = 0Number of asset objects unloaded after import = 1

========================================================================
Received Import Request.
  Time since last request: 0.000016 seconds.
  path: Assets/Meshes/Models/Reworked/Props/Pinwheel_05.fbx
  artifactKey: Guid(160f34ef4d6f3534784276cdb59afb88) Importer(2089858483,b0f066a214c2f5e87bad3c948f4d605d)
Start importing Assets/Meshes/Models/Reworked/Props/Pinwheel_05.fbx using Guid(160f34ef4d6f3534784276cdb59afb88) Importer(2089858483,b0f066a214c2f5e87bad3c948f4d605d) (ScriptedImporter) -> (artifact id: '5ff89535da616e455709d9b5358d5d7d') in 0.0077971 seconds
Number of updated asset objects reloaded before import = 0Number of asset objects unloaded after import = 16

========================================================================
Received Import Request.
  Time since last request: 0.000013 seconds.
  path: Assets/Prefabs/Enviroment/Hill_Zone/misc/Wind Turbine 1.prefab
  artifactKey: Guid(e42f1d5c98ea14052aaae65c939d6bc9) Importer(2089858483,b0f066a214c2f5e87bad3c948f4d605d)
Start importing Assets/Prefabs/Enviroment/Hill_Zone/misc/Wind Turbine 1.prefab using Guid(e42f1d5c98ea14052aaae65c939d6bc9) Importer(2089858483,b0f066a214c2f5e87bad3c948f4d605d) (ScriptedImporter) -> (artifact id: '0200808a037d9e4ed3eb5c79d1440a37') in 0.0077334 seconds
Number of updated asset objects reloaded before import = 0Number of asset objects unloaded after import = 67

========================================================================
Received Import Request.
  Time since last request: 0.000018 seconds.
  path: Assets/Prefabs/Enviroment/Hill_Zone/FlatToFlatBridge.prefab
  artifactKey: Guid(179dbb292dfbe474499767120799d723) Importer(2089858483,b0f066a214c2f5e87bad3c948f4d605d)
Start importing Assets/Prefabs/Enviroment/Hill_Zone/FlatToFlatBridge.prefab using Guid(179dbb292dfbe474499767120799d723) Importer(2089858483,b0f066a214c2f5e87bad3c948f4d605d) (ScriptedImporter) -> (artifact id: '335b3eb283511b9deaa05a0a5e3d0fa6') in 0.0299471 seconds
Number of updated asset objects reloaded before import = 0Number of asset objects unloaded after import = 1936

========================================================================
Received Import Request.
  Time since last request: 0.000031 seconds.
  path: Assets/Prefabs/Enviroment/Trippy_Zone/TunnelStraight.prefab
  artifactKey: Guid(cf852b75729382041b2961be5a478001) Importer(2089858483,b0f066a214c2f5e87bad3c948f4d605d)
Start importing Assets/Prefabs/Enviroment/Trippy_Zone/TunnelStraight.prefab using Guid(cf852b75729382041b2961be5a478001) Importer(2089858483,b0f066a214c2f5e87bad3c948f4d605d) (ScriptedImporter) -> (artifact id: '2ab4e2d078ed0ace1713c8d1ca29f165') in 0.0046313 seconds
Number of updated asset objects reloaded before import = 0Number of asset objects unloaded after import = 20

========================================================================
Received Import Request.
  Time since last request: 0.000021 seconds.
  path: Assets/Prefabs/Enviroment/Hill_Zone/Doubles/LowToFlatA.prefab
  artifactKey: Guid(32325a2acb2f1f645802f05c5cf56c15) Importer(2089858483,b0f066a214c2f5e87bad3c948f4d605d)
Start importing Assets/Prefabs/Enviroment/Hill_Zone/Doubles/LowToFlatA.prefab using Guid(32325a2acb2f1f645802f05c5cf56c15) Importer(2089858483,b0f066a214c2f5e87bad3c948f4d605d) (ScriptedImporter) -> (artifact id: 'da9d1d80e9e06f10cc8c677e7bed9a94') in 0.0369637 seconds
Number of updated asset objects reloaded before import = 0Number of asset objects unloaded after import = 8591

========================================================================
Received Import Request.
  Time since last request: 0.000016 seconds.
  path: Assets/Meshes/Enviroment/Hill_Zone/Materials/Textures/Facefix.mat
  artifactKey: Guid(8ca8df081e2994c459bb9d935d4160d2) Importer(2089858483,b0f066a214c2f5e87bad3c948f4d605d)
Start importing Assets/Meshes/Enviroment/Hill_Zone/Materials/Textures/Facefix.mat using Guid(8ca8df081e2994c459bb9d935d4160d2) Importer(2089858483,b0f066a214c2f5e87bad3c948f4d605d) (ScriptedImporter) -> (artifact id: '6c0ce49db55d39ab437a3e8e42210e20') in 0.0041558 seconds
Number of updated asset objects reloaded before import = 0Number of asset objects unloaded after import = 3

========================================================================
Received Import Request.
  Time since last request: 0.000013 seconds.
  path: Assets/Resources/Audio/Music/Loops/Copia de B/B17_Rhythm_Clap_Double_4_1bars_128bpm_switch.wav
  artifactKey: Guid(c05f8b993a6094c04839a6d145a562d9) Importer(2089858483,b0f066a214c2f5e87bad3c948f4d605d)
Start importing Assets/Resources/Audio/Music/Loops/Copia de B/B17_Rhythm_Clap_Double_4_1bars_128bpm_switch.wav using Guid(c05f8b993a6094c04839a6d145a562d9) Importer(2089858483,b0f066a214c2f5e87bad3c948f4d605d) (ScriptedImporter) -> (artifact id: '01abb4679b1573aeea1a7852cce4e02f') in 0.0139163 seconds
Number of updated asset objects reloaded before import = 0Number of asset objects unloaded after import = 1

========================================================================
Received Import Request.
  Time since last request: 0.000010 seconds.
  path: Assets/Prefabs/Enviroment/Trippy_Zone/TowerD.prefab
  artifactKey: Guid(55f2a9721d6a39f478accd3426ba9ba0) Importer(2089858483,b0f066a214c2f5e87bad3c948f4d605d)
Start importing Assets/Prefabs/Enviroment/Trippy_Zone/TowerD.prefab using Guid(55f2a9721d6a39f478accd3426ba9ba0) Importer(2089858483,b0f066a214c2f5e87bad3c948f4d605d) (ScriptedImporter) -> (artifact id: 'dd68923470b959e3b7a5eea4beed795e') in 0.0070698 seconds
Number of updated asset objects reloaded before import = 0Number of asset objects unloaded after import = 474

========================================================================
Received Import Request.
  Time since last request: 0.000011 seconds.
  path: Assets/Meshes/Enviroment/Hill_Zone/Materials/Sunflower
  artifactKey: Guid(e0080f8b3ed724f7d9294b10be78873a) Importer(2089858483,b0f066a214c2f5e87bad3c948f4d605d)
Start importing Assets/Meshes/Enviroment/Hill_Zone/Materials/Sunflower using Guid(e0080f8b3ed724f7d9294b10be78873a) Importer(2089858483,b0f066a214c2f5e87bad3c948f4d605d) (ScriptedImporter) -> (artifact id: '561d8c9db3ccd71f49773a5579c1eb3f') in 0.0016104 seconds
Number of updated asset objects reloaded before import = 0Number of asset objects unloaded after import = 1

========================================================================
Received Import Request.
  Time since last request: 0.000013 seconds.
  path: Assets/Meshes/Enviroment/Hill_Zone/tree_line_high.FBX
  artifactKey: Guid(686fe5a0cb5c75f48aa20c12c3fd5d4e) Importer(2089858483,b0f066a214c2f5e87bad3c948f4d605d)
Start importing Assets/Meshes/Enviroment/Hill_Zone/tree_line_high.FBX using Guid(686fe5a0cb5c75f48aa20c12c3fd5d4e) Importer(2089858483,b0f066a214c2f5e87bad3c948f4d605d) (ScriptedImporter) -> (artifact id: 'd726becb5616a34c6984aa2886d61556') in 0.0084822 seconds
Number of updated asset objects reloaded before import = 0Number of asset objects unloaded after import = 14

========================================================================
Received Import Request.
  Time since last request: 0.000018 seconds.
  path: Assets/Scenes
  artifactKey: Guid(097a6b83a4ce844d1a1045e4d38cb668) Importer(2089858483,b0f066a214c2f5e87bad3c948f4d605d)
Start importing Assets/Scenes using Guid(097a6b83a4ce844d1a1045e4d38cb668) Importer(2089858483,b0f066a214c2f5e87bad3c948f4d605d) (ScriptedImporter) -> (artifact id: 'fa7a7f8077b0964bff3f997ff910531c') in 0.0015452 seconds
Number of updated asset objects reloaded before import = 0Number of asset objects unloaded after import = 1

========================================================================
Received Import Request.
  Time since last request: 0.000013 seconds.
  path: Assets/Meshes/Enviroment/Hill_Zone/Materials/Road Sign/Sign Pole.mat
  artifactKey: Guid(2644967bfd23745cfa7d06fc62fc5744) Importer(2089858483,b0f066a214c2f5e87bad3c948f4d605d)
Start importing Assets/Meshes/Enviroment/Hill_Zone/Materials/Road Sign/Sign Pole.mat using Guid(2644967bfd23745cfa7d06fc62fc5744) Importer(2089858483,b0f066a214c2f5e87bad3c948f4d605d) (ScriptedImporter) -> (artifact id: '4770a6d64a2927c4fb79717f9b8c4a2e') in 0.0027916 seconds
Number of updated asset objects reloaded before import = 0Number of asset objects unloaded after import = 1

========================================================================
Received Import Request.
  Time since last request: 0.000010 seconds.
  path: Assets/Meshes/Misc/Mic/Materials/blue chrome.mat
  artifactKey: Guid(2873a8414ae11428dad1e9ac57156de1) Importer(2089858483,b0f066a214c2f5e87bad3c948f4d605d)
Start importing Assets/Meshes/Misc/Mic/Materials/blue chrome.mat using Guid(2873a8414ae11428dad1e9ac57156de1) Importer(2089858483,b0f066a214c2f5e87bad3c948f4d605d) (ScriptedImporter) -> (artifact id: 'fc42d3d6276db098fa25d4a6acb29f26') in 0.0026865 seconds
Number of updated asset objects reloaded before import = 0Number of asset objects unloaded after import = 1

========================================================================
Received Import Request.
  Time since last request: 0.000009 seconds.
  path: Assets/Prefabs/Enviroment/Hill_Zone/temp/FlatToLow.prefab
  artifactKey: Guid(1da64a75c1e56ce499626954eddf2680) Importer(2089858483,b0f066a214c2f5e87bad3c948f4d605d)
Start importing Assets/Prefabs/Enviroment/Hill_Zone/temp/FlatToLow.prefab using Guid(1da64a75c1e56ce499626954eddf2680) Importer(2089858483,b0f066a214c2f5e87bad3c948f4d605d) (ScriptedImporter) -> (artifact id: '2902fd406754b528e85bcd82faa5ed90') in 0.0030897 seconds
Number of updated asset objects reloaded before import = 0Number of asset objects unloaded after import = 21

========================================================================
Received Import Request.
  Time since last request: 0.000011 seconds.
  path: Assets/Meshes/Enviroment/Hill_Zone/Materials/Tunnel/tunnel_texture_body_2_dark-02.mat
  artifactKey: Guid(de4893bfe6c1c4171832dbaeb17d70fa) Importer(2089858483,b0f066a214c2f5e87bad3c948f4d605d)
Start importing Assets/Meshes/Enviroment/Hill_Zone/Materials/Tunnel/tunnel_texture_body_2_dark-02.mat using Guid(de4893bfe6c1c4171832dbaeb17d70fa) Importer(2089858483,b0f066a214c2f5e87bad3c948f4d605d) (ScriptedImporter) -> (artifact id: '7dfe6f82fc10ed8d8c742510812574dc') in 0.0036098 seconds
Number of updated asset objects reloaded before import = 0Number of asset objects unloaded after import = 3

========================================================================
Received Import Request.
  Time since last request: 0.000009 seconds.
  path: Assets/Prefabs/Patterns/Pattern_76544567.prefab
  artifactKey: Guid(fac089c241b7ef64d913cd7819a22fd1) Importer(2089858483,b0f066a214c2f5e87bad3c948f4d605d)
Start importing Assets/Prefabs/Patterns/Pattern_76544567.prefab using Guid(fac089c241b7ef64d913cd7819a22fd1) Importer(2089858483,b0f066a214c2f5e87bad3c948f4d605d) (ScriptedImporter) -> (artifact id: 'b792636acdcc7a900d58aee240e87ed9') in 0.0106475 seconds
Number of updated asset objects reloaded before import = 0Number of asset objects unloaded after import = 167

========================================================================
Received Import Request.
  Time since last request: 0.000010 seconds.
  path: Assets/Meshes/Misc/Speaker/Materials/speaker 1.mat
  artifactKey: Guid(be5fa7c6bac0b4aa3820699f5d11de59) Importer(2089858483,b0f066a214c2f5e87bad3c948f4d605d)
Start importing Assets/Meshes/Misc/Speaker/Materials/speaker 1.mat using Guid(be5fa7c6bac0b4aa3820699f5d11de59) Importer(2089858483,b0f066a214c2f5e87bad3c948f4d605d) (ScriptedImporter) -> (artifact id: '1a5585537b76bd0dfe064243339a92fd') in 0.0027074 seconds
Number of updated asset objects reloaded before import = 0Number of asset objects unloaded after import = 1

========================================================================
Received Import Request.
  Time since last request: 0.000009 seconds.
  path: Assets/Meshes/Enviroment/Hill_Zone/Materials/Wind Turbine/windturbine_pole.mat
  artifactKey: Guid(31961fe31bde04e37b23250284c5483a) Importer(2089858483,b0f066a214c2f5e87bad3c948f4d605d)
Start importing Assets/Meshes/Enviroment/Hill_Zone/Materials/Wind Turbine/windturbine_pole.mat using Guid(31961fe31bde04e37b23250284c5483a) Importer(2089858483,b0f066a214c2f5e87bad3c948f4d605d) (ScriptedImporter) -> (artifact id: '5c1b05074d6c9ba823925a3dde0564e7') in 0.0035632 seconds
Number of updated asset objects reloaded before import = 0Number of asset objects unloaded after import = 2

========================================================================
Received Import Request.
  Time since last request: 0.000013 seconds.
  path: Assets/Prefabs/Enviroment/Trippy_Zone/Juan/Fancy Wall.prefab
  artifactKey: Guid(97ce88971586f42569eae687f860081e) Importer(2089858483,b0f066a214c2f5e87bad3c948f4d605d)
Start importing Assets/Prefabs/Enviroment/Trippy_Zone/Juan/Fancy Wall.prefab using Guid(97ce88971586f42569eae687f860081e) Importer(2089858483,b0f066a214c2f5e87bad3c948f4d605d) (ScriptedImporter) -> (artifact id: 'dd6910a377d783a7529ac857ec44090e') in 0.0034202 seconds
Number of updated asset objects reloaded before import = 0Number of asset objects unloaded after import = 18

========================================================================
Received Import Request.
  Time since last request: 0.000020 seconds.
  path: Assets/Scripts/Editor/PrefabGroupEditor.cs
  artifactKey: Guid(b98d73847e8674ab8ac3564f34cb53ab) Importer(2089858483,b0f066a214c2f5e87bad3c948f4d605d)
Start importing Assets/Scripts/Editor/PrefabGroupEditor.cs using Guid(b98d73847e8674ab8ac3564f34cb53ab) Importer(2089858483,b0f066a214c2f5e87bad3c948f4d605d) (ScriptedImporter) -> (artifact id: 'd8f323c265c30a373b76982445f5eaa8') in 0.0018781 seconds
Number of updated asset objects reloaded before import = 0Number of asset objects unloaded after import = 0

========================================================================
Received Import Request.
  Time since last request: 0.000012 seconds.
  path: Assets/Resources/Audio/Music/Loops/B/B35_Melody_Synth_Half Tempo_2_8bars_128bpm_switch.wav.asd
  artifactKey: Guid(8342bb1d2945e498b9b7ab11f8e42962) Importer(2089858483,b0f066a214c2f5e87bad3c948f4d605d)
Start importing Assets/Resources/Audio/Music/Loops/B/B35_Melody_Synth_Half Tempo_2_8bars_128bpm_switch.wav.asd using Guid(8342bb1d2945e498b9b7ab11f8e42962) Importer(2089858483,b0f066a214c2f5e87bad3c948f4d605d) (ScriptedImporter) -> (artifact id: '208168179b02f53ec7863821c9336cea') in 0.0015672 seconds
Number of updated asset objects reloaded before import = 0Number of asset objects unloaded after import = 1

========================================================================
Received Import Request.
  Time since last request: 0.000009 seconds.
  path: Assets/MidiJack
  artifactKey: Guid(84609565471fc4fdd95ac560e1fd0949) Importer(2089858483,b0f066a214c2f5e87bad3c948f4d605d)
Start importing Assets/MidiJack using Guid(84609565471fc4fdd95ac560e1fd0949) Importer(2089858483,b0f066a214c2f5e87bad3c948f4d605d) (ScriptedImporter) -> (artifact id: 'c4ce95a3a477be4c5b5f7ec3e2c82072') in 0.0014743 seconds
Number of updated asset objects reloaded before import = 0Number of asset objects unloaded after import = 1

========================================================================
Received Import Request.
  Time since last request: 0.000010 seconds.
  path: Assets/Meshes/Misc/Tiled Floor/Material/Materials/floor_tile_1.mat
  artifactKey: Guid(af46b986d900f42fc9c335fa4c14619e) Importer(2089858483,b0f066a214c2f5e87bad3c948f4d605d)
Start importing Assets/Meshes/Misc/Tiled Floor/Material/Materials/floor_tile_1.mat using Guid(af46b986d900f42fc9c335fa4c14619e) Importer(2089858483,b0f066a214c2f5e87bad3c948f4d605d) (ScriptedImporter) -> (artifact id: 'fb03b18d673b153abaa085cb91ee3f96') in 0.0031408 seconds
Number of updated asset objects reloaded before import = 0Number of asset objects unloaded after import = 3

========================================================================
Received Import Request.
  Time since last request: 0.000010 seconds.
  path: Assets/Prefabs/Enviroment/Test/test_material1.mat
  artifactKey: Guid(606ffcfacb7ee44a5b3e04bd202642cb) Importer(2089858483,b0f066a214c2f5e87bad3c948f4d605d)
Start importing Assets/Prefabs/Enviroment/Test/test_material1.mat using Guid(606ffcfacb7ee44a5b3e04bd202642cb) Importer(2089858483,b0f066a214c2f5e87bad3c948f4d605d) (ScriptedImporter) -> (artifact id: '3eda0218eca1cb87fa9626a09676e259') in 0.0025152 seconds
Number of updated asset objects reloaded before import = 0Number of asset objects unloaded after import = 1

========================================================================
Received Import Request.
  Time since last request: 0.000008 seconds.
  path: Assets/Resources/Audio/Music/Loops/C/soundset_C_trippy_harmony 11_128bpm.wav
  artifactKey: Guid(2db61467c25964a4db4877a4a5aea264) Importer(2089858483,b0f066a214c2f5e87bad3c948f4d605d)
Start importing Assets/Resources/Audio/Music/Loops/C/soundset_C_trippy_harmony 11_128bpm.wav using Guid(2db61467c25964a4db4877a4a5aea264) Importer(2089858483,b0f066a214c2f5e87bad3c948f4d605d) (ScriptedImporter) -> (artifact id: 'e7b94217073aa6bf722085327b81c954') in 0.0780676 seconds
Number of updated asset objects reloaded before import = 0Number of asset objects unloaded after import = 1

========================================================================
Received Import Request.
  Time since last request: 0.000012 seconds.
  path: Assets/Prefabs/Enviroment/Hill_Zone/Doubles/HighToLowA.prefab
  artifactKey: Guid(82ff5a60940acab4e88955af00045f6e) Importer(2089858483,b0f066a214c2f5e87bad3c948f4d605d)
Start importing Assets/Prefabs/Enviroment/Hill_Zone/Doubles/HighToLowA.prefab using Guid(82ff5a60940acab4e88955af00045f6e) Importer(2089858483,b0f066a214c2f5e87bad3c948f4d605d) (ScriptedImporter) -> (artifact id: '75190853794800c85d973f8b3a57f585') in 0.0378289 seconds
Number of updated asset objects reloaded before import = 0Number of asset objects unloaded after import = 8447

========================================================================
Received Import Request.
  Time since last request: 0.000032 seconds.
  path: Assets/Prefabs/Patterns/Pattern_33333333.prefab
  artifactKey: Guid(f0732e2c20645c041bbd4cd4c6bbe44d) Importer(2089858483,b0f066a214c2f5e87bad3c948f4d605d)
Start importing Assets/Prefabs/Patterns/Pattern_33333333.prefab using Guid(f0732e2c20645c041bbd4cd4c6bbe44d) Importer(2089858483,b0f066a214c2f5e87bad3c948f4d605d) (ScriptedImporter) -> (artifact id: '4de1e3f788c50688c2abcc73a28e2801') in 0.0066541 seconds
Number of updated asset objects reloaded before import = 0Number of asset objects unloaded after import = 167

========================================================================
Received Import Request.
  Time since last request: 0.000012 seconds.
  path: Assets/Resources/Audio/Music/Loops/D/rhythm_4.wav
  artifactKey: Guid(97eafbf47857b489984f2b137e37250d) Importer(2089858483,b0f066a214c2f5e87bad3c948f4d605d)
Start importing Assets/Resources/Audio/Music/Loops/D/rhythm_4.wav using Guid(97eafbf47857b489984f2b137e37250d) Importer(2089858483,b0f066a214c2f5e87bad3c948f4d605d) (ScriptedImporter) -> (artifact id: 'd6d53269a1bc90926eca19c392015378') in 0.0506111 seconds
Number of updated asset objects reloaded before import = 0Number of asset objects unloaded after import = 1

========================================================================
Received Import Request.
  Time since last request: 0.000011 seconds.
  path: Assets/Resources/Audio/Music/Loops/Copia de B/B12_Rhythm_Percussion_Minimal_3_1bars_128bpm_switch.wav.asd
  artifactKey: Guid(b2324e1829ab149ff8e724063796c00d) Importer(2089858483,b0f066a214c2f5e87bad3c948f4d605d)
Start importing Assets/Resources/Audio/Music/Loops/Copia de B/B12_Rhythm_Percussion_Minimal_3_1bars_128bpm_switch.wav.asd using Guid(b2324e1829ab149ff8e724063796c00d) Importer(2089858483,b0f066a214c2f5e87bad3c948f4d605d) (ScriptedImporter) -> (artifact id: 'b9a600aa5909782f875ba2d7dc3d645f') in 0.001581 seconds
Number of updated asset objects reloaded before import = 0Number of asset objects unloaded after import = 1

========================================================================
Received Import Request.
  Time since last request: 0.000010 seconds.
  path: Assets/Meshes/Enviroment/Hill_Zone
  artifactKey: Guid(098b41fb8dcaa884e8b832ef20467cf2) Importer(2089858483,b0f066a214c2f5e87bad3c948f4d605d)
Start importing Assets/Meshes/Enviroment/Hill_Zone using Guid(098b41fb8dcaa884e8b832ef20467cf2) Importer(2089858483,b0f066a214c2f5e87bad3c948f4d605d) (ScriptedImporter) -> (artifact id: '03baf3bc0cfc0797d69fccf59032dc90') in 0.0017626 seconds
Number of updated asset objects reloaded before import = 0Number of asset objects unloaded after import = 1

========================================================================
Received Import Request.
  Time since last request: 0.000009 seconds.
  path: Assets/UniversalRenderPipelineGlobalSettings.asset
  artifactKey: Guid(4611a89b356164cdcb33d9989a6bd9b8) Importer(2089858483,b0f066a214c2f5e87bad3c948f4d605d)
Start importing Assets/UniversalRenderPipelineGlobalSettings.asset using Guid(4611a89b356164cdcb33d9989a6bd9b8) Importer(2089858483,b0f066a214c2f5e87bad3c948f4d605d) (ScriptedImporter) -> (artifact id: 'e68f2100ebdbd6ee360f480c57696abe') in 0.0368938 seconds
Number of updated asset objects reloaded before import = 0Number of asset objects unloaded after import = 0

========================================================================
Received Import Request.
  Time since last request: 0.000015 seconds.
  path: Assets/Resources/Materials/Patterns/PatternChildMeshTransparent.mat
  artifactKey: Guid(2e6f41c4e4d8c458a99cc919afbda12a) Importer(2089858483,b0f066a214c2f5e87bad3c948f4d605d)
Start importing Assets/Resources/Materials/Patterns/PatternChildMeshTransparent.mat using Guid(2e6f41c4e4d8c458a99cc919afbda12a) Importer(2089858483,b0f066a214c2f5e87bad3c948f4d605d) (ScriptedImporter) -> (artifact id: 'dead42a6daeb4cc47ccefff9808b39d0') in 0.002668 seconds
Number of updated asset objects reloaded before import = 0Number of asset objects unloaded after import = 2

========================================================================
Received Import Request.
  Time since last request: 0.000016 seconds.
  path: Assets/Meshes/Enviroment/Hill_Zone/Materials/Textures/Texture Atlas.jpg
  artifactKey: Guid(d9d492e4224a5d7468a809007db0e109) Importer(2089858483,b0f066a214c2f5e87bad3c948f4d605d)
Start importing Assets/Meshes/Enviroment/Hill_Zone/Materials/Textures/Texture Atlas.jpg using Guid(d9d492e4224a5d7468a809007db0e109) Importer(2089858483,b0f066a214c2f5e87bad3c948f4d605d) (ScriptedImporter) -> (artifact id: 'c843c5dc854f88cc9b7ab0a3b69064cd') in 0.0207855 seconds
Number of updated asset objects reloaded before import = 0Number of asset objects unloaded after import = 1

========================================================================
Received Import Request.
  Time since last request: 0.000011 seconds.
  path: Assets/Resources/Audio/Music/Loops/B/B38_Melody_Synth 2_Basic_1_8bars_128bpm_switch.wav
  artifactKey: Guid(bca6b2c14237d4affa8a1db6b040d4e9) Importer(2089858483,b0f066a214c2f5e87bad3c948f4d605d)
Start importing Assets/Resources/Audio/Music/Loops/B/B38_Melody_Synth 2_Basic_1_8bars_128bpm_switch.wav using Guid(bca6b2c14237d4affa8a1db6b040d4e9) Importer(2089858483,b0f066a214c2f5e87bad3c948f4d605d) (ScriptedImporter) -> (artifact id: '52ddd601441cdd770a012663d43a193d') in 0.0142884 seconds
Number of updated asset objects reloaded before import = 0Number of asset objects unloaded after import = 1

========================================================================
Received Import Request.
  Time since last request: 0.000012 seconds.
  path: Assets/Resources/Materials/Patterns
  artifactKey: Guid(9f976b6b073684c59a061c119fb050e6) Importer(2089858483,b0f066a214c2f5e87bad3c948f4d605d)
Start importing Assets/Resources/Materials/Patterns using Guid(9f976b6b073684c59a061c119fb050e6) Importer(2089858483,b0f066a214c2f5e87bad3c948f4d605d) (ScriptedImporter) -> (artifact id: '880dce2594e2fa7a1f1b186090f1449a') in 0.0015654 seconds
Number of updated asset objects reloaded before import = 0Number of asset objects unloaded after import = 1

========================================================================
Received Import Request.
  Time since last request: 0.000010 seconds.
  path: Assets/Scripts/Scene/PatternControll.cs
  artifactKey: Guid(2f3b64c686ef945db91b74d0cddc391d) Importer(2089858483,b0f066a214c2f5e87bad3c948f4d605d)
Start importing Assets/Scripts/Scene/PatternControll.cs using Guid(2f3b64c686ef945db91b74d0cddc391d) Importer(2089858483,b0f066a214c2f5e87bad3c948f4d605d) (ScriptedImporter) -> (artifact id: 'ca3ffcbd211dbabd7093a26e65580ad1') in 0.0016611 seconds
Number of updated asset objects reloaded before import = 0Number of asset objects unloaded after import = 0

========================================================================
Received Import Request.
  Time since last request: 0.000010 seconds.
  path: Assets/Meshes/Enviroment/Trippy_Zone/tower_a.FBX
  artifactKey: Guid(1b8b291ca2dace84b883cd0595c87a4c) Importer(2089858483,b0f066a214c2f5e87bad3c948f4d605d)
Start importing Assets/Meshes/Enviroment/Trippy_Zone/tower_a.FBX using Guid(1b8b291ca2dace84b883cd0595c87a4c) Importer(2089858483,b0f066a214c2f5e87bad3c948f4d605d) (ScriptedImporter) -> (artifact id: '5309dde4433995e0bc032a5e1edaa146') in 0.0141239 seconds
Number of updated asset objects reloaded before import = 0Number of asset objects unloaded after import = 11

========================================================================
Received Import Request.
  Time since last request: 0.000011 seconds.
  path: Assets/Resources/Audio/Music/Loops/Copia de B/B8_Rhythm_Hi Hat_Layered_3_1bars_128bpm_switch.wav
  artifactKey: Guid(5bebde79b620a45539b815453abfe6ae) Importer(2089858483,b0f066a214c2f5e87bad3c948f4d605d)
Start importing Assets/Resources/Audio/Music/Loops/Copia de B/B8_Rhythm_Hi Hat_Layered_3_1bars_128bpm_switch.wav using Guid(5bebde79b620a45539b815453abfe6ae) Importer(2089858483,b0f066a214c2f5e87bad3c948f4d605d) (ScriptedImporter) -> (artifact id: '5ee5ca2c99ed2c14d7edbdda9c5f8d14') in 0.0148432 seconds
Number of updated asset objects reloaded before import = 0Number of asset objects unloaded after import = 1

========================================================================
Received Import Request.
  Time since last request: 0.000012 seconds.
  path: Assets/Resources/Audio/Music/Loops/D/bass_1.wav
  artifactKey: Guid(56704c27d7cc141f6aaff9a959c77285) Importer(2089858483,b0f066a214c2f5e87bad3c948f4d605d)
Start importing Assets/Resources/Audio/Music/Loops/D/bass_1.wav using Guid(56704c27d7cc141f6aaff9a959c77285) Importer(2089858483,b0f066a214c2f5e87bad3c948f4d605d) (ScriptedImporter) -> (artifact id: '85742cdb3280d87d2ac39e273894d2dc') in 0.0466963 seconds
Number of updated asset objects reloaded before import = 0Number of asset objects unloaded after import = 1

========================================================================
Received Import Request.
  Time since last request: 0.000048 seconds.
  path: Assets/Resources/GUI/CIELO (1).png
  artifactKey: Guid(9e1991af694c14abebef5f24ee2abe45) Importer(2089858483,b0f066a214c2f5e87bad3c948f4d605d)
Start importing Assets/Resources/GUI/CIELO (1).png using Guid(9e1991af694c14abebef5f24ee2abe45) Importer(2089858483,b0f066a214c2f5e87bad3c948f4d605d) (ScriptedImporter) -> (artifact id: 'c8c254de57b0f5fa4ebafb8a40db0224') in 0.004341 seconds
Number of updated asset objects reloaded before import = 0Number of asset objects unloaded after import = 1

========================================================================
Received Import Request.
  Time since last request: 0.000010 seconds.
  path: Assets/Resources/Audio/Music/Loops/B/B19_Harmony_Pad_Sidechain_2_8bars_128bpm_switch.wav.asd
  artifactKey: Guid(18f7ff4f90b694a5fa571fed6b0c5640) Importer(2089858483,b0f066a214c2f5e87bad3c948f4d605d)
Start importing Assets/Resources/Audio/Music/Loops/B/B19_Harmony_Pad_Sidechain_2_8bars_128bpm_switch.wav.asd using Guid(18f7ff4f90b694a5fa571fed6b0c5640) Importer(2089858483,b0f066a214c2f5e87bad3c948f4d605d) (ScriptedImporter) -> (artifact id: '5cc4d97ae35be911ca6303f0140d5ab5') in 0.0015178 seconds
Number of updated asset objects reloaded before import = 0Number of asset objects unloaded after import = 1

========================================================================
Received Import Request.
  Time since last request: 0.000013 seconds.
  path: Assets/Resources/Audio/Data/SoundSet_C_trippy.asset
  artifactKey: Guid(4bd72260276374b069f62846007fd879) Importer(2089858483,b0f066a214c2f5e87bad3c948f4d605d)
Start importing Assets/Resources/Audio/Data/SoundSet_C_trippy.asset using Guid(4bd72260276374b069f62846007fd879) Importer(2089858483,b0f066a214c2f5e87bad3c948f4d605d) (ScriptedImporter) -> (artifact id: '493719b716d091959a3e0c3217f39dcb') in 2.2490562 seconds
Number of updated asset objects reloaded before import = 0Number of asset objects unloaded after import = 50

========================================================================
Received Import Request.
  Time since last request: 0.000021 seconds.
  path: Assets/Resources/Audio/Music/Loops/B/B22_Harmony_Bass_Basic_1_8bars_128bpm_stack.wav.asd
  artifactKey: Guid(804a88b9b0c7a40f783ebd7b42bcdf9b) Importer(2089858483,b0f066a214c2f5e87bad3c948f4d605d)
Start importing Assets/Resources/Audio/Music/Loops/B/B22_Harmony_Bass_Basic_1_8bars_128bpm_stack.wav.asd using Guid(804a88b9b0c7a40f783ebd7b42bcdf9b) Importer(2089858483,b0f066a214c2f5e87bad3c948f4d605d) (ScriptedImporter) -> (artifact id: 'e7f189c85f478aeb1f58c4b41e3f0787') in 0.0018619 seconds
Number of updated asset objects reloaded before import = 0Number of asset objects unloaded after import = 1

========================================================================
Received Import Request.
  Time since last request: 0.000020 seconds.
  path: Assets/Resources/Audio/Music/Loops/B/B17_Rhythm_Clap_Double_4_1bars_128bpm_switch.wav.asd
  artifactKey: Guid(e1181cb619bce4d4cb78ac4b92ec1ac7) Importer(2089858483,b0f066a214c2f5e87bad3c948f4d605d)
Start importing Assets/Resources/Audio/Music/Loops/B/B17_Rhythm_Clap_Double_4_1bars_128bpm_switch.wav.asd using Guid(e1181cb619bce4d4cb78ac4b92ec1ac7) Importer(2089858483,b0f066a214c2f5e87bad3c948f4d605d) (ScriptedImporter) -> (artifact id: 'b0455587cce8dcb126172da4875dbd5a') in 0.0025072 seconds
Number of updated asset objects reloaded before import = 0Number of asset objects unloaded after import = 1

========================================================================
Received Import Request.
  Time since last request: 0.000033 seconds.
  path: Assets/Resources/Audio/Music/Loops/C/soundset_C_trippy_harmony 14_128bpm.wav
  artifactKey: Guid(38cc1dbf8e63c4829a4e849467ed17d8) Importer(2089858483,b0f066a214c2f5e87bad3c948f4d605d)
Start importing Assets/Resources/Audio/Music/Loops/C/soundset_C_trippy_harmony 14_128bpm.wav using Guid(38cc1dbf8e63c4829a4e849467ed17d8) Importer(2089858483,b0f066a214c2f5e87bad3c948f4d605d) (ScriptedImporter) -> (artifact id: 'a52b6b30da7d1955ab73585bdf315e4b') in 0.0889392 seconds
Number of updated asset objects reloaded before import = 0Number of asset objects unloaded after import = 1

========================================================================
Received Import Request.
  Time since last request: 0.000014 seconds.
  path: Assets/Prefabs/Enviroment/Hill_Zone/misc
  artifactKey: Guid(5da63aa0a02049243af9928bb82e5e6b) Importer(2089858483,b0f066a214c2f5e87bad3c948f4d605d)
Start importing Assets/Prefabs/Enviroment/Hill_Zone/misc using Guid(5da63aa0a02049243af9928bb82e5e6b) Importer(2089858483,b0f066a214c2f5e87bad3c948f4d605d) (ScriptedImporter) -> (artifact id: 'fe2803713c879e0d4d9e68fdd5079852') in 0.0015524 seconds
Number of updated asset objects reloaded before import = 0Number of asset objects unloaded after import = 1

========================================================================
Received Import Request.
  Time since last request: 0.000009 seconds.
  path: Assets/Scenes/Levels
  artifactKey: Guid(d00bea8b123c04707a3fa6f60b09aba8) Importer(2089858483,b0f066a214c2f5e87bad3c948f4d605d)
Start importing Assets/Scenes/Levels using Guid(d00bea8b123c04707a3fa6f60b09aba8) Importer(2089858483,b0f066a214c2f5e87bad3c948f4d605d) (ScriptedImporter) -> (artifact id: 'ddce6cd529c8f4ac93730f72cdd882f3') in 0.0014174 seconds
Number of updated asset objects reloaded before import = 0Number of asset objects unloaded after import = 1

========================================================================
Received Import Request.
  Time since last request: 0.000010 seconds.
  path: Assets/Prefabs/Triggers/TriggerSkyboxChange.prefab
  artifactKey: Guid(485c114fa7a13429bbc9f800c2096ccf) Importer(2089858483,b0f066a214c2f5e87bad3c948f4d605d)
Start importing Assets/Prefabs/Triggers/TriggerSkyboxChange.prefab using Guid(485c114fa7a13429bbc9f800c2096ccf) Importer(2089858483,b0f066a214c2f5e87bad3c948f4d605d) (ScriptedImporter) -> (artifact id: 'eba28ca8f83d2006a076dbf5ae1b1197') in 0.0083132 seconds
Number of updated asset objects reloaded before import = 0Number of asset objects unloaded after import = 9

========================================================================
Received Import Request.
  Time since last request: 0.000016 seconds.
  path: Assets/Resources/Materials/Patterns/PatternParticlesFailure.mat
  artifactKey: Guid(bc65c98b0012d429a8d1160ac97d74c1) Importer(2089858483,b0f066a214c2f5e87bad3c948f4d605d)
Start importing Assets/Resources/Materials/Patterns/PatternParticlesFailure.mat using Guid(bc65c98b0012d429a8d1160ac97d74c1) Importer(2089858483,b0f066a214c2f5e87bad3c948f4d605d) (ScriptedImporter) -> (artifact id: '403ef83ee342ee70a37a617a50b60b64') in 0.0036697 seconds
Number of updated asset objects reloaded before import = 0Number of asset objects unloaded after import = 2

========================================================================
Received Import Request.
  Time since last request: 0.000019 seconds.
  path: Assets/Resources/Audio/Music/Loops/Copia de B/B28_Harmony_Bass 2_Chopped_3_8bars_128bpm_switch.wav.asd
  artifactKey: Guid(433abcd2c76fc4b428297484087be8cc) Importer(2089858483,b0f066a214c2f5e87bad3c948f4d605d)
Start importing Assets/Resources/Audio/Music/Loops/Copia de B/B28_Harmony_Bass 2_Chopped_3_8bars_128bpm_switch.wav.asd using Guid(433abcd2c76fc4b428297484087be8cc) Importer(2089858483,b0f066a214c2f5e87bad3c948f4d605d) (ScriptedImporter) -> (artifact id: '4c03a64d3a997d5e608c8f7bc38a8d4c') in 0.0015913 seconds
Number of updated asset objects reloaded before import = 0Number of asset objects unloaded after import = 1

========================================================================
Received Import Request.
  Time since last request: 0.000010 seconds.
  path: Assets/Resources/Materials/tunnel_textures/tunnel_02.mat
  artifactKey: Guid(db982d6dc9bee41c6a72ee3bd4aa185e) Importer(2089858483,b0f066a214c2f5e87bad3c948f4d605d)
Start importing Assets/Resources/Materials/tunnel_textures/tunnel_02.mat using Guid(db982d6dc9bee41c6a72ee3bd4aa185e) Importer(2089858483,b0f066a214c2f5e87bad3c948f4d605d) (ScriptedImporter) -> (artifact id: '3a6a5bd09b34150c1a64bda3bd2d6b6f') in 0.0027421 seconds
Number of updated asset objects reloaded before import = 0Number of asset objects unloaded after import = 2

========================================================================
Received Import Request.
  Time since last request: 0.000013 seconds.
  path: Assets/Meshes/Models/Reworked/Environment/Hill_03.fbx
  artifactKey: Guid(8f8547690c29c15449540338aba086f1) Importer(2089858483,b0f066a214c2f5e87bad3c948f4d605d)
Start importing Assets/Meshes/Models/Reworked/Environment/Hill_03.fbx using Guid(8f8547690c29c15449540338aba086f1) Importer(2089858483,b0f066a214c2f5e87bad3c948f4d605d) (ScriptedImporter) -> (artifact id: '1ebc177f24547e5ee6669ad4f0370263') in 0.0071301 seconds
Number of updated asset objects reloaded before import = 0Number of asset objects unloaded after import = 9

========================================================================
Received Import Request.
  Time since last request: 0.000012 seconds.
  path: Assets/Resources/Audio/Music/Loops/Copia de B/B15_Rhythm_Clap_Minimal_2_1bars_128bpm_switch.wav
  artifactKey: Guid(ba00f2c4b81a147fe862471e0b0498ba) Importer(2089858483,b0f066a214c2f5e87bad3c948f4d605d)
Start importing Assets/Resources/Audio/Music/Loops/Copia de B/B15_Rhythm_Clap_Minimal_2_1bars_128bpm_switch.wav using Guid(ba00f2c4b81a147fe862471e0b0498ba) Importer(2089858483,b0f066a214c2f5e87bad3c948f4d605d) (ScriptedImporter) -> (artifact id: 'f3ce00a5620e99fadb91221d3a5b718b') in 0.0143888 seconds
Number of updated asset objects reloaded before import = 0Number of asset objects unloaded after import = 1

========================================================================
Received Import Request.
  Time since last request: 0.000011 seconds.
  path: Assets/Meshes/Enviroment/Hill_Zone/Materials/Hills/light_green.mat
  artifactKey: Guid(886085a89c3efb44cb0a3a5469f44d7b) Importer(2089858483,b0f066a214c2f5e87bad3c948f4d605d)
Start importing Assets/Meshes/Enviroment/Hill_Zone/Materials/Hills/light_green.mat using Guid(886085a89c3efb44cb0a3a5469f44d7b) Importer(2089858483,b0f066a214c2f5e87bad3c948f4d605d) (ScriptedImporter) -> (artifact id: '026b0c960798c204354ccfaafe4d0e49') in 0.0038386 seconds
Number of updated asset objects reloaded before import = 0Number of asset objects unloaded after import = 2

========================================================================
Received Import Request.
  Time since last request: 0.000012 seconds.
  path: Assets/Meshes/Enviroment/Hill_Zone/Materials/Material #24.mat
  artifactKey: Guid(f1c49aa6cb75a7a4589820bae55f17c1) Importer(2089858483,b0f066a214c2f5e87bad3c948f4d605d)
Start importing Assets/Meshes/Enviroment/Hill_Zone/Materials/Material #24.mat using Guid(f1c49aa6cb75a7a4589820bae55f17c1) Importer(2089858483,b0f066a214c2f5e87bad3c948f4d605d) (ScriptedImporter) -> (artifact id: '2f78573719bc5b19f24e09e92556a07c') in 0.002305 seconds
Number of updated asset objects reloaded before import = 0Number of asset objects unloaded after import = 1

========================================================================
Received Import Request.
  Time since last request: 0.000008 seconds.
  path: Assets/Meshes/Misc/Tiled Floor/Material/Materials/floor_tile_2.mat
  artifactKey: Guid(2361fecca38964c42a05262f410e5349) Importer(2089858483,b0f066a214c2f5e87bad3c948f4d605d)
Start importing Assets/Meshes/Misc/Tiled Floor/Material/Materials/floor_tile_2.mat using Guid(2361fecca38964c42a05262f410e5349) Importer(2089858483,b0f066a214c2f5e87bad3c948f4d605d) (ScriptedImporter) -> (artifact id: '14650c0ab71066c121eae0d2c54865c1') in 0.0030593 seconds
Number of updated asset objects reloaded before import = 0Number of asset objects unloaded after import = 2

========================================================================
Received Import Request.
  Time since last request: 0.000011 seconds.
  path: Assets/Resources/Audio/Music/Loops/C/soundset_C_trippy_melody 16_128bpm.wav
  artifactKey: Guid(69850dc8e2d62467bbe28f59016a133a) Importer(2089858483,b0f066a214c2f5e87bad3c948f4d605d)
Start importing Assets/Resources/Audio/Music/Loops/C/soundset_C_trippy_melody 16_128bpm.wav using Guid(69850dc8e2d62467bbe28f59016a133a) Importer(2089858483,b0f066a214c2f5e87bad3c948f4d605d) (ScriptedImporter) -> (artifact id: '589c923ba16e71dff70b03953078ef9a') in 0.0821493 seconds
Number of updated asset objects reloaded before import = 0Number of asset objects unloaded after import = 1

========================================================================
Received Import Request.
  Time since last request: 0.000021 seconds.
  path: Assets/_Recovery/0.unity
  artifactKey: Guid(0afafd6248b364adca6dc4c8d2a2fd31) Importer(2089858483,b0f066a214c2f5e87bad3c948f4d605d)
Start importing Assets/_Recovery/0.unity using Guid(0afafd6248b364adca6dc4c8d2a2fd31) Importer(2089858483,b0f066a214c2f5e87bad3c948f4d605d) (ScriptedImporter) -> (artifact id: '295af0cb3a00bcdd424c6e1f9f87a715') in 0.0024653 seconds
Number of updated asset objects reloaded before import = 0Number of asset objects unloaded after import = 1

========================================================================
Received Import Request.
  Time since last request: 0.000015 seconds.
  path: Assets/Prefabs/Triggers
  artifactKey: Guid(7be14eb7425834045aea63aa2d5e9236) Importer(2089858483,b0f066a214c2f5e87bad3c948f4d605d)
Start importing Assets/Prefabs/Triggers using Guid(7be14eb7425834045aea63aa2d5e9236) Importer(2089858483,b0f066a214c2f5e87bad3c948f4d605d) (ScriptedImporter) -> (artifact id: '387eef219238c680b76b9d0760be1eb2') in 0.0014018 seconds
Number of updated asset objects reloaded before import = 0Number of asset objects unloaded after import = 1

========================================================================
Received Import Request.
  Time since last request: 0.000009 seconds.
  path: Assets/Resources/Audio/Music/Loops/Copia de B/B24_Harmony_Bass_Arpeggio_3_8bars_128bpm_stack.wav
  artifactKey: Guid(1608ebec953804890b4e092bae59eadd) Importer(2089858483,b0f066a214c2f5e87bad3c948f4d605d)
Start importing Assets/Resources/Audio/Music/Loops/Copia de B/B24_Harmony_Bass_Arpeggio_3_8bars_128bpm_stack.wav using Guid(1608ebec953804890b4e092bae59eadd) Importer(2089858483,b0f066a214c2f5e87bad3c948f4d605d) (ScriptedImporter) -> (artifact id: '79b9bd2ca535d53840bd29dbff2e83be') in 0.0176412 seconds
Number of updated asset objects reloaded before import = 0Number of asset objects unloaded after import = 1

========================================================================
Received Import Request.
  Time since last request: 0.000011 seconds.
  path: Assets/MidiJack/Editor/MidiJack.Editor.asmdef
  artifactKey: Guid(5484aab10e9d94d419d32eccb311987f) Importer(2089858483,b0f066a214c2f5e87bad3c948f4d605d)
Start importing Assets/MidiJack/Editor/MidiJack.Editor.asmdef using Guid(5484aab10e9d94d419d32eccb311987f) Importer(2089858483,b0f066a214c2f5e87bad3c948f4d605d) (ScriptedImporter) -> (artifact id: 'c30a0e5319d0480c413b944534b89e59') in 0.0018527 seconds
Number of updated asset objects reloaded before import = 0Number of asset objects unloaded after import = 1

========================================================================
Received Import Request.
  Time since last request: 0.000008 seconds.
  path: Assets/Meshes/Misc/Mic/mic.fbx
  artifactKey: Guid(3b0262a8ff99a418499bdf106f16ddf7) Importer(2089858483,b0f066a214c2f5e87bad3c948f4d605d)
Start importing Assets/Meshes/Misc/Mic/mic.fbx using Guid(3b0262a8ff99a418499bdf106f16ddf7) Importer(2089858483,b0f066a214c2f5e87bad3c948f4d605d) (ScriptedImporter) -> (artifact id: 'da0ca434bdf014e39ff82b464dd234ac') in 0.0084932 seconds
Number of updated asset objects reloaded before import = 0Number of asset objects unloaded after import = 29

========================================================================
Received Import Request.
  Time since last request: 0.000011 seconds.
  path: Assets/Meshes/Models/puntoecologico_1.fbx
  artifactKey: Guid(f2c83beefdf994e2785e37905eeefd7f) Importer(2089858483,b0f066a214c2f5e87bad3c948f4d605d)
Start importing Assets/Meshes/Models/puntoecologico_1.fbx using Guid(f2c83beefdf994e2785e37905eeefd7f) Importer(2089858483,b0f066a214c2f5e87bad3c948f4d605d) (ScriptedImporter) -> (artifact id: 'eead387879e2f0a2fe9ed73d351553e9') in 0.0066689 seconds
Number of updated asset objects reloaded before import = 0Number of asset objects unloaded after import = 18

========================================================================
Received Import Request.
  Time since last request: 0.000011 seconds.
  path: Assets/Resources/Audio/Music/Loops/Copia de B/B13_Rhythm_Percussion_Double_4_1bars_128bpm_switch.wav
  artifactKey: Guid(4e131e029947246eb801c7d6950ade71) Importer(2089858483,b0f066a214c2f5e87bad3c948f4d605d)
Start importing Assets/Resources/Audio/Music/Loops/Copia de B/B13_Rhythm_Percussion_Double_4_1bars_128bpm_switch.wav using Guid(4e131e029947246eb801c7d6950ade71) Importer(2089858483,b0f066a214c2f5e87bad3c948f4d605d) (ScriptedImporter) -> (artifact id: '26ae6c5a14a27d5ed95d3559401bea47') in 0.0146129 seconds
Number of updated asset objects reloaded before import = 0Number of asset objects unloaded after import = 1

========================================================================
Received Import Request.
  Time since last request: 0.000010 seconds.
  path: Assets/Meshes/Misc/Materials/Pickup Blue Melody.mat
  artifactKey: Guid(da76591a734284161b41d5a5325208ca) Importer(2089858483,b0f066a214c2f5e87bad3c948f4d605d)
Start importing Assets/Meshes/Misc/Materials/Pickup Blue Melody.mat using Guid(da76591a734284161b41d5a5325208ca) Importer(2089858483,b0f066a214c2f5e87bad3c948f4d605d) (ScriptedImporter) -> (artifact id: '3430e03b541c30c1fd1846827dd9a5f5') in 0.0029336 seconds
Number of updated asset objects reloaded before import = 0Number of asset objects unloaded after import = 1

========================================================================
Received Import Request.
  Time since last request: 0.000011 seconds.
  path: Assets/Resources/Audio/Music/Loops/Copia de B/B14_Rhythm_Clap_Minimal_1_1bars_128bpm_switch.wav
  artifactKey: Guid(91f236f5793e0408098ad01cb47a8c10) Importer(2089858483,b0f066a214c2f5e87bad3c948f4d605d)
Start importing Assets/Resources/Audio/Music/Loops/Copia de B/B14_Rhythm_Clap_Minimal_1_1bars_128bpm_switch.wav using Guid(91f236f5793e0408098ad01cb47a8c10) Importer(2089858483,b0f066a214c2f5e87bad3c948f4d605d) (ScriptedImporter) -> (artifact id: '5c4d665e3358e5c44a6291b273d88c9e') in 0.0140685 seconds
Number of updated asset objects reloaded before import = 0Number of asset objects unloaded after import = 1

========================================================================
Received Import Request.
  Time since last request: 0.000017 seconds.
  path: Assets/Resources/Audio/Music/Loops/Copia de B/B19_Harmony_Pad_Sidechain_2_8bars_128bpm_switch.wav
  artifactKey: Guid(77b7401b3e23d48a7992d61ca38c9bf0) Importer(2089858483,b0f066a214c2f5e87bad3c948f4d605d)
Start importing Assets/Resources/Audio/Music/Loops/Copia de B/B19_Harmony_Pad_Sidechain_2_8bars_128bpm_switch.wav using Guid(77b7401b3e23d48a7992d61ca38c9bf0) Importer(2089858483,b0f066a214c2f5e87bad3c948f4d605d) (ScriptedImporter) -> (artifact id: 'cded79ef43832ce61847f0a366fc45e1') in 0.0147948 seconds
Number of updated asset objects reloaded before import = 0Number of asset objects unloaded after import = 1

========================================================================
Received Import Request.
  Time since last request: 0.000010 seconds.
  path: Assets/Meshes/Misc/PickUp/pickup.fbx
  artifactKey: Guid(27307ef79e18c4df9a337c74b82b9c78) Importer(2089858483,b0f066a214c2f5e87bad3c948f4d605d)
Start importing Assets/Meshes/Misc/PickUp/pickup.fbx using Guid(27307ef79e18c4df9a337c74b82b9c78) Importer(2089858483,b0f066a214c2f5e87bad3c948f4d605d) (ScriptedImporter) -> (artifact id: '88c9141f9799eeded05d66e90c769f39') in 0.0045949 seconds
Number of updated asset objects reloaded before import = 0Number of asset objects unloaded after import = 8

========================================================================
Received Import Request.
  Time since last request: 0.000013 seconds.
  path: Assets/Meshes/Enviroment/Hill_Zone/Materials/Hills
  artifactKey: Guid(c972f464f022e49d19f5fd951bbd8837) Importer(2089858483,b0f066a214c2f5e87bad3c948f4d605d)
Start importing Assets/Meshes/Enviroment/Hill_Zone/Materials/Hills using Guid(c972f464f022e49d19f5fd951bbd8837) Importer(2089858483,b0f066a214c2f5e87bad3c948f4d605d) (ScriptedImporter) -> (artifact id: '75b9e5426f5d712b9f73d17b6c5c70e2') in 0.0014835 seconds
Number of updated asset objects reloaded before import = 0Number of asset objects unloaded after import = 1

========================================================================
Received Import Request.
  Time since last request: 0.000009 seconds.
  path: Assets/Meshes/Misc/Fancy Wall
  artifactKey: Guid(be21371a429b87649bcb8fe1b6e4d6f2) Importer(2089858483,b0f066a214c2f5e87bad3c948f4d605d)
Start importing Assets/Meshes/Misc/Fancy Wall using Guid(be21371a429b87649bcb8fe1b6e4d6f2) Importer(2089858483,b0f066a214c2f5e87bad3c948f4d605d) (ScriptedImporter) -> (artifact id: 'fd82b3ef695a9e25a93f168a6e6b6a06') in 0.0013836 seconds
Number of updated asset objects reloaded before import = 0Number of asset objects unloaded after import = 1

========================================================================
Received Import Request.
  Time since last request: 0.000010 seconds.
  path: Assets/Prefabs/Enviroment/Trippy_Zone/Juan
  artifactKey: Guid(3c0062059f5c72f469cdbd930fca9ad4) Importer(2089858483,b0f066a214c2f5e87bad3c948f4d605d)
Start importing Assets/Prefabs/Enviroment/Trippy_Zone/Juan using Guid(3c0062059f5c72f469cdbd930fca9ad4) Importer(2089858483,b0f066a214c2f5e87bad3c948f4d605d) (ScriptedImporter) -> (artifact id: 'afbbc0aa595241474c180f35d6a470a0') in 0.0015527 seconds
Number of updated asset objects reloaded before import = 0Number of asset objects unloaded after import = 1

========================================================================
Received Import Request.
  Time since last request: 0.000026 seconds.
  path: Assets/Resources/Audio/Music/Loops/Copia de B/B5_Rhythm_Kick_Snare_Basic_4_1bars_128bpm_switch.wav
  artifactKey: Guid(9185bdfef1e484e72aeb007bc7c432d1) Importer(2089858483,b0f066a214c2f5e87bad3c948f4d605d)
Start importing Assets/Resources/Audio/Music/Loops/Copia de B/B5_Rhythm_Kick_Snare_Basic_4_1bars_128bpm_switch.wav using Guid(9185bdfef1e484e72aeb007bc7c432d1) Importer(2089858483,b0f066a214c2f5e87bad3c948f4d605d) (ScriptedImporter) -> (artifact id: '80fc6783d17e5c424ff02c147e35d201') in 0.0147638 seconds
Number of updated asset objects reloaded before import = 0Number of asset objects unloaded after import = 1

========================================================================
Received Import Request.
  Time since last request: 0.000010 seconds.
  path: Assets/Resources/Audio/Music/Loops/B/B27_Harmony_Bass 2_Octave Up_2_8bars_128bpm_switch.wav
  artifactKey: Guid(773d557f7f2c84d8f87ba13fd6793338) Importer(2089858483,b0f066a214c2f5e87bad3c948f4d605d)
Start importing Assets/Resources/Audio/Music/Loops/B/B27_Harmony_Bass 2_Octave Up_2_8bars_128bpm_switch.wav using Guid(773d557f7f2c84d8f87ba13fd6793338) Importer(2089858483,b0f066a214c2f5e87bad3c948f4d605d) (ScriptedImporter) -> (artifact id: '81c8fd2fa40363561ffcab3cae5b0b00') in 0.0148366 seconds
Number of updated asset objects reloaded before import = 0Number of asset objects unloaded after import = 1

========================================================================
Received Import Request.
  Time since last request: 0.000010 seconds.
  path: Assets/Meshes/Enviroment/Trippy_Zone/spiral.FBX
  artifactKey: Guid(6ff19c1881dad7543ab644fd43f37bdd) Importer(2089858483,b0f066a214c2f5e87bad3c948f4d605d)
Start importing Assets/Meshes/Enviroment/Trippy_Zone/spiral.FBX using Guid(6ff19c1881dad7543ab644fd43f37bdd) Importer(2089858483,b0f066a214c2f5e87bad3c948f4d605d) (ScriptedImporter) -> (artifact id: '8c211133cfd4f1efd73502b498e6832e') in 0.0078677 seconds
Number of updated asset objects reloaded before import = 0Number of asset objects unloaded after import = 11

========================================================================
Received Import Request.
  Time since last request: 0.000055 seconds.
  path: Assets/Resources/Audio/Music/Loops/Copia de B/B13_Rhythm_Percussion_Double_4_1bars_128bpm_switch.wav.asd
  artifactKey: Guid(1dbd44dc541c844c193a6438eb2a620a) Importer(2089858483,b0f066a214c2f5e87bad3c948f4d605d)
Start importing Assets/Resources/Audio/Music/Loops/Copia de B/B13_Rhythm_Percussion_Double_4_1bars_128bpm_switch.wav.asd using Guid(1dbd44dc541c844c193a6438eb2a620a) Importer(2089858483,b0f066a214c2f5e87bad3c948f4d605d) (ScriptedImporter) -> (artifact id: '6d9e905baa910ad99adef98b5702e7a0') in 0.0020951 seconds
Number of updated asset objects reloaded before import = 0Number of asset objects unloaded after import = 1

========================================================================
Received Import Request.
  Time since last request: 0.000009 seconds.
  path: Assets/Animation/Materials/Material #24.mat
  artifactKey: Guid(31e46d172010a014bb88e980ae358048) Importer(2089858483,b0f066a214c2f5e87bad3c948f4d605d)
Start importing Assets/Animation/Materials/Material #24.mat using Guid(31e46d172010a014bb88e980ae358048) Importer(2089858483,b0f066a214c2f5e87bad3c948f4d605d) (ScriptedImporter) -> (artifact id: '640d0c8ab65c27909dfa9b9efe7901ac') in 0.0021423 seconds
Number of updated asset objects reloaded before import = 0Number of asset objects unloaded after import = 1

========================================================================
Received Import Request.
  Time since last request: 0.000010 seconds.
  path: Assets/Resources/Audio/Music/Loops/D/rhythm_7.wav
  artifactKey: Guid(9948e7c56c2f74d53aa3583a92c54062) Importer(2089858483,b0f066a214c2f5e87bad3c948f4d605d)
Start importing Assets/Resources/Audio/Music/Loops/D/rhythm_7.wav using Guid(9948e7c56c2f74d53aa3583a92c54062) Importer(2089858483,b0f066a214c2f5e87bad3c948f4d605d) (ScriptedImporter) -> (artifact id: '2974ec55fb34c805be45a19ffe3b6113') in 0.0481768 seconds
Number of updated asset objects reloaded before import = 0Number of asset objects unloaded after import = 1

========================================================================
Received Import Request.
  Time since last request: 0.000010 seconds.
  path: Assets/Scenes/template_procedural/ReflectionProbe-0.exr
  artifactKey: Guid(556b2ccc876b94463b4ca7f45e121b3c) Importer(2089858483,b0f066a214c2f5e87bad3c948f4d605d)
Start importing Assets/Scenes/template_procedural/ReflectionProbe-0.exr using Guid(556b2ccc876b94463b4ca7f45e121b3c) Importer(2089858483,b0f066a214c2f5e87bad3c948f4d605d) (ScriptedImporter) -> (artifact id: '775e46b4164bfc24608c8dfd841e41df') in 0.0056494 seconds
Number of updated asset objects reloaded before import = 0Number of asset objects unloaded after import = 1

========================================================================
Received Import Request.
  Time since last request: 0.000009 seconds.
  path: Assets/Resources/Audio/Music/Loops/B/B8_Rhythm_Hi Hat_Layered_3_1bars_128bpm_switch.wav.asd
  artifactKey: Guid(a4de4f350627f4a8f8ba5a4989016128) Importer(2089858483,b0f066a214c2f5e87bad3c948f4d605d)
Start importing Assets/Resources/Audio/Music/Loops/B/B8_Rhythm_Hi Hat_Layered_3_1bars_128bpm_switch.wav.asd using Guid(a4de4f350627f4a8f8ba5a4989016128) Importer(2089858483,b0f066a214c2f5e87bad3c948f4d605d) (ScriptedImporter) -> (artifact id: 'ff5ce8bfbfe8caab76c7cceeb4ad7df6') in 0.0016751 seconds
Number of updated asset objects reloaded before import = 0Number of asset objects unloaded after import = 1

========================================================================
Received Import Request.
  Time since last request: 0.000012 seconds.
  path: Assets/Resources/Materials/tunnel_textures/tunnel_01.mat
  artifactKey: Guid(48886d2892bcc4772938806018570e2a) Importer(2089858483,b0f066a214c2f5e87bad3c948f4d605d)
Start importing Assets/Resources/Materials/tunnel_textures/tunnel_01.mat using Guid(48886d2892bcc4772938806018570e2a) Importer(2089858483,b0f066a214c2f5e87bad3c948f4d605d) (ScriptedImporter) -> (artifact id: '4d9081e8cd091660ca9b493fdb368079') in 0.0025729 seconds
Number of updated asset objects reloaded before import = 0Number of asset objects unloaded after import = 2

========================================================================
Received Import Request.
  Time since last request: 0.000013 seconds.
  path: Assets/Resources/Materials/Basic/line_transparant red.mat
  artifactKey: Guid(58c070bc6717f9944b5ce25fe45334b0) Importer(2089858483,b0f066a214c2f5e87bad3c948f4d605d)
Start importing Assets/Resources/Materials/Basic/line_transparant red.mat using Guid(58c070bc6717f9944b5ce25fe45334b0) Importer(2089858483,b0f066a214c2f5e87bad3c948f4d605d) (ScriptedImporter) -> (artifact id: '954e68a9c7362a54bb179cb4fd34ebff') in 0.0029063 seconds
Number of updated asset objects reloaded before import = 0Number of asset objects unloaded after import = 2

========================================================================
Received Import Request.
  Time since last request: 0.000010 seconds.
  path: Assets/Animation
  artifactKey: Guid(4ca664904948f46428b9ce6438223678) Importer(2089858483,b0f066a214c2f5e87bad3c948f4d605d)
Start importing Assets/Animation using Guid(4ca664904948f46428b9ce6438223678) Importer(2089858483,b0f066a214c2f5e87bad3c948f4d605d) (ScriptedImporter) -> (artifact id: 'e8ce1566fc5a0dc5ce80ea4a3b634b81') in 0.0016217 seconds
Number of updated asset objects reloaded before import = 0Number of asset objects unloaded after import = 1

========================================================================
Received Import Request.
  Time since last request: 0.000015 seconds.
  path: Assets/Meshes/Enviroment/Hill_Zone/Materials/Sky Box/side_l.png
  artifactKey: Guid(4a379b2e94f840346aa6f17eb420d5a5) Importer(2089858483,b0f066a214c2f5e87bad3c948f4d605d)
Start importing Assets/Meshes/Enviroment/Hill_Zone/Materials/Sky Box/side_l.png using Guid(4a379b2e94f840346aa6f17eb420d5a5) Importer(2089858483,b0f066a214c2f5e87bad3c948f4d605d) (ScriptedImporter) -> (artifact id: '7f82a6fef10d410268c12964e8cbb1f3') in 0.0052457 seconds
Number of updated asset objects reloaded before import = 0Number of asset objects unloaded after import = 1

========================================================================
Received Import Request.
  Time since last request: 0.000008 seconds.
  path: Assets/Resources/Audio/Music/Loops/B/B27_Harmony_Bass 2_Octave Up_2_8bars_128bpm_switch.wav.asd
  artifactKey: Guid(0991187e59c0343ee9199b8b50be513f) Importer(2089858483,b0f066a214c2f5e87bad3c948f4d605d)
Start importing Assets/Resources/Audio/Music/Loops/B/B27_Harmony_Bass 2_Octave Up_2_8bars_128bpm_switch.wav.asd using Guid(0991187e59c0343ee9199b8b50be513f) Importer(2089858483,b0f066a214c2f5e87bad3c948f4d605d) (ScriptedImporter) -> (artifact id: '2f6c09d75f8802eeb86e423e69f7cd93') in 0.0015905 seconds
Number of updated asset objects reloaded before import = 0Number of asset objects unloaded after import = 1

========================================================================
Received Import Request.
  Time since last request: 0.000008 seconds.
  path: Assets/Resources/GUI/project_mmm_intro_mask3.png
  artifactKey: Guid(754c04e72bb0043a8a6803acf8637d0c) Importer(2089858483,b0f066a214c2f5e87bad3c948f4d605d)
Start importing Assets/Resources/GUI/project_mmm_intro_mask3.png using Guid(754c04e72bb0043a8a6803acf8637d0c) Importer(2089858483,b0f066a214c2f5e87bad3c948f4d605d) (ScriptedImporter) -> (artifact id: '5e76aae495e3f7003e2091b0879218f0') in 0.0160879 seconds
Number of updated asset objects reloaded before import = 0Number of asset objects unloaded after import = 3

========================================================================
Received Import Request.
  Time since last request: 0.000009 seconds.
  path: Assets/Resources/Audio/Music/Loops/B/B1_Main_Reverse Cymbal_Basic_none_16bars_128bpm_none.wav
  artifactKey: Guid(129325b7a469846a6bb11940ee91352c) Importer(2089858483,b0f066a214c2f5e87bad3c948f4d605d)
Start importing Assets/Resources/Audio/Music/Loops/B/B1_Main_Reverse Cymbal_Basic_none_16bars_128bpm_none.wav using Guid(129325b7a469846a6bb11940ee91352c) Importer(2089858483,b0f066a214c2f5e87bad3c948f4d605d) (ScriptedImporter) -> (artifact id: 'd909ed3337a1eec684973291185ed299') in 0.0243948 seconds
Number of updated asset objects reloaded before import = 0Number of asset objects unloaded after import = 1

========================================================================
Received Import Request.
  Time since last request: 0.000010 seconds.
  path: Assets/Resources/Audio/Music/Loops/B/B12_Rhythm_Percussion_Minimal_3_1bars_128bpm_switch.wav.asd
  artifactKey: Guid(ac8095182403644788a8f22545613192) Importer(2089858483,b0f066a214c2f5e87bad3c948f4d605d)
Start importing Assets/Resources/Audio/Music/Loops/B/B12_Rhythm_Percussion_Minimal_3_1bars_128bpm_switch.wav.asd using Guid(ac8095182403644788a8f22545613192) Importer(2089858483,b0f066a214c2f5e87bad3c948f4d605d) (ScriptedImporter) -> (artifact id: 'e2f838a8fa27d8149425b2e254d8498e') in 0.0016272 seconds
Number of updated asset objects reloaded before import = 0Number of asset objects unloaded after import = 1

========================================================================
Received Import Request.
  Time since last request: 0.000012 seconds.
  path: Assets/Resources/Audio/Music/Loops/A/A26_Melody_Arpeggiator_Muffled_3_2bars_130bpm_switch.wav
  artifactKey: Guid(0469f99c1146d42a58a73ff090133de1) Importer(2089858483,b0f066a214c2f5e87bad3c948f4d605d)
Start importing Assets/Resources/Audio/Music/Loops/A/A26_Melody_Arpeggiator_Muffled_3_2bars_130bpm_switch.wav using Guid(0469f99c1146d42a58a73ff090133de1) Importer(2089858483,b0f066a214c2f5e87bad3c948f4d605d) (ScriptedImporter) -> (artifact id: '1206eeef73ad713fd01ae79a876f2e00') in 0.0141159 seconds
Number of updated asset objects reloaded before import = 0Number of asset objects unloaded after import = 1

========================================================================
Received Import Request.
  Time since last request: 0.000009 seconds.
  path: Assets/Resources/Audio/Music/Loops/B/B28_Harmony_Bass 2_Chopped_3_8bars_128bpm_switch.wav.asd
  artifactKey: Guid(4806df241725b4f70a30499bc7b47480) Importer(2089858483,b0f066a214c2f5e87bad3c948f4d605d)
Start importing Assets/Resources/Audio/Music/Loops/B/B28_Harmony_Bass 2_Chopped_3_8bars_128bpm_switch.wav.asd using Guid(4806df241725b4f70a30499bc7b47480) Importer(2089858483,b0f066a214c2f5e87bad3c948f4d605d) (ScriptedImporter) -> (artifact id: '3f7e325785c3687cd01b751b9d96c41d') in 0.00238 seconds
Number of updated asset objects reloaded before import = 0Number of asset objects unloaded after import = 1

========================================================================
Received Import Request.
  Time since last request: 0.000013 seconds.
  path: Assets/Prefabs/Enviroment/Hill_Zone/misc/power_line_juan.prefab
  artifactKey: Guid(4865513509e21424882e4951a03cf62d) Importer(2089858483,b0f066a214c2f5e87bad3c948f4d605d)
Start importing Assets/Prefabs/Enviroment/Hill_Zone/misc/power_line_juan.prefab using Guid(4865513509e21424882e4951a03cf62d) Importer(2089858483,b0f066a214c2f5e87bad3c948f4d605d) (ScriptedImporter) -> (artifact id: '295c03a5e555fa911007a5985a2fc202') in 0.0026964 seconds
Number of updated asset objects reloaded before import = 0Number of asset objects unloaded after import = 29

========================================================================
Received Import Request.
  Time since last request: 0.000016 seconds.
  path: Assets/Resources/Audio/Music/Loops/D/keys_3.wav
  artifactKey: Guid(05ee9265446c64012909f2918fa5b019) Importer(2089858483,b0f066a214c2f5e87bad3c948f4d605d)
Start importing Assets/Resources/Audio/Music/Loops/D/keys_3.wav using Guid(05ee9265446c64012909f2918fa5b019) Importer(2089858483,b0f066a214c2f5e87bad3c948f4d605d) (ScriptedImporter) -> (artifact id: '95e6f62779de0f0fdf6acd9b821c0ad6') in 0.0457177 seconds
Number of updated asset objects reloaded before import = 0Number of asset objects unloaded after import = 1

========================================================================
Received Import Request.
  Time since last request: 0.000010 seconds.
  path: Assets/Resources/Audio/Music/Loops/B/B42_Melody_Bells_Octave Down_1_8bars_128bpm_switch.wav
  artifactKey: Guid(949235c2071ec47e8a339d25321c80bb) Importer(2089858483,b0f066a214c2f5e87bad3c948f4d605d)
Start importing Assets/Resources/Audio/Music/Loops/B/B42_Melody_Bells_Octave Down_1_8bars_128bpm_switch.wav using Guid(949235c2071ec47e8a339d25321c80bb) Importer(2089858483,b0f066a214c2f5e87bad3c948f4d605d) (ScriptedImporter) -> (artifact id: '344fb171bb8910d65f51f93b17670d3e') in 0.014307 seconds
Number of updated asset objects reloaded before import = 0Number of asset objects unloaded after import = 1

========================================================================
Received Import Request.
  Time since last request: 0.000009 seconds.
  path: Assets/Scripts/Global/Constants.cs
  artifactKey: Guid(cd80efce7594c44a193d2596e2d7d5f8) Importer(2089858483,b0f066a214c2f5e87bad3c948f4d605d)
Start importing Assets/Scripts/Global/Constants.cs using Guid(cd80efce7594c44a193d2596e2d7d5f8) Importer(2089858483,b0f066a214c2f5e87bad3c948f4d605d) (ScriptedImporter) -> (artifact id: '96830c84ef188801d7da13c3204e88bb') in 0.0014493 seconds
Number of updated asset objects reloaded before import = 0Number of asset objects unloaded after import = 0

========================================================================
Received Import Request.
  Time since last request: 0.000008 seconds.
  path: Assets/Meshes/Models/Reworked/Props/Tree_01.fbx
  artifactKey: Guid(d121e001d21eb014ca1ea216bbf7cef2) Importer(2089858483,b0f066a214c2f5e87bad3c948f4d605d)
Start importing Assets/Meshes/Models/Reworked/Props/Tree_01.fbx using Guid(d121e001d21eb014ca1ea216bbf7cef2) Importer(2089858483,b0f066a214c2f5e87bad3c948f4d605d) (ScriptedImporter) -> (artifact id: 'f51f73c88c064de4103093b8f5b76167') in 0.0066284 seconds
Number of updated asset objects reloaded before import = 0Number of asset objects unloaded after import = 9

========================================================================
Received Import Request.
  Time since last request: 0.000010 seconds.
  path: Assets/Scripts/Scene/EnvironmentManager.cs
  artifactKey: Guid(eb06db99ae7e04e5fbc2661687c04279) Importer(2089858483,b0f066a214c2f5e87bad3c948f4d605d)
Start importing Assets/Scripts/Scene/EnvironmentManager.cs using Guid(eb06db99ae7e04e5fbc2661687c04279) Importer(2089858483,b0f066a214c2f5e87bad3c948f4d605d) (ScriptedImporter) -> (artifact id: '906168df23797417ff4192b0a3b37ca6') in 0.0013782 seconds
Number of updated asset objects reloaded before import = 0Number of asset objects unloaded after import = 0

========================================================================
Received Import Request.
  Time since last request: 0.000008 seconds.
  path: Assets/Resources/Audio/Music/Loops/B/B43_Melody_Bells_Octave Up_2_8bars_128bpm_switch.wav
  artifactKey: Guid(ba78ac1b483f1440a94e00370f646618) Importer(2089858483,b0f066a214c2f5e87bad3c948f4d605d)
Start importing Assets/Resources/Audio/Music/Loops/B/B43_Melody_Bells_Octave Up_2_8bars_128bpm_switch.wav using Guid(ba78ac1b483f1440a94e00370f646618) Importer(2089858483,b0f066a214c2f5e87bad3c948f4d605d) (ScriptedImporter) -> (artifact id: 'aa7542a8bb799f275cd4e622d18f80c7') in 0.0147408 seconds
Number of updated asset objects reloaded before import = 0Number of asset objects unloaded after import = 1

========================================================================
Received Import Request.
  Time since last request: 0.000017 seconds.
  path: Assets/Prefabs/Patterns/Pattern_33xxxx33.prefab
  artifactKey: Guid(fed43db6464751e4e951ef98f65837a4) Importer(2089858483,b0f066a214c2f5e87bad3c948f4d605d)
Start importing Assets/Prefabs/Patterns/Pattern_33xxxx33.prefab using Guid(fed43db6464751e4e951ef98f65837a4) Importer(2089858483,b0f066a214c2f5e87bad3c948f4d605d) (ScriptedImporter) -> (artifact id: '9fb362e6c3b33c2b72a03c31327f2682') in 0.0087399 seconds
Number of updated asset objects reloaded before import = 0Number of asset objects unloaded after import = 87

========================================================================
Received Import Request.
  Time since last request: 0.000020 seconds.
  path: Assets/Resources/Textures/Grid
  artifactKey: Guid(b7abe7c9a09964a70972de9ec6787dce) Importer(2089858483,b0f066a214c2f5e87bad3c948f4d605d)
Start importing Assets/Resources/Textures/Grid using Guid(b7abe7c9a09964a70972de9ec6787dce) Importer(2089858483,b0f066a214c2f5e87bad3c948f4d605d) (ScriptedImporter) -> (artifact id: '4f13f29e5e30b89f8fcf3f11a6e62005') in 0.0016312 seconds
Number of updated asset objects reloaded before import = 0Number of asset objects unloaded after import = 1

========================================================================
Received Import Request.
  Time since last request: 0.000008 seconds.
  path: Assets/Resources/Textures/sun2.png
  artifactKey: Guid(bc3d15c8ccd9c3e4d9aaa5998969a9a4) Importer(2089858483,b0f066a214c2f5e87bad3c948f4d605d)
Start importing Assets/Resources/Textures/sun2.png using Guid(bc3d15c8ccd9c3e4d9aaa5998969a9a4) Importer(2089858483,b0f066a214c2f5e87bad3c948f4d605d) (ScriptedImporter) -> (artifact id: 'f2762bf6ce68fb32873428403ed6aeeb') in 0.0041483 seconds
Number of updated asset objects reloaded before import = 0Number of asset objects unloaded after import = 1

========================================================================
Received Import Request.
  Time since last request: 0.000008 seconds.
  path: Assets/Resources/Audio/Music/Tracks/Test/test1_layer8_hissfx.mp3
  artifactKey: Guid(c8245957e0bf6459d808b0616f808fff) Importer(2089858483,b0f066a214c2f5e87bad3c948f4d605d)
Start importing Assets/Resources/Audio/Music/Tracks/Test/test1_layer8_hissfx.mp3 using Guid(c8245957e0bf6459d808b0616f808fff) Importer(2089858483,b0f066a214c2f5e87bad3c948f4d605d) (ScriptedImporter) -> (artifact id: '0c1c9fd437e1cbd0332e1c02a24381b3') in 0.033921 seconds
Number of updated asset objects reloaded before import = 0Number of asset objects unloaded after import = 1

========================================================================
Received Import Request.
  Time since last request: 0.000013 seconds.
  path: Assets/Meshes/Enviroment/Hill_Zone/high_straight.FBX
  artifactKey: Guid(9e56a1deefe52104485a98096332feec) Importer(2089858483,b0f066a214c2f5e87bad3c948f4d605d)
Start importing Assets/Meshes/Enviroment/Hill_Zone/high_straight.FBX using Guid(9e56a1deefe52104485a98096332feec) Importer(2089858483,b0f066a214c2f5e87bad3c948f4d605d) (ScriptedImporter) -> (artifact id: '1020f81e2581ef6e1c7a6099642fbd1a') in 0.0059693 seconds
Number of updated asset objects reloaded before import = 0Number of asset objects unloaded after import = 26

========================================================================
Received Import Request.
  Time since last request: 0.000010 seconds.
  path: Assets/Meshes/Misc/Tiled Floor/Material/floor_tile_1.png
  artifactKey: Guid(93b1b2fcb2d424ec384e661ef0e0185f) Importer(2089858483,b0f066a214c2f5e87bad3c948f4d605d)
Start importing Assets/Meshes/Misc/Tiled Floor/Material/floor_tile_1.png using Guid(93b1b2fcb2d424ec384e661ef0e0185f) Importer(2089858483,b0f066a214c2f5e87bad3c948f4d605d) (ScriptedImporter) -> (artifact id: 'ef3a31ebcb10fc90f32b33274dcb8685') in 0.0046806 seconds
Number of updated asset objects reloaded before import = 0Number of asset objects unloaded after import = 1

========================================================================
Received Import Request.
  Time since last request: 0.000008 seconds.
  path: Assets/Scenes/Levels/party_test.unity
  artifactKey: Guid(1a769eedc24724c41a5c1b39cea46307) Importer(2089858483,b0f066a214c2f5e87bad3c948f4d605d)
Start importing Assets/Scenes/Levels/party_test.unity using Guid(1a769eedc24724c41a5c1b39cea46307) Importer(2089858483,b0f066a214c2f5e87bad3c948f4d605d) (ScriptedImporter) -> (artifact id: '5668f29057358441dde831e209dcc1fb') in 0.0061802 seconds
Number of updated asset objects reloaded before import = 0Number of asset objects unloaded after import = 1

========================================================================
Received Import Request.
  Time since last request: 0.000012 seconds.
  path: Assets/Resources/Audio/Music/Loops/B/B49_Melody_Arpeggiator_Layered_4_8bars_128bpm_switch.wav
  artifactKey: Guid(48ff8174bbff44c92832894ebe8dfbd3) Importer(2089858483,b0f066a214c2f5e87bad3c948f4d605d)
Start importing Assets/Resources/Audio/Music/Loops/B/B49_Melody_Arpeggiator_Layered_4_8bars_128bpm_switch.wav using Guid(48ff8174bbff44c92832894ebe8dfbd3) Importer(2089858483,b0f066a214c2f5e87bad3c948f4d605d) (ScriptedImporter) -> (artifact id: '210f7cea7b0a3660cfbe290dcc6d1c79') in 0.0150601 seconds
Number of updated asset objects reloaded before import = 0Number of asset objects unloaded after import = 1

========================================================================
Received Import Request.
  Time since last request: 0.000011 seconds.
  path: Assets/Resources/Audio/Music/Loops/A/A23_Melody_Guitar_Half Tempo_2_1bars_130bpm_switch.wav
  artifactKey: Guid(5987ef0916b9c4d7d98c51448eda5b84) Importer(2089858483,b0f066a214c2f5e87bad3c948f4d605d)
Start importing Assets/Resources/Audio/Music/Loops/A/A23_Melody_Guitar_Half Tempo_2_1bars_130bpm_switch.wav using Guid(5987ef0916b9c4d7d98c51448eda5b84) Importer(2089858483,b0f066a214c2f5e87bad3c948f4d605d) (ScriptedImporter) -> (artifact id: '298164f647866d896cb21f77466f449e') in 0.0148958 seconds
Number of updated asset objects reloaded before import = 0Number of asset objects unloaded after import = 1

========================================================================
Received Import Request.
  Time since last request: 0.000022 seconds.
  path: Assets/Prefabs/Enviroment/Trippy_Zone/Juan/Speaker.prefab
  artifactKey: Guid(dbdb6f835e5d449e6aabe4ee3e745395) Importer(2089858483,b0f066a214c2f5e87bad3c948f4d605d)
Start importing Assets/Prefabs/Enviroment/Trippy_Zone/Juan/Speaker.prefab using Guid(dbdb6f835e5d449e6aabe4ee3e745395) Importer(2089858483,b0f066a214c2f5e87bad3c948f4d605d) (ScriptedImporter) -> (artifact id: '23723325c5372896e18cfd5c3d5bda72') in 0.0046809 seconds
Number of updated asset objects reloaded before import = 0Number of asset objects unloaded after import = 53

========================================================================
Received Import Request.
  Time since last request: 0.000011 seconds.
  path: Assets/Meshes/Misc/Player/paperplane/Materials
  artifactKey: Guid(04caa7f34654349f887cb6881b545a4a) Importer(2089858483,b0f066a214c2f5e87bad3c948f4d605d)
Start importing Assets/Meshes/Misc/Player/paperplane/Materials using Guid(04caa7f34654349f887cb6881b545a4a) Importer(2089858483,b0f066a214c2f5e87bad3c948f4d605d) (ScriptedImporter) -> (artifact id: '5c4594002b12b45cca954b0c98572776') in 0.0014176 seconds
Number of updated asset objects reloaded before import = 0Number of asset objects unloaded after import = 1

========================================================================
Received Import Request.
  Time since last request: 0.000008 seconds.
  path: Assets/Resources/Audio/Music/Loops/B/B32_Harmony_Piano_Still_3_8bars_128bpm_switch.wav
  artifactKey: Guid(54f3f1342461a41399d91e773765f43b) Importer(2089858483,b0f066a214c2f5e87bad3c948f4d605d)
Start importing Assets/Resources/Audio/Music/Loops/B/B32_Harmony_Piano_Still_3_8bars_128bpm_switch.wav using Guid(54f3f1342461a41399d91e773765f43b) Importer(2089858483,b0f066a214c2f5e87bad3c948f4d605d) (ScriptedImporter) -> (artifact id: '1b20981cab5f9113ead8e490a039246d') in 0.0145168 seconds
Number of updated asset objects reloaded before import = 0Number of asset objects unloaded after import = 1

========================================================================
Received Import Request.
  Time since last request: 0.000013 seconds.
  path: Assets/Meshes/Enviroment
  artifactKey: Guid(2954df27547050f4cb77da2c1d2e93bb) Importer(2089858483,b0f066a214c2f5e87bad3c948f4d605d)
Start importing Assets/Meshes/Enviroment using Guid(2954df27547050f4cb77da2c1d2e93bb) Importer(2089858483,b0f066a214c2f5e87bad3c948f4d605d) (ScriptedImporter) -> (artifact id: '9537d25e932fecb029f2f275534a6816') in 0.0013762 seconds
Number of updated asset objects reloaded before import = 0Number of asset objects unloaded after import = 1

========================================================================
Received Import Request.
  Time since last request: 0.000008 seconds.
  path: Assets/Meshes/Models/Reworked/Props/Pinwheel_02.fbx
  artifactKey: Guid(03ddd278ded688440b1d4fe266ea0182) Importer(2089858483,b0f066a214c2f5e87bad3c948f4d605d)
Start importing Assets/Meshes/Models/Reworked/Props/Pinwheel_02.fbx using Guid(03ddd278ded688440b1d4fe266ea0182) Importer(2089858483,b0f066a214c2f5e87bad3c948f4d605d) (ScriptedImporter) -> (artifact id: 'd55974ee46661760b06b2c30ecc059f3') in 0.0061065 seconds
Number of updated asset objects reloaded before import = 0Number of asset objects unloaded after import = 16

========================================================================
Received Import Request.
  Time since last request: 0.000015 seconds.
  path: Assets/Resources/Audio/Music/Loops/D/rhythm_6.wav
  artifactKey: Guid(7d8f93516fb7d466fb07cca6e7365649) Importer(2089858483,b0f066a214c2f5e87bad3c948f4d605d)
Start importing Assets/Resources/Audio/Music/Loops/D/rhythm_6.wav using Guid(7d8f93516fb7d466fb07cca6e7365649) Importer(2089858483,b0f066a214c2f5e87bad3c948f4d605d) (ScriptedImporter) -> (artifact id: 'f6e28a67841d968cb9d20ead3d8a5bff') in 0.049053 seconds
Number of updated asset objects reloaded before import = 0Number of asset objects unloaded after import = 1

========================================================================
Received Import Request.
  Time since last request: 0.000012 seconds.
  path: Assets/Meshes/Misc/Tiled Floor/Material/White Tile.mat
  artifactKey: Guid(38054b2c657a544bcb7a40718d5b71f4) Importer(2089858483,b0f066a214c2f5e87bad3c948f4d605d)
Start importing Assets/Meshes/Misc/Tiled Floor/Material/White Tile.mat using Guid(38054b2c657a544bcb7a40718d5b71f4) Importer(2089858483,b0f066a214c2f5e87bad3c948f4d605d) (ScriptedImporter) -> (artifact id: '57f3f306a59d3d59cff72e040e34f09c') in 0.0027179 seconds
Number of updated asset objects reloaded before import = 0Number of asset objects unloaded after import = 1

========================================================================
Received Import Request.
  Time since last request: 0.000018 seconds.
  path: Assets/Resources/Textures/tunnel_textures/tunel_texture_02.png
  artifactKey: Guid(edd3660846a4f43a0ab3c5d084affa89) Importer(2089858483,b0f066a214c2f5e87bad3c948f4d605d)
Start importing Assets/Resources/Textures/tunnel_textures/tunel_texture_02.png using Guid(edd3660846a4f43a0ab3c5d084affa89) Importer(2089858483,b0f066a214c2f5e87bad3c948f4d605d) (ScriptedImporter) -> (artifact id: '5bd9ed63e3b9333e0cb8dd3ddf86510f') in 0.0037648 seconds
Number of updated asset objects reloaded before import = 0Number of asset objects unloaded after import = 1

========================================================================
Received Import Request.
  Time since last request: 0.000010 seconds.
  path: Assets/Prefabs/Enviroment/Trippy_Zone/Spiral/Spiral.prefab
  artifactKey: Guid(263758c6f84cd9140986d5e7d31bed1f) Importer(2089858483,b0f066a214c2f5e87bad3c948f4d605d)
Start importing Assets/Prefabs/Enviroment/Trippy_Zone/Spiral/Spiral.prefab using Guid(263758c6f84cd9140986d5e7d31bed1f) Importer(2089858483,b0f066a214c2f5e87bad3c948f4d605d) (ScriptedImporter) -> (artifact id: 'c43d3d3a7f53626557ca894fd5508755') in 0.0040297 seconds
Number of updated asset objects reloaded before import = 0Number of asset objects unloaded after import = 15

========================================================================
Received Import Request.
  Time since last request: 0.000009 seconds.
  path: Assets/Meshes/Models/Reworked/Props/Mushroom_Large_02.fbx
  artifactKey: Guid(04c18f9731c0d8541a697ff03a00fe54) Importer(2089858483,b0f066a214c2f5e87bad3c948f4d605d)
Start importing Assets/Meshes/Models/Reworked/Props/Mushroom_Large_02.fbx using Guid(04c18f9731c0d8541a697ff03a00fe54) Importer(2089858483,b0f066a214c2f5e87bad3c948f4d605d) (ScriptedImporter) -> (artifact id: '948ddac4c4885883db1f529baa32e684') in 0.0062905 seconds
Number of updated asset objects reloaded before import = 0Number of asset objects unloaded after import = 9

========================================================================
Received Import Request.
  Time since last request: 0.000012 seconds.
  path: Assets/Resources/Textures/Grid/grid_lines_horizontal.png
  artifactKey: Guid(a1721aa836d9e4f2081dc60ed76476d9) Importer(2089858483,b0f066a214c2f5e87bad3c948f4d605d)
Start importing Assets/Resources/Textures/Grid/grid_lines_horizontal.png using Guid(a1721aa836d9e4f2081dc60ed76476d9) Importer(2089858483,b0f066a214c2f5e87bad3c948f4d605d) (ScriptedImporter) -> (artifact id: '9434bad32a9b3d1b27af6aa953cdbb37') in 0.0040404 seconds
Number of updated asset objects reloaded before import = 0Number of asset objects unloaded after import = 1

========================================================================
Received Import Request.
  Time since last request: 0.000011 seconds.
  path: Assets/Meshes/Models/Reworked/Environment/Hill_01.fbx
  artifactKey: Guid(973512ea6d469b64488d5858cdb45849) Importer(2089858483,b0f066a214c2f5e87bad3c948f4d605d)
Start importing Assets/Meshes/Models/Reworked/Environment/Hill_01.fbx using Guid(973512ea6d469b64488d5858cdb45849) Importer(2089858483,b0f066a214c2f5e87bad3c948f4d605d) (ScriptedImporter) -> (artifact id: '6454cd4b6fb5c98c34045cc911b922be') in 0.0063908 seconds
Number of updated asset objects reloaded before import = 0Number of asset objects unloaded after import = 9

========================================================================
Received Import Request.
  Time since last request: 0.000014 seconds.
  path: Assets/Resources/Audio/Music/Loops/B/B18_Harmony_Pad_Basic_1_8bars_128bpm_switch.wav
  artifactKey: Guid(0565e9b7dae1b454494343beb49d0132) Importer(2089858483,b0f066a214c2f5e87bad3c948f4d605d)
Start importing Assets/Resources/Audio/Music/Loops/B/B18_Harmony_Pad_Basic_1_8bars_128bpm_switch.wav using Guid(0565e9b7dae1b454494343beb49d0132) Importer(2089858483,b0f066a214c2f5e87bad3c948f4d605d) (ScriptedImporter) -> (artifact id: '0c50ee9c3ed661dd38c0667864f03afd') in 0.0148118 seconds
Number of updated asset objects reloaded before import = 0Number of asset objects unloaded after import = 1

========================================================================
Received Import Request.
  Time since last request: 0.000009 seconds.
  path: Assets/Meshes/Enviroment/Hill_Zone/Materials/Sky Box/front.png
  artifactKey: Guid(e53e7aecdbadcd34faba838c0ddee6d3) Importer(2089858483,b0f066a214c2f5e87bad3c948f4d605d)
Start importing Assets/Meshes/Enviroment/Hill_Zone/Materials/Sky Box/front.png using Guid(e53e7aecdbadcd34faba838c0ddee6d3) Importer(2089858483,b0f066a214c2f5e87bad3c948f4d605d) (ScriptedImporter) -> (artifact id: '0cd5dc8320c1e32fc9c16925cb3c2123') in 0.0039245 seconds
Number of updated asset objects reloaded before import = 0Number of asset objects unloaded after import = 1

========================================================================
Received Import Request.
  Time since last request: 0.000010 seconds.
  path: Assets/Resources/Font
  artifactKey: Guid(0df69bd0a013244268ab81567b24274e) Importer(2089858483,b0f066a214c2f5e87bad3c948f4d605d)
Start importing Assets/Resources/Font using Guid(0df69bd0a013244268ab81567b24274e) Importer(2089858483,b0f066a214c2f5e87bad3c948f4d605d) (ScriptedImporter) -> (artifact id: 'cf6efaa51986b0ff52722c861ae28548') in 0.0015843 seconds
Number of updated asset objects reloaded before import = 0Number of asset objects unloaded after import = 1

========================================================================
Received Import Request.
  Time since last request: 0.000016 seconds.
  path: Assets/Resources/Audio/Music/Tracks/AnotherOneBitesTheDust/ABTD_Queen_Multi Drums.ogg
  artifactKey: Guid(79758794bbb5e459b8e9c7b87db39908) Importer(2089858483,b0f066a214c2f5e87bad3c948f4d605d)
Start importing Assets/Resources/Audio/Music/Tracks/AnotherOneBitesTheDust/ABTD_Queen_Multi Drums.ogg using Guid(79758794bbb5e459b8e9c7b87db39908) Importer(2089858483,b0f066a214c2f5e87bad3c948f4d605d) (ScriptedImporter) -> (artifact id: 'da2292dc7928aa3814229ab381ab2f0e') in 0.0365362 seconds
Number of updated asset objects reloaded before import = 0Number of asset objects unloaded after import = 1

========================================================================
Received Import Request.
  Time since last request: 0.000010 seconds.
  path: Assets/Prefabs/Patterns/Pattern_00770077.prefab
  artifactKey: Guid(9cd9376050cf7a4488d3d36a1026805f) Importer(2089858483,b0f066a214c2f5e87bad3c948f4d605d)
Start importing Assets/Prefabs/Patterns/Pattern_00770077.prefab using Guid(9cd9376050cf7a4488d3d36a1026805f) Importer(2089858483,b0f066a214c2f5e87bad3c948f4d605d) (ScriptedImporter) -> (artifact id: '0d58b2ea4b4160de31082677ef8e75a1') in 0.0056429 seconds
Number of updated asset objects reloaded before import = 0Number of asset objects unloaded after import = 167

========================================================================
Received Import Request.
  Time since last request: 0.000010 seconds.
  path: Assets/Meshes/Pickup/Materials/rhythm_pickup_texture-01.mat
  artifactKey: Guid(3f7153b8635c24a98ab4475e022ea733) Importer(2089858483,b0f066a214c2f5e87bad3c948f4d605d)
Start importing Assets/Meshes/Pickup/Materials/rhythm_pickup_texture-01.mat using Guid(3f7153b8635c24a98ab4475e022ea733) Importer(2089858483,b0f066a214c2f5e87bad3c948f4d605d) (ScriptedImporter) -> (artifact id: '213a79e7520218473244b20d81cce7a7') in 0.0045931 seconds
Number of updated asset objects reloaded before import = 0Number of asset objects unloaded after import = 3

========================================================================
Received Import Request.
  Time since last request: 0.000010 seconds.
  path: Assets/Resources/Audio/Data/SoundSet_B_clean.asset
  artifactKey: Guid(7398e6fd68a61446fb506b7fac245bfc) Importer(2089858483,b0f066a214c2f5e87bad3c948f4d605d)
Start importing Assets/Resources/Audio/Data/SoundSet_B_clean.asset using Guid(7398e6fd68a61446fb506b7fac245bfc) Importer(2089858483,b0f066a214c2f5e87bad3c948f4d605d) (ScriptedImporter) -> (artifact id: '6587e9efb33bb71809ba4df218e81649') in 0.0563816 seconds
Number of updated asset objects reloaded before import = 0Number of asset objects unloaded after import = 50

========================================================================
Received Import Request.
  Time since last request: 0.000016 seconds.
  path: Assets/Resources/Audio/Music/Loops/B/B12_Rhythm_Percussion_Minimal_3_1bars_128bpm_switch.wav
  artifactKey: Guid(12f0f8de15a1244c2b87c9f02293ba3a) Importer(2089858483,b0f066a214c2f5e87bad3c948f4d605d)
Start importing Assets/Resources/Audio/Music/Loops/B/B12_Rhythm_Percussion_Minimal_3_1bars_128bpm_switch.wav using Guid(12f0f8de15a1244c2b87c9f02293ba3a) Importer(2089858483,b0f066a214c2f5e87bad3c948f4d605d) (ScriptedImporter) -> (artifact id: 'eb1ccd3d33fa65efa299f612e9732178') in 0.0144961 seconds
Number of updated asset objects reloaded before import = 0Number of asset objects unloaded after import = 1

========================================================================
Received Import Request.
  Time since last request: 0.000012 seconds.
  path: Assets/Scripts/Scene/AudioSourceSync.cs
  artifactKey: Guid(e6fb871fcc34b4f72a236616d4dc864b) Importer(2089858483,b0f066a214c2f5e87bad3c948f4d605d)
Start importing Assets/Scripts/Scene/AudioSourceSync.cs using Guid(e6fb871fcc34b4f72a236616d4dc864b) Importer(2089858483,b0f066a214c2f5e87bad3c948f4d605d) (ScriptedImporter) -> (artifact id: '7f2b53111a27f2a0c4bc8feb6c38865a') in 0.0015803 seconds
Number of updated asset objects reloaded before import = 0Number of asset objects unloaded after import = 0

========================================================================
Received Import Request.
  Time since last request: 0.000016 seconds.
  path: Assets/Meshes/Misc/Palm Tree/palmtree_texture_rainbow-01.png
  artifactKey: Guid(165cd67064f404bc5b194dd64b252a4b) Importer(2089858483,b0f066a214c2f5e87bad3c948f4d605d)
Start importing Assets/Meshes/Misc/Palm Tree/palmtree_texture_rainbow-01.png using Guid(165cd67064f404bc5b194dd64b252a4b) Importer(2089858483,b0f066a214c2f5e87bad3c948f4d605d) (ScriptedImporter) -> (artifact id: '0a7519df36627e491d0bb2041e9fcf6f') in 0.0042809 seconds
Number of updated asset objects reloaded before import = 0Number of asset objects unloaded after import = 1

========================================================================
Received Import Request.
  Time since last request: 0.000010 seconds.
  path: Assets/Meshes/Enviroment/Hill_Zone/Materials/Textures/sunset_texture-01.png
  artifactKey: Guid(6b7e220e71c5041749aa35dd646a6d6e) Importer(2089858483,b0f066a214c2f5e87bad3c948f4d605d)
Start importing Assets/Meshes/Enviroment/Hill_Zone/Materials/Textures/sunset_texture-01.png using Guid(6b7e220e71c5041749aa35dd646a6d6e) Importer(2089858483,b0f066a214c2f5e87bad3c948f4d605d) (ScriptedImporter) -> (artifact id: 'd96b5ad20e6873f8ee26828f04114763') in 0.0034512 seconds
Number of updated asset objects reloaded before import = 0Number of asset objects unloaded after import = 1

========================================================================
Received Import Request.
  Time since last request: 0.000008 seconds.
  path: Assets/Resources/Data/_BACKUP_HillZoneEnvironment.asset
  artifactKey: Guid(df2c16216a5334bec9270b47b5d2db2b) Importer(2089858483,b0f066a214c2f5e87bad3c948f4d605d)
Start importing Assets/Resources/Data/_BACKUP_HillZoneEnvironment.asset using Guid(df2c16216a5334bec9270b47b5d2db2b) Importer(2089858483,b0f066a214c2f5e87bad3c948f4d605d) (ScriptedImporter) -> (artifact id: 'd0be7caa03f32316bf92baa4d871b3f4') in 0.3255637 seconds
Number of updated asset objects reloaded before import = 0Number of asset objects unloaded after import = 79520

========================================================================
Received Import Request.
  Time since last request: 0.000019 seconds.
  path: Assets/Resources/Audio/Music/Loops/A/A3_Rhythm_Kick_Basic_2_1bars_130bpm_switch.wav
  artifactKey: Guid(a6677ddbf4e4b4ad8a5a0072ee4aceba) Importer(2089858483,b0f066a214c2f5e87bad3c948f4d605d)
Start importing Assets/Resources/Audio/Music/Loops/A/A3_Rhythm_Kick_Basic_2_1bars_130bpm_switch.wav using Guid(a6677ddbf4e4b4ad8a5a0072ee4aceba) Importer(2089858483,b0f066a214c2f5e87bad3c948f4d605d) (ScriptedImporter) -> (artifact id: '351ca14493a51ab04387772dc0bade77') in 0.0141062 seconds
Number of updated asset objects reloaded before import = 0Number of asset objects unloaded after import = 1

========================================================================
Received Import Request.
  Time since last request: 0.000019 seconds.
  path: Assets/Resources/Audio/Music/Loops/Copia de B/B31_Harmony_Piano_Octave Up_2_8bars_128bpm_switch.wav
  artifactKey: Guid(27dffedbc3a334a63a80878d2dfd5129) Importer(2089858483,b0f066a214c2f5e87bad3c948f4d605d)
Start importing Assets/Resources/Audio/Music/Loops/Copia de B/B31_Harmony_Piano_Octave Up_2_8bars_128bpm_switch.wav using Guid(27dffedbc3a334a63a80878d2dfd5129) Importer(2089858483,b0f066a214c2f5e87bad3c948f4d605d) (ScriptedImporter) -> (artifact id: '5c5f729981ec481be9b81687e200b559') in 0.0153035 seconds
Number of updated asset objects reloaded before import = 0Number of asset objects unloaded after import = 1

========================================================================
Received Import Request.
  Time since last request: 0.000010 seconds.
  path: Assets/Resources/Materials/Basic/line_transparant green.mat
  artifactKey: Guid(542335d43ca1a9446b5e1daa1279a334) Importer(2089858483,b0f066a214c2f5e87bad3c948f4d605d)
Start importing Assets/Resources/Materials/Basic/line_transparant green.mat using Guid(542335d43ca1a9446b5e1daa1279a334) Importer(2089858483,b0f066a214c2f5e87bad3c948f4d605d) (ScriptedImporter) -> (artifact id: 'ceb2e5f0c0002fb734e28e43cac8d561') in 0.002677 seconds
Number of updated asset objects reloaded before import = 0Number of asset objects unloaded after import = 2

========================================================================
Received Import Request.
  Time since last request: 0.000009 seconds.
  path: Assets/Meshes/Enviroment/Hill_Zone/Materials/Trees/tl03.mat
  artifactKey: Guid(de42990a94412e44ca0c36dc3d1af0eb) Importer(2089858483,b0f066a214c2f5e87bad3c948f4d605d)
Start importing Assets/Meshes/Enviroment/Hill_Zone/Materials/Trees/tl03.mat using Guid(de42990a94412e44ca0c36dc3d1af0eb) Importer(2089858483,b0f066a214c2f5e87bad3c948f4d605d) (ScriptedImporter) -> (artifact id: '4ec1612dc916ac71fdf8b860e0cc2989') in 0.0024564 seconds
Number of updated asset objects reloaded before import = 0Number of asset objects unloaded after import = 1

========================================================================
Received Import Request.
  Time since last request: 0.000008 seconds.
  path: Assets/Scripts/Scene/Trigger/TriggerActions
  artifactKey: Guid(b3c65ddd2208640f387ccfe1832f60ea) Importer(2089858483,b0f066a214c2f5e87bad3c948f4d605d)
Start importing Assets/Scripts/Scene/Trigger/TriggerActions using Guid(b3c65ddd2208640f387ccfe1832f60ea) Importer(2089858483,b0f066a214c2f5e87bad3c948f4d605d) (ScriptedImporter) -> (artifact id: 'ea2686ef7b0cf97e48270ef119fd3734') in 0.0014555 seconds
Number of updated asset objects reloaded before import = 0Number of asset objects unloaded after import = 1

========================================================================
Received Import Request.
  Time since last request: 0.000008 seconds.
  path: Assets/Resources/Audio/Music/Loops/A/A20_Harmony_Synth_Layered_1_4bars_130bpm_stack.wav
  artifactKey: Guid(faa9599af7c2948b781a5d32876bbcf2) Importer(2089858483,b0f066a214c2f5e87bad3c948f4d605d)
Start importing Assets/Resources/Audio/Music/Loops/A/A20_Harmony_Synth_Layered_1_4bars_130bpm_stack.wav using Guid(faa9599af7c2948b781a5d32876bbcf2) Importer(2089858483,b0f066a214c2f5e87bad3c948f4d605d) (ScriptedImporter) -> (artifact id: '655c9f01f24ee4c375ea59eaa08ca0f6') in 0.0155653 seconds
Number of updated asset objects reloaded before import = 0Number of asset objects unloaded after import = 1

========================================================================
Received Import Request.
  Time since last request: 0.000011 seconds.
  path: Assets/Scripts/Scene/Trigger/TriggerActions/TriggerNextSoundSet.cs
  artifactKey: Guid(9a538363b941742348483e7510a48f4d) Importer(2089858483,b0f066a214c2f5e87bad3c948f4d605d)
Start importing Assets/Scripts/Scene/Trigger/TriggerActions/TriggerNextSoundSet.cs using Guid(9a538363b941742348483e7510a48f4d) Importer(2089858483,b0f066a214c2f5e87bad3c948f4d605d) (ScriptedImporter) -> (artifact id: '99a400e5335a7e7d6e65d446b1fdc3e8') in 0.0018913 seconds
Number of updated asset objects reloaded before import = 0Number of asset objects unloaded after import = 0

========================================================================
Received Import Request.
  Time since last request: 0.000007 seconds.
  path: Assets/Resources/Audio/Music/Tracks/Test
  artifactKey: Guid(371be4243d21948ad980c91632dc4d70) Importer(2089858483,b0f066a214c2f5e87bad3c948f4d605d)
Start importing Assets/Resources/Audio/Music/Tracks/Test using Guid(371be4243d21948ad980c91632dc4d70) Importer(2089858483,b0f066a214c2f5e87bad3c948f4d605d) (ScriptedImporter) -> (artifact id: 'facc50f7217eaac5d3d31462274d7c45') in 0.0013438 seconds
Number of updated asset objects reloaded before import = 0Number of asset objects unloaded after import = 1

========================================================================
Received Import Request.
  Time since last request: 0.000008 seconds.
  path: Assets/Meshes/Enviroment/Hill_Zone/Materials/Power Line/powerline_voltage.mat
  artifactKey: Guid(94e0f5113b10e455d817ae8a9ec9b7b5) Importer(2089858483,b0f066a214c2f5e87bad3c948f4d605d)
Start importing Assets/Meshes/Enviroment/Hill_Zone/Materials/Power Line/powerline_voltage.mat using Guid(94e0f5113b10e455d817ae8a9ec9b7b5) Importer(2089858483,b0f066a214c2f5e87bad3c948f4d605d) (ScriptedImporter) -> (artifact id: 'e5d9cb5dbe576c8392348689e1298bc1') in 0.0030364 seconds
Number of updated asset objects reloaded before import = 0Number of asset objects unloaded after import = 2

========================================================================
Received Import Request.
  Time since last request: 0.000010 seconds.
  path: Assets/Meshes/Enviroment/Hill_Zone/Materials/Sunflower/sunflowe_steam.mat
  artifactKey: Guid(1c48d77c553994fbe8701fbf3c00d4ca) Importer(2089858483,b0f066a214c2f5e87bad3c948f4d605d)
Start importing Assets/Meshes/Enviroment/Hill_Zone/Materials/Sunflower/sunflowe_steam.mat using Guid(1c48d77c553994fbe8701fbf3c00d4ca) Importer(2089858483,b0f066a214c2f5e87bad3c948f4d605d) (ScriptedImporter) -> (artifact id: '4ef304be65ea7d9dfa995cad2cdfac6c') in 0.003206 seconds
Number of updated asset objects reloaded before import = 0Number of asset objects unloaded after import = 2

========================================================================
Received Import Request.
  Time since last request: 0.000021 seconds.
  path: Assets/Resources/Audio/Music/Loops/Copia de B/B9_Rhythm_Hi Hat_Double_4_1bars_128bpm_switch.wav.asd
  artifactKey: Guid(4ddf1538a0d5c481aa35a9af4ec518a8) Importer(2089858483,b0f066a214c2f5e87bad3c948f4d605d)
Start importing Assets/Resources/Audio/Music/Loops/Copia de B/B9_Rhythm_Hi Hat_Double_4_1bars_128bpm_switch.wav.asd using Guid(4ddf1538a0d5c481aa35a9af4ec518a8) Importer(2089858483,b0f066a214c2f5e87bad3c948f4d605d) (ScriptedImporter) -> (artifact id: 'ec7672f7a32b1a887cb7e78247e25835') in 0.0015695 seconds
Number of updated asset objects reloaded before import = 0Number of asset objects unloaded after import = 1

========================================================================
Received Import Request.
  Time since last request: 0.000007 seconds.
  path: Assets/Resources/Audio/Music/Loops/Copia de B
  artifactKey: Guid(4ac4bee62c1e549518992be23eec06f9) Importer(2089858483,b0f066a214c2f5e87bad3c948f4d605d)
Start importing Assets/Resources/Audio/Music/Loops/Copia de B using Guid(4ac4bee62c1e549518992be23eec06f9) Importer(2089858483,b0f066a214c2f5e87bad3c948f4d605d) (ScriptedImporter) -> (artifact id: '1e32bf821e18a0f38f839e5382aa3ae8') in 0.0016042 seconds
Number of updated asset objects reloaded before import = 0Number of asset objects unloaded after import = 1

========================================================================
Received Import Request.
  Time since last request: 0.000008 seconds.
  path: Assets/Resources/Audio/Music/Tracks/Test/test1_layer6_synth2.mp3
  artifactKey: Guid(ae73cb5193ccc456f81e804131ab1c7a) Importer(2089858483,b0f066a214c2f5e87bad3c948f4d605d)
Start importing Assets/Resources/Audio/Music/Tracks/Test/test1_layer6_synth2.mp3 using Guid(ae73cb5193ccc456f81e804131ab1c7a) Importer(2089858483,b0f066a214c2f5e87bad3c948f4d605d) (ScriptedImporter) -> (artifact id: '74893cf1be817ae454730f4804b5f9e4') in 0.0298615 seconds
Number of updated asset objects reloaded before import = 0Number of asset objects unloaded after import = 1

========================================================================
Received Import Request.
  Time since last request: 0.000010 seconds.
  path: Assets/Resources/Audio/Music/Loops/B/B40_Melody_Synth 2_Muffled_3_8bars_128bpm_switch.wav.asd
  artifactKey: Guid(45cb20d926bd842a5ba33bd74d02e334) Importer(2089858483,b0f066a214c2f5e87bad3c948f4d605d)
Start importing Assets/Resources/Audio/Music/Loops/B/B40_Melody_Synth 2_Muffled_3_8bars_128bpm_switch.wav.asd using Guid(45cb20d926bd842a5ba33bd74d02e334) Importer(2089858483,b0f066a214c2f5e87bad3c948f4d605d) (ScriptedImporter) -> (artifact id: '51d5c1a0b39813615c785e1e5ce8eed8') in 0.0017108 seconds
Number of updated asset objects reloaded before import = 0Number of asset objects unloaded after import = 1

========================================================================
Received Import Request.
  Time since last request: 0.000008 seconds.
  path: Assets/Prefabs/Enviroment/Trippy_Zone/Juan/Crown.prefab
  artifactKey: Guid(f286791ec5d6149b8bb0aa39a5589261) Importer(2089858483,b0f066a214c2f5e87bad3c948f4d605d)
Start importing Assets/Prefabs/Enviroment/Trippy_Zone/Juan/Crown.prefab using Guid(f286791ec5d6149b8bb0aa39a5589261) Importer(2089858483,b0f066a214c2f5e87bad3c948f4d605d) (ScriptedImporter) -> (artifact id: 'bfb5c5f54fe34db2fe23496aab566a4c') in 0.0040195 seconds
Number of updated asset objects reloaded before import = 0Number of asset objects unloaded after import = 21

========================================================================
Received Import Request.
  Time since last request: 0.000009 seconds.
  path: Assets/Resources/Audio/Music/Loops/C/soundset_C_trippy_harmony 2_128bpm.wav
  artifactKey: Guid(b61fbff761b02455f94505c0a4dad81b) Importer(2089858483,b0f066a214c2f5e87bad3c948f4d605d)
Start importing Assets/Resources/Audio/Music/Loops/C/soundset_C_trippy_harmony 2_128bpm.wav using Guid(b61fbff761b02455f94505c0a4dad81b) Importer(2089858483,b0f066a214c2f5e87bad3c948f4d605d) (ScriptedImporter) -> (artifact id: 'dec9faf73f2eec08ed2701e635092e67') in 0.0806172 seconds
Number of updated asset objects reloaded before import = 0Number of asset objects unloaded after import = 1

========================================================================
Received Import Request.
  Time since last request: 0.000012 seconds.
  path: Assets/Resources/Materials/Patterns/LineRenderer_failure.mat
  artifactKey: Guid(04d7507b0f735431fb73580a397fc9db) Importer(2089858483,b0f066a214c2f5e87bad3c948f4d605d)
Start importing Assets/Resources/Materials/Patterns/LineRenderer_failure.mat using Guid(04d7507b0f735431fb73580a397fc9db) Importer(2089858483,b0f066a214c2f5e87bad3c948f4d605d) (ScriptedImporter) -> (artifact id: '322924c2ae70a2bd46ddcdb4f7900faf') in 0.0029985 seconds
Number of updated asset objects reloaded before import = 0Number of asset objects unloaded after import = 2

========================================================================
Received Import Request.
  Time since last request: 0.000015 seconds.
  path: Assets/Resources/Audio/Music/Loops/Copia de B/B37_Melody_Synth_Glitch_4_8bars_128bpm_switch.wav.asd
  artifactKey: Guid(37b152b01c3a547a78be2c4cc14cfc3a) Importer(2089858483,b0f066a214c2f5e87bad3c948f4d605d)
Start importing Assets/Resources/Audio/Music/Loops/Copia de B/B37_Melody_Synth_Glitch_4_8bars_128bpm_switch.wav.asd using Guid(37b152b01c3a547a78be2c4cc14cfc3a) Importer(2089858483,b0f066a214c2f5e87bad3c948f4d605d) (ScriptedImporter) -> (artifact id: '2a99b3c21ee0b20960e2e5a6fda21bd9') in 0.0013858 seconds
Number of updated asset objects reloaded before import = 0Number of asset objects unloaded after import = 1

========================================================================
Received Import Request.
  Time since last request: 0.000013 seconds.
  path: Assets/Meshes/Enviroment/Hill_Zone/Materials/Textures/sunflower_petals3_texture-03.png
  artifactKey: Guid(e758df2b5e4bb441b8ad6df804e2e1d1) Importer(2089858483,b0f066a214c2f5e87bad3c948f4d605d)
Start importing Assets/Meshes/Enviroment/Hill_Zone/Materials/Textures/sunflower_petals3_texture-03.png using Guid(e758df2b5e4bb441b8ad6df804e2e1d1) Importer(2089858483,b0f066a214c2f5e87bad3c948f4d605d) (ScriptedImporter) -> (artifact id: 'de9e5ee437fec70f8b676ed9575223c7') in 0.0043102 seconds
Number of updated asset objects reloaded before import = 0Number of asset objects unloaded after import = 1

========================================================================
Received Import Request.
  Time since last request: 0.000008 seconds.
  path: Assets/Meshes/Misc/Fancy Wall/fancywall.fbx
  artifactKey: Guid(312e56e015275487ea922a5769ff9def) Importer(2089858483,b0f066a214c2f5e87bad3c948f4d605d)
Start importing Assets/Meshes/Misc/Fancy Wall/fancywall.fbx using Guid(312e56e015275487ea922a5769ff9def) Importer(2089858483,b0f066a214c2f5e87bad3c948f4d605d) (ScriptedImporter) -> (artifact id: 'e4dbbd3f2718469a38f6229b538f37e8') in 0.0042166 seconds
Number of updated asset objects reloaded before import = 0Number of asset objects unloaded after import = 14

========================================================================
Received Import Request.
  Time since last request: 0.000008 seconds.
  path: Assets/Meshes/Misc/Crown/Material
  artifactKey: Guid(9148be5c77fdd41d295f5b40cd0d8157) Importer(2089858483,b0f066a214c2f5e87bad3c948f4d605d)
Start importing Assets/Meshes/Misc/Crown/Material using Guid(9148be5c77fdd41d295f5b40cd0d8157) Importer(2089858483,b0f066a214c2f5e87bad3c948f4d605d) (ScriptedImporter) -> (artifact id: '6603ae405f1573947a87fa76be60400b') in 0.0017146 seconds
Number of updated asset objects reloaded before import = 0Number of asset objects unloaded after import = 1

========================================================================
Received Import Request.
  Time since last request: 0.000010 seconds.
  path: Assets/Meshes/Pickup/Materials/No Name.mat
  artifactKey: Guid(f8f04cc30d6e029478299650e5c2f056) Importer(2089858483,b0f066a214c2f5e87bad3c948f4d605d)
Start importing Assets/Meshes/Pickup/Materials/No Name.mat using Guid(f8f04cc30d6e029478299650e5c2f056) Importer(2089858483,b0f066a214c2f5e87bad3c948f4d605d) (ScriptedImporter) -> (artifact id: '0e4c08795778c3b2945acc0b79f69a42') in 0.0023142 seconds
Number of updated asset objects reloaded before import = 0Number of asset objects unloaded after import = 2

========================================================================
Received Import Request.
  Time since last request: 0.000007 seconds.
  path: Assets/Resources/Audio/Music/Loops/Copia de B/B22_Harmony_Bass_Basic_1_8bars_128bpm_stack.wav
  artifactKey: Guid(e1bcf4fa097de44b9895f155080b6f8b) Importer(2089858483,b0f066a214c2f5e87bad3c948f4d605d)
Start importing Assets/Resources/Audio/Music/Loops/Copia de B/B22_Harmony_Bass_Basic_1_8bars_128bpm_stack.wav using Guid(e1bcf4fa097de44b9895f155080b6f8b) Importer(2089858483,b0f066a214c2f5e87bad3c948f4d605d) (ScriptedImporter) -> (artifact id: 'd54156f6dfb78198c192be93f250efe9') in 0.0154943 seconds
Number of updated asset objects reloaded before import = 0Number of asset objects unloaded after import = 1

========================================================================
Received Import Request.
  Time since last request: 0.000009 seconds.
  path: Assets/Meshes/Models/Reworked/Environment/Clouds Far.fbx
  artifactKey: Guid(4390b70f2ff1ee84cb2407a06317eb82) Importer(2089858483,b0f066a214c2f5e87bad3c948f4d605d)
Start importing Assets/Meshes/Models/Reworked/Environment/Clouds Far.fbx using Guid(4390b70f2ff1ee84cb2407a06317eb82) Importer(2089858483,b0f066a214c2f5e87bad3c948f4d605d) (ScriptedImporter) -> (artifact id: '89411bdfb34b41d091b9bc886b1359df') in 0.0061587 seconds
Number of updated asset objects reloaded before import = 0Number of asset objects unloaded after import = 9

========================================================================
Received Import Request.
  Time since last request: 0.000008 seconds.
  path: Assets/Scenes/Levels/IntermediatePresentation/queen_2_juan.unity
  artifactKey: Guid(015245ff2e1344a66816f4643bb067d7) Importer(2089858483,b0f066a214c2f5e87bad3c948f4d605d)
Start importing Assets/Scenes/Levels/IntermediatePresentation/queen_2_juan.unity using Guid(015245ff2e1344a66816f4643bb067d7) Importer(2089858483,b0f066a214c2f5e87bad3c948f4d605d) (ScriptedImporter) -> (artifact id: '9345a1041519807f1a56e4c3ad1afcc9') in 0.0136173 seconds
Number of updated asset objects reloaded before import = 0Number of asset objects unloaded after import = 1

========================================================================
Received Import Request.
  Time since last request: 0.000010 seconds.
  path: Assets/Meshes/Models/Reworked/Environment/Sun.fbx
  artifactKey: Guid(369691cf17f260c4e96c9f14d6ccc0e9) Importer(2089858483,b0f066a214c2f5e87bad3c948f4d605d)
Start importing Assets/Meshes/Models/Reworked/Environment/Sun.fbx using Guid(369691cf17f260c4e96c9f14d6ccc0e9) Importer(2089858483,b0f066a214c2f5e87bad3c948f4d605d) (ScriptedImporter) -> (artifact id: 'aa9e76d4c77307502f19b4514989ee57') in 0.0057304 seconds
Number of updated asset objects reloaded before import = 0Number of asset objects unloaded after import = 9

========================================================================
Received Import Request.
  Time since last request: 0.000015 seconds.
  path: Assets/Resources/Audio/Music/Loops/D/synth_2.wav
  artifactKey: Guid(2bab98b4ec4e2402b8318a68d7501a3e) Importer(2089858483,b0f066a214c2f5e87bad3c948f4d605d)
Start importing Assets/Resources/Audio/Music/Loops/D/synth_2.wav using Guid(2bab98b4ec4e2402b8318a68d7501a3e) Importer(2089858483,b0f066a214c2f5e87bad3c948f4d605d) (ScriptedImporter) -> (artifact id: 'a9de1578d0f997f2b5475b8585293bd1') in 0.0547766 seconds
Number of updated asset objects reloaded before import = 0Number of asset objects unloaded after import = 1

========================================================================
Received Import Request.
  Time since last request: 0.000010 seconds.
  path: Assets/Meshes/Pickup
  artifactKey: Guid(b93525e02eb1f43759103c736f69fc61) Importer(2089858483,b0f066a214c2f5e87bad3c948f4d605d)
Start importing Assets/Meshes/Pickup using Guid(b93525e02eb1f43759103c736f69fc61) Importer(2089858483,b0f066a214c2f5e87bad3c948f4d605d) (ScriptedImporter) -> (artifact id: '991893b5777a1ce715a4f8736aadaacb') in 0.0013412 seconds
Number of updated asset objects reloaded before import = 0Number of asset objects unloaded after import = 1

========================================================================
Received Import Request.
  Time since last request: 0.000009 seconds.
  path: Assets/Resources/Audio/Music/Loops/B/B13_Rhythm_Percussion_Double_4_1bars_128bpm_switch.wav
  artifactKey: Guid(5246b9da5530348929cb599238cc3afa) Importer(2089858483,b0f066a214c2f5e87bad3c948f4d605d)
Start importing Assets/Resources/Audio/Music/Loops/B/B13_Rhythm_Percussion_Double_4_1bars_128bpm_switch.wav using Guid(5246b9da5530348929cb599238cc3afa) Importer(2089858483,b0f066a214c2f5e87bad3c948f4d605d) (ScriptedImporter) -> (artifact id: 'a93a7c923fe5170f30af3e05d042cc69') in 0.0136727 seconds
Number of updated asset objects reloaded before import = 0Number of asset objects unloaded after import = 1

========================================================================
Received Import Request.
  Time since last request: 0.000010 seconds.
  path: Assets/Meshes/Enviroment/Hill_Zone/low_straight.FBX
  artifactKey: Guid(d48bab978ceb46842a76791a8673a59a) Importer(2089858483,b0f066a214c2f5e87bad3c948f4d605d)
Start importing Assets/Meshes/Enviroment/Hill_Zone/low_straight.FBX using Guid(d48bab978ceb46842a76791a8673a59a) Importer(2089858483,b0f066a214c2f5e87bad3c948f4d605d) (ScriptedImporter) -> (artifact id: 'f75e20811e78fee3529b53e749dc537b') in 0.0077155 seconds
Number of updated asset objects reloaded before import = 0Number of asset objects unloaded after import = 26

========================================================================
Received Import Request.
  Time since last request: 0.000009 seconds.
  path: Assets/Meshes/Enviroment/Hill_Zone/Materials/Wind Turbine/windturbine_box.mat
  artifactKey: Guid(a09698a4f423b4b5a96d969c64305320) Importer(2089858483,b0f066a214c2f5e87bad3c948f4d605d)
Start importing Assets/Meshes/Enviroment/Hill_Zone/Materials/Wind Turbine/windturbine_box.mat using Guid(a09698a4f423b4b5a96d969c64305320) Importer(2089858483,b0f066a214c2f5e87bad3c948f4d605d) (ScriptedImporter) -> (artifact id: '89145cbabca0929ab62adcdb906c707c') in 0.0033453 seconds
Number of updated asset objects reloaded before import = 0Number of asset objects unloaded after import = 2

========================================================================
Received Import Request.
  Time since last request: 0.000010 seconds.
  path: Assets/Scenes/TestScenes/template_scene/ReflectionProbe-0.exr
  artifactKey: Guid(4245da2c3b8964cfe8edfb7c6561c492) Importer(2089858483,b0f066a214c2f5e87bad3c948f4d605d)
Start importing Assets/Scenes/TestScenes/template_scene/ReflectionProbe-0.exr using Guid(4245da2c3b8964cfe8edfb7c6561c492) Importer(2089858483,b0f066a214c2f5e87bad3c948f4d605d) (ScriptedImporter) -> (artifact id: 'e4b86716d3539dbd35c8a8ad6dee55fd') in 0.0040896 seconds
Number of updated asset objects reloaded before import = 0Number of asset objects unloaded after import = 1

========================================================================
Received Import Request.
  Time since last request: 0.000011 seconds.
  path: Assets/Meshes/Enviroment/Hill_Zone/Horizon
  artifactKey: Guid(126575cc828964f43bb5911f4c60ab56) Importer(2089858483,b0f066a214c2f5e87bad3c948f4d605d)
Start importing Assets/Meshes/Enviroment/Hill_Zone/Horizon using Guid(126575cc828964f43bb5911f4c60ab56) Importer(2089858483,b0f066a214c2f5e87bad3c948f4d605d) (ScriptedImporter) -> (artifact id: 'cc4bf6acafd3c6f588e077ae06432298') in 0.0013283 seconds
Number of updated asset objects reloaded before import = 0Number of asset objects unloaded after import = 1

========================================================================
Received Import Request.
  Time since last request: 0.000019 seconds.
  path: Assets/Scenes/Gyuri_Levels/ChatGPT Image Aug 25, 2025, 07_53_34 PM.png
  artifactKey: Guid(9e281dc3d94b44587a941e9304f66ac4) Importer(2089858483,b0f066a214c2f5e87bad3c948f4d605d)
Start importing Assets/Scenes/Gyuri_Levels/ChatGPT Image Aug 25, 2025, 07_53_34 PM.png using Guid(9e281dc3d94b44587a941e9304f66ac4) Importer(2089858483,b0f066a214c2f5e87bad3c948f4d605d) (ScriptedImporter) -> (artifact id: '64b3e0868d9e17a342268a93c13d4a12') in 0.0039512 seconds
Number of updated asset objects reloaded before import = 0Number of asset objects unloaded after import = 1

========================================================================
Received Import Request.
  Time since last request: 0.000012 seconds.
  path: Assets/Resources/Materials/Grid
  artifactKey: Guid(ae265c357c0d641679a78cd45153583c) Importer(2089858483,b0f066a214c2f5e87bad3c948f4d605d)
Start importing Assets/Resources/Materials/Grid using Guid(ae265c357c0d641679a78cd45153583c) Importer(2089858483,b0f066a214c2f5e87bad3c948f4d605d) (ScriptedImporter) -> (artifact id: '047fcf7add5573942dcc0d9b3fd5e9c6') in 0.0013282 seconds
Number of updated asset objects reloaded before import = 0Number of asset objects unloaded after import = 1

========================================================================
Received Import Request.
  Time since last request: 0.000011 seconds.
  path: Assets/Resources/Audio/Music/Loops/Copia de B/B12_Rhythm_Percussion_Minimal_3_1bars_128bpm_switch.wav
  artifactKey: Guid(fbf3b1016d3d2408faa069e44cc37638) Importer(2089858483,b0f066a214c2f5e87bad3c948f4d605d)
Start importing Assets/Resources/Audio/Music/Loops/Copia de B/B12_Rhythm_Percussion_Minimal_3_1bars_128bpm_switch.wav using Guid(fbf3b1016d3d2408faa069e44cc37638) Importer(2089858483,b0f066a214c2f5e87bad3c948f4d605d) (ScriptedImporter) -> (artifact id: '30ffcafdf681b3673f7dd1df29b4f646') in 0.0147402 seconds
Number of updated asset objects reloaded before import = 0Number of asset objects unloaded after import = 1

========================================================================
Received Import Request.
  Time since last request: 0.000010 seconds.
  path: Assets/Meshes/Models/Reworked/Props/Pinwheel_01.fbx
  artifactKey: Guid(a335214180ff8644c9fadabf543a144e) Importer(2089858483,b0f066a214c2f5e87bad3c948f4d605d)
Start importing Assets/Meshes/Models/Reworked/Props/Pinwheel_01.fbx using Guid(a335214180ff8644c9fadabf543a144e) Importer(2089858483,b0f066a214c2f5e87bad3c948f4d605d) (ScriptedImporter) -> (artifact id: 'b359fc0b19a9c79abe9c46e7a55c881b') in 0.0046544 seconds
Number of updated asset objects reloaded before import = 0Number of asset objects unloaded after import = 16

========================================================================
Received Import Request.
  Time since last request: 0.000010 seconds.
  path: Assets/Resources/Audio/Music/Loops/B/B25_Harmony_Bass_Chopped_4_8bars_128bpm_stack.wav.asd
  artifactKey: Guid(2bad5b9d68fe14025b87d9c7f4200000) Importer(2089858483,b0f066a214c2f5e87bad3c948f4d605d)
Start importing Assets/Resources/Audio/Music/Loops/B/B25_Harmony_Bass_Chopped_4_8bars_128bpm_stack.wav.asd using Guid(2bad5b9d68fe14025b87d9c7f4200000) Importer(2089858483,b0f066a214c2f5e87bad3c948f4d605d) (ScriptedImporter) -> (artifact id: 'dd86b6a5888e019e37daa02b05dfa851') in 0.0016606 seconds
Number of updated asset objects reloaded before import = 0Number of asset objects unloaded after import = 1

========================================================================
Received Import Request.
  Time since last request: 0.000010 seconds.
  path: Assets/Meshes/Misc/Tiled Floor/Material
  artifactKey: Guid(8751425fdb7754a22a451a10ff28245b) Importer(2089858483,b0f066a214c2f5e87bad3c948f4d605d)
Start importing Assets/Meshes/Misc/Tiled Floor/Material using Guid(8751425fdb7754a22a451a10ff28245b) Importer(2089858483,b0f066a214c2f5e87bad3c948f4d605d) (ScriptedImporter) -> (artifact id: '8eb8f01e83fc7bea1883d0f51bd7145f') in 0.0014383 seconds
Number of updated asset objects reloaded before import = 0Number of asset objects unloaded after import = 1

========================================================================
Received Import Request.
  Time since last request: 0.000009 seconds.
  path: Assets/Resources/Audio/Music/Loops/B/B20_Harmony_Pad_Filtered_3_8bars_128bpm_switch.wav.asd
  artifactKey: Guid(b07d32b76b5bd4ad19d66ec0bd3f012c) Importer(2089858483,b0f066a214c2f5e87bad3c948f4d605d)
Start importing Assets/Resources/Audio/Music/Loops/B/B20_Harmony_Pad_Filtered_3_8bars_128bpm_switch.wav.asd using Guid(b07d32b76b5bd4ad19d66ec0bd3f012c) Importer(2089858483,b0f066a214c2f5e87bad3c948f4d605d) (ScriptedImporter) -> (artifact id: '321140ef434026ca0a47113b9b242cbe') in 0.0014124 seconds
Number of updated asset objects reloaded before import = 0Number of asset objects unloaded after import = 1

========================================================================
Received Import Request.
  Time since last request: 0.000012 seconds.
  path: Assets/Resources/Audio/Music/Tracks/Test/test1_layer1_beat1.mp3
  artifactKey: Guid(0188a33d3cec54fa681fc932774d5159) Importer(2089858483,b0f066a214c2f5e87bad3c948f4d605d)
Start importing Assets/Resources/Audio/Music/Tracks/Test/test1_layer1_beat1.mp3 using Guid(0188a33d3cec54fa681fc932774d5159) Importer(2089858483,b0f066a214c2f5e87bad3c948f4d605d) (ScriptedImporter) -> (artifact id: '49224527f77279a47a3e0e0f0bb13fec') in 0.0304722 seconds
Number of updated asset objects reloaded before import = 0Number of asset objects unloaded after import = 1

========================================================================
Received Import Request.
  Time since last request: 0.000013 seconds.
  path: Assets/Meshes/Enviroment/Hill_Zone/Materials/Textures/sun_texture_trasnparent-06.png
  artifactKey: Guid(13559333f41d64a00aebc9fe03196718) Importer(2089858483,b0f066a214c2f5e87bad3c948f4d605d)
Start importing Assets/Meshes/Enviroment/Hill_Zone/Materials/Textures/sun_texture_trasnparent-06.png using Guid(13559333f41d64a00aebc9fe03196718) Importer(2089858483,b0f066a214c2f5e87bad3c948f4d605d) (ScriptedImporter) -> (artifact id: '0a44a19021b7f1fef11362f03edea786') in 0.0050989 seconds
Number of updated asset objects reloaded before import = 0Number of asset objects unloaded after import = 1

========================================================================
Received Import Request.
  Time since last request: 0.000017 seconds.
  path: Assets/Resources/Textures/Grid/grid_lines_half.png
  artifactKey: Guid(9ad848f7a0c7f4265bd89c802b9fc6b7) Importer(2089858483,b0f066a214c2f5e87bad3c948f4d605d)
Start importing Assets/Resources/Textures/Grid/grid_lines_half.png using Guid(9ad848f7a0c7f4265bd89c802b9fc6b7) Importer(2089858483,b0f066a214c2f5e87bad3c948f4d605d) (ScriptedImporter) -> (artifact id: '8133a5cfdce2f401c4ee668ca4eb4f87') in 0.0034895 seconds
Number of updated asset objects reloaded before import = 0Number of asset objects unloaded after import = 1

========================================================================
Received Import Request.
  Time since last request: 0.000010 seconds.
  path: Assets/Meshes/Enviroment/Hill_Zone/Materials/Sky Box/v2/Right.png
  artifactKey: Guid(dcc14545fbbcb3c42a43641d65144611) Importer(2089858483,b0f066a214c2f5e87bad3c948f4d605d)
Start importing Assets/Meshes/Enviroment/Hill_Zone/Materials/Sky Box/v2/Right.png using Guid(dcc14545fbbcb3c42a43641d65144611) Importer(2089858483,b0f066a214c2f5e87bad3c948f4d605d) (ScriptedImporter) -> (artifact id: 'bc7f35d116530cfd7deb53a95e21d798') in 0.0042798 seconds
Number of updated asset objects reloaded before import = 0Number of asset objects unloaded after import = 1

========================================================================
Received Import Request.
  Time since last request: 0.000011 seconds.
  path: Assets/Resources/Audio/Music/Loops/D/keys_5.wav
  artifactKey: Guid(67e6933283490477bbc39cc8fb3f86de) Importer(2089858483,b0f066a214c2f5e87bad3c948f4d605d)
Start importing Assets/Resources/Audio/Music/Loops/D/keys_5.wav using Guid(67e6933283490477bbc39cc8fb3f86de) Importer(2089858483,b0f066a214c2f5e87bad3c948f4d605d) (ScriptedImporter) -> (artifact id: '78a0911c04e09ed693e88b3119597eb1') in 0.0432654 seconds
Number of updated asset objects reloaded before import = 0Number of asset objects unloaded after import = 1

========================================================================
Received Import Request.
  Time since last request: 0.000052 seconds.
  path: Assets/Meshes/Misc/tmp/Materials
  artifactKey: Guid(cbd8e594555e74ec8a5b29b386ce872d) Importer(2089858483,b0f066a214c2f5e87bad3c948f4d605d)
Start importing Assets/Meshes/Misc/tmp/Materials using Guid(cbd8e594555e74ec8a5b29b386ce872d) Importer(2089858483,b0f066a214c2f5e87bad3c948f4d605d) (ScriptedImporter) -> (artifact id: 'c8545fdb03ce317b1abc75153f10f994') in 0.0018177 seconds
Number of updated asset objects reloaded before import = 0Number of asset objects unloaded after import = 1

========================================================================
Received Import Request.
  Time since last request: 0.000010 seconds.
  path: Assets/Meshes/Misc/Materials/Pickup Green Harmony.mat
  artifactKey: Guid(1825703c57acb46db9a150bc369485b4) Importer(2089858483,b0f066a214c2f5e87bad3c948f4d605d)
Start importing Assets/Meshes/Misc/Materials/Pickup Green Harmony.mat using Guid(1825703c57acb46db9a150bc369485b4) Importer(2089858483,b0f066a214c2f5e87bad3c948f4d605d) (ScriptedImporter) -> (artifact id: '200573ffa68290b197483a326238e4f8') in 0.0026647 seconds
Number of updated asset objects reloaded before import = 0Number of asset objects unloaded after import = 1

========================================================================
Received Import Request.
  Time since last request: 0.000010 seconds.
  path: Assets/Meshes/Enviroment/Hill_Zone/buildings/tank02.FBX
  artifactKey: Guid(2f327eead1411324ab48a7fc72b8bc6e) Importer(2089858483,b0f066a214c2f5e87bad3c948f4d605d)
Start importing Assets/Meshes/Enviroment/Hill_Zone/buildings/tank02.FBX using Guid(2f327eead1411324ab48a7fc72b8bc6e) Importer(2089858483,b0f066a214c2f5e87bad3c948f4d605d) (ScriptedImporter) -> (artifact id: '41ccc1156679a5f854a435b2b112ef82') in 0.0054366 seconds
Number of updated asset objects reloaded before import = 0Number of asset objects unloaded after import = 7

========================================================================
Received Import Request.
  Time since last request: 0.000009 seconds.
  path: Assets/Scripts/Rendering
  artifactKey: Guid(b89b8b7b4245347eebfb76c591d74d02) Importer(2089858483,b0f066a214c2f5e87bad3c948f4d605d)
Start importing Assets/Scripts/Rendering using Guid(b89b8b7b4245347eebfb76c591d74d02) Importer(2089858483,b0f066a214c2f5e87bad3c948f4d605d) (ScriptedImporter) -> (artifact id: '6a533c88f02107cbecff859fac7ed8cd') in 0.0012411 seconds
Number of updated asset objects reloaded before import = 0Number of asset objects unloaded after import = 1

========================================================================
Received Import Request.
  Time since last request: 0.000010 seconds.
  path: Assets/Meshes/Enviroment/Hill_Zone/Materials/Power Line/powerline_cables 1.mat
  artifactKey: Guid(d00aed6cb19bc4b25acacf888d695517) Importer(2089858483,b0f066a214c2f5e87bad3c948f4d605d)
Start importing Assets/Meshes/Enviroment/Hill_Zone/Materials/Power Line/powerline_cables 1.mat using Guid(d00aed6cb19bc4b25acacf888d695517) Importer(2089858483,b0f066a214c2f5e87bad3c948f4d605d) (ScriptedImporter) -> (artifact id: '1903fb2afd2bec195e8816c6f3ad8d21') in 0.0024949 seconds
Number of updated asset objects reloaded before import = 0Number of asset objects unloaded after import = 2

========================================================================
Received Import Request.
  Time since last request: 0.000015 seconds.
  path: Assets/Meshes/Misc/tmp
  artifactKey: Guid(53586a2bbfc7c944c850caa73b4b6c7e) Importer(2089858483,b0f066a214c2f5e87bad3c948f4d605d)
Start importing Assets/Meshes/Misc/tmp using Guid(53586a2bbfc7c944c850caa73b4b6c7e) Importer(2089858483,b0f066a214c2f5e87bad3c948f4d605d) (ScriptedImporter) -> (artifact id: '79b9da71143026a12601dee5874d6a7d') in 0.0014634 seconds
Number of updated asset objects reloaded before import = 0Number of asset objects unloaded after import = 1

========================================================================
Received Import Request.
  Time since last request: 0.000007 seconds.
  path: Assets/Meshes/Enviroment/Hill_Zone/Materials/Sunflower/sunflowe_petals2.mat
  artifactKey: Guid(1a8b081bcb8134ceabc4e50958c0eb8a) Importer(2089858483,b0f066a214c2f5e87bad3c948f4d605d)
Start importing Assets/Meshes/Enviroment/Hill_Zone/Materials/Sunflower/sunflowe_petals2.mat using Guid(1a8b081bcb8134ceabc4e50958c0eb8a) Importer(2089858483,b0f066a214c2f5e87bad3c948f4d605d) (ScriptedImporter) -> (artifact id: '0d1981db9e31d1f42c888e3d5dfa8b6b') in 0.0029059 seconds
Number of updated asset objects reloaded before import = 0Number of asset objects unloaded after import = 2

========================================================================
Received Import Request.
  Time since last request: 0.000009 seconds.
  path: Assets/Prefabs/Triggers/Old/_BACKUP_TriggerSingle.prefab
  artifactKey: Guid(995897ad3a4c145eea5d22da973b3e7c) Importer(2089858483,b0f066a214c2f5e87bad3c948f4d605d)
Start importing Assets/Prefabs/Triggers/Old/_BACKUP_TriggerSingle.prefab using Guid(995897ad3a4c145eea5d22da973b3e7c) Importer(2089858483,b0f066a214c2f5e87bad3c948f4d605d) (ScriptedImporter) -> (artifact id: 'cf5d565a306f6408dded6b8b9bc6664d') in 0.0049905 seconds
Number of updated asset objects reloaded before import = 0Number of asset objects unloaded after import = 24

========================================================================
Received Import Request.
  Time since last request: 0.000010 seconds.
  path: Assets/Meshes/Enviroment/Hill_Zone/misc/Materials/road_sign1_texture-01.mat
  artifactKey: Guid(1be854a114d1b3b41b660547c3d6169f) Importer(2089858483,b0f066a214c2f5e87bad3c948f4d605d)
Start importing Assets/Meshes/Enviroment/Hill_Zone/misc/Materials/road_sign1_texture-01.mat using Guid(1be854a114d1b3b41b660547c3d6169f) Importer(2089858483,b0f066a214c2f5e87bad3c948f4d605d) (ScriptedImporter) -> (artifact id: '0b3a85b892c0db6b4bdd70ce1a66793a') in 0.0030994 seconds
Number of updated asset objects reloaded before import = 0Number of asset objects unloaded after import = 2

========================================================================
Received Import Request.
  Time since last request: 0.000009 seconds.
  path: Assets/Meshes/Misc/PickUp
  artifactKey: Guid(cf4cf3ccd74e43745a54f86b531dab2f) Importer(2089858483,b0f066a214c2f5e87bad3c948f4d605d)
Start importing Assets/Meshes/Misc/PickUp using Guid(cf4cf3ccd74e43745a54f86b531dab2f) Importer(2089858483,b0f066a214c2f5e87bad3c948f4d605d) (ScriptedImporter) -> (artifact id: '97aa10c1e4aa03e887eb1f9e3d0b75b8') in 0.001321 seconds
Number of updated asset objects reloaded before import = 0Number of asset objects unloaded after import = 1

========================================================================
Received Import Request.
  Time since last request: 0.000007 seconds.
  path: Assets/DefaultVolumeProfile.asset
  artifactKey: Guid(282b5a2875dc54e4aa6737471454a0d0) Importer(2089858483,b0f066a214c2f5e87bad3c948f4d605d)
Start importing Assets/DefaultVolumeProfile.asset using Guid(282b5a2875dc54e4aa6737471454a0d0) Importer(2089858483,b0f066a214c2f5e87bad3c948f4d605d) (ScriptedImporter) -> (artifact id: '7b6da65605bceb3e7442c9b69cfe5a62') in 0.0025388 seconds
Number of updated asset objects reloaded before import = 0Number of asset objects unloaded after import = 0

========================================================================
Received Import Request.
  Time since last request: 0.000007 seconds.
  path: Assets/Meshes/Enviroment/Hill_Zone/tunnel_straight.FBX
  artifactKey: Guid(c19610af7ef921c46abfcf4f0736d5de) Importer(2089858483,b0f066a214c2f5e87bad3c948f4d605d)
Start importing Assets/Meshes/Enviroment/Hill_Zone/tunnel_straight.FBX using Guid(c19610af7ef921c46abfcf4f0736d5de) Importer(2089858483,b0f066a214c2f5e87bad3c948f4d605d) (ScriptedImporter) -> (artifact id: 'd8b59b36710bb2639b715c367d06e11c') in 0.0062239 seconds
Number of updated asset objects reloaded before import = 0Number of asset objects unloaded after import = 20

========================================================================
Received Import Request.
  Time since last request: 0.000011 seconds.
  path: Assets/Meshes/Misc
  artifactKey: Guid(03cdacd1128cef44a891e7d4541c63f1) Importer(2089858483,b0f066a214c2f5e87bad3c948f4d605d)
Start importing Assets/Meshes/Misc using Guid(03cdacd1128cef44a891e7d4541c63f1) Importer(2089858483,b0f066a214c2f5e87bad3c948f4d605d) (ScriptedImporter) -> (artifact id: '0bdeb86166e15ba5ef582170d81636a1') in 0.0012919 seconds
Number of updated asset objects reloaded before import = 0Number of asset objects unloaded after import = 1

========================================================================
Received Import Request.
  Time since last request: 0.000010 seconds.
  path: Assets/Resources/Materials/Grid/Grid.mat
  artifactKey: Guid(62d77f0026d364d0b97ed1584ffe9352) Importer(2089858483,b0f066a214c2f5e87bad3c948f4d605d)
Start importing Assets/Resources/Materials/Grid/Grid.mat using Guid(62d77f0026d364d0b97ed1584ffe9352) Importer(2089858483,b0f066a214c2f5e87bad3c948f4d605d) (ScriptedImporter) -> (artifact id: 'd6407b2fa060780125fda5a233437625') in 0.0029897 seconds
Number of updated asset objects reloaded before import = 0Number of asset objects unloaded after import = 3

========================================================================
Received Import Request.
  Time since last request: 0.000014 seconds.
  path: Assets/Meshes/Misc/Palm Tree/palmtree_twofaces.fbx
  artifactKey: Guid(ffcad1ff50b014de588b83de8b58e24b) Importer(2089858483,b0f066a214c2f5e87bad3c948f4d605d)
Start importing Assets/Meshes/Misc/Palm Tree/palmtree_twofaces.fbx using Guid(ffcad1ff50b014de588b83de8b58e24b) Importer(2089858483,b0f066a214c2f5e87bad3c948f4d605d) (ScriptedImporter) -> (artifact id: '1a043b65be11d4b2d0dbcbafa4d0cd7e') in 0.0080681 seconds
Number of updated asset objects reloaded before import = 0Number of asset objects unloaded after import = 87

========================================================================
Received Import Request.
  Time since last request: 0.000032 seconds.
  path: Assets/Meshes/Enviroment/Hill_Zone/Materials/Textures/upper_frame_texture-05.png
  artifactKey: Guid(3871b8bd27fba4ceeaa70ff0767f697e) Importer(2089858483,b0f066a214c2f5e87bad3c948f4d605d)
Start importing Assets/Meshes/Enviroment/Hill_Zone/Materials/Textures/upper_frame_texture-05.png using Guid(3871b8bd27fba4ceeaa70ff0767f697e) Importer(2089858483,b0f066a214c2f5e87bad3c948f4d605d) (ScriptedImporter) -> (artifact id: 'dec5c4fd42db16b05202208a1997dc0d') in 0.0047317 seconds
Number of updated asset objects reloaded before import = 0Number of asset objects unloaded after import = 1

========================================================================
Received Import Request.
  Time since last request: 0.000009 seconds.
  path: Assets/Prefabs/Patterns/Pattern_11xxxx11.prefab
  artifactKey: Guid(f419db5f824c14b7aadafce7ee301e54) Importer(2089858483,b0f066a214c2f5e87bad3c948f4d605d)
Start importing Assets/Prefabs/Patterns/Pattern_11xxxx11.prefab using Guid(f419db5f824c14b7aadafce7ee301e54) Importer(2089858483,b0f066a214c2f5e87bad3c948f4d605d) (ScriptedImporter) -> (artifact id: '7c466619dc5b11aa822294e579baa707') in 0.0047778 seconds
Number of updated asset objects reloaded before import = 0Number of asset objects unloaded after import = 87

========================================================================
Received Import Request.
  Time since last request: 0.000008 seconds.
  path: Assets/Scripts/Scene/PatternChildControll.cs
  artifactKey: Guid(7c68ecb21c2d948a3ac78145de6fa97e) Importer(2089858483,b0f066a214c2f5e87bad3c948f4d605d)
Start importing Assets/Scripts/Scene/PatternChildControll.cs using Guid(7c68ecb21c2d948a3ac78145de6fa97e) Importer(2089858483,b0f066a214c2f5e87bad3c948f4d605d) (ScriptedImporter) -> (artifact id: '0cb1e38828a2da6083e43b3c0ee5c958') in 0.0014035 seconds
Number of updated asset objects reloaded before import = 0Number of asset objects unloaded after import = 0

========================================================================
Received Import Request.
  Time since last request: 0.000008 seconds.
  path: Assets/Meshes/Models/Reworked/Props/Pinwheel_04.fbx
  artifactKey: Guid(a3c814b35a0412541be7fbdbf4016608) Importer(2089858483,b0f066a214c2f5e87bad3c948f4d605d)
Start importing Assets/Meshes/Models/Reworked/Props/Pinwheel_04.fbx using Guid(a3c814b35a0412541be7fbdbf4016608) Importer(2089858483,b0f066a214c2f5e87bad3c948f4d605d) (ScriptedImporter) -> (artifact id: '26f0116cc2fc5c4ad739e21b9be3fe94') in 0.0057194 seconds
Number of updated asset objects reloaded before import = 0Number of asset objects unloaded after import = 16

========================================================================
Received Import Request.
  Time since last request: 0.000009 seconds.
  path: Assets/Meshes/Misc/Player/paperplane/Materials/No Name.mat
  artifactKey: Guid(bf2ea010ef43446c2a4ff266bf6dbe91) Importer(2089858483,b0f066a214c2f5e87bad3c948f4d605d)
Start importing Assets/Meshes/Misc/Player/paperplane/Materials/No Name.mat using Guid(bf2ea010ef43446c2a4ff266bf6dbe91) Importer(2089858483,b0f066a214c2f5e87bad3c948f4d605d) (ScriptedImporter) -> (artifact id: '90e827c167bea9e2e5cdd72a420bf20e') in 0.0025553 seconds
Number of updated asset objects reloaded before import = 0Number of asset objects unloaded after import = 1

========================================================================
Received Import Request.
  Time since last request: 0.000008 seconds.
  path: Assets/Resources/Audio/Music/Loops/C/soundset_C_trippy_harmony 10_128bpm.wav
  artifactKey: Guid(0f8d52335ba33487381a91ead4cc9d43) Importer(2089858483,b0f066a214c2f5e87bad3c948f4d605d)
Start importing Assets/Resources/Audio/Music/Loops/C/soundset_C_trippy_harmony 10_128bpm.wav using Guid(0f8d52335ba33487381a91ead4cc9d43) Importer(2089858483,b0f066a214c2f5e87bad3c948f4d605d) (ScriptedImporter) -> (artifact id: 'b6e0e9c48a7caaf06d62ac34618788c0') in 0.0796709 seconds
Number of updated asset objects reloaded before import = 0Number of asset objects unloaded after import = 1

========================================================================
Received Import Request.
  Time since last request: 0.000032 seconds.
  path: Assets/Prefabs/Management/AudioManager.prefab
  artifactKey: Guid(84b373dc5010b422bb8b45fba57f323d) Importer(2089858483,b0f066a214c2f5e87bad3c948f4d605d)
Start importing Assets/Prefabs/Management/AudioManager.prefab using Guid(84b373dc5010b422bb8b45fba57f323d) Importer(2089858483,b0f066a214c2f5e87bad3c948f4d605d) (ScriptedImporter)Refreshing native plugins compatible for Editor in 0.33 ms, found 1 plugins.
Preloading 0 native plugins for Editor in 0.00 ms.
Refreshing native plugins compatible for Editor in 0.31 ms, found 1 plugins.
Preloading 0 native plugins for Editor in 0.00 ms.
Refreshing native plugins compatible for Editor in 0.36 ms, found 1 plugins.
Preloading 0 native plugins for Editor in 0.00 ms.
Refreshing native plugins compatible for Editor in 0.47 ms, found 1 plugins.
Preloading 0 native plugins for Editor in 0.00 ms.
Refreshing native plugins compatible for Editor in 0.44 ms, found 1 plugins.
Preloading 0 native plugins for Editor in 0.00 ms.
Refreshing native plugins compatible for Editor in 0.35 ms, found 1 plugins.
Preloading 0 native plugins for Editor in 0.00 ms.
Refreshing native plugins compatible for Editor in 0.42 ms, found 1 plugins.
Preloading 0 native plugins for Editor in 0.00 ms.
Refreshing native plugins compatible for Editor in 0.30 ms, found 1 plugins.
Preloading 0 native plugins for Editor in 0.00 ms.
Refreshing native plugins compatible for Editor in 0.26 ms, found 1 plugins.
Preloading 0 native plugins for Editor in 0.00 ms.
Refreshing native plugins compatible for Editor in 0.48 ms, found 1 plugins.
Preloading 0 native plugins for Editor in 0.00 ms.
Refreshing native plugins compatible for Editor in 0.34 ms, found 1 plugins.
Preloading 0 native plugins for Editor in 0.00 ms.
Refreshing native plugins compatible for Editor in 0.33 ms, found 1 plugins.
Preloading 0 native plugins for Editor in 0.00 ms.
Refreshing native plugins compatible for Editor in 0.45 ms, found 1 plugins.
Preloading 0 native plugins for Editor in 0.00 ms.
Refreshing native plugins compatible for Editor in 0.33 ms, found 1 plugins.
Preloading 0 native plugins for Editor in 0.00 ms.
Refreshing native plugins compatible for Editor in 0.47 ms, found 1 plugins.
Preloading 0 native plugins for Editor in 0.00 ms.
Refreshing native plugins compatible for Editor in 0.36 ms, found 1 plugins.
Preloading 0 native plugins for Editor in 0.00 ms.
Refreshing native plugins compatible for Editor in 0.46 ms, found 1 plugins.
Preloading 0 native plugins for Editor in 0.00 ms.
Refreshing native plugins compatible for Editor in 0.39 ms, found 1 plugins.
Preloading 0 native plugins for Editor in 0.00 ms.
Refreshing native plugins compatible for Editor in 0.32 ms, found 1 plugins.
Preloading 0 native plugins for Editor in 0.00 ms.
Refreshing native plugins compatible for Editor in 0.35 ms, found 1 plugins.
Preloading 0 native plugins for Editor in 0.00 ms.
Refreshing native plugins compatible for Editor in 0.32 ms, found 1 plugins.
Preloading 0 native plugins for Editor in 0.00 ms.
Refreshing native plugins compatible for Editor in 0.39 ms, found 1 plugins.
Preloading 0 native plugins for Editor in 0.00 ms.
Refreshing native plugins compatible for Editor in 0.36 ms, found 1 plugins.
Preloading 0 native plugins for Editor in 0.00 ms.
Refreshing native plugins compatible for Editor in 0.39 ms, found 1 plugins.
Preloading 0 native plugins for Editor in 0.00 ms.
Refreshing native plugins compatible for Editor in 0.37 ms, found 1 plugins.
Preloading 0 native plugins for Editor in 0.00 ms.
Refreshing native plugins compatible for Editor in 0.34 ms, found 1 plugins.
Preloading 0 native plugins for Editor in 0.00 ms.
Refreshing native plugins compatible for Editor in 0.33 ms, found 1 plugins.
Preloading 0 native plugins for Editor in 0.00 ms.
Refreshing native plugins compatible for Editor in 0.48 ms, found 1 plugins.
Preloading 0 native plugins for Editor in 0.00 ms.
Refreshing native plugins compatible for Editor in 0.37 ms, found 1 plugins.
Preloading 0 native plugins for Editor in 0.00 ms.
Refreshing native plugins compatible for Editor in 0.29 ms, found 1 plugins.
Preloading 0 native plugins for Editor in 0.00 ms.
Refreshing native plugins compatible for Editor in 0.40 ms, found 1 plugins.
Preloading 0 native plugins for Editor in 0.00 ms.
Refreshing native plugins compatible for Editor in 0.27 ms, found 1 plugins.
Preloading 0 native plugins for Editor in 0.00 ms.
Refreshing native plugins compatible for Editor in 0.36 ms, found 1 plugins.
Preloading 0 native plugins for Editor in 0.00 ms.
Refreshing native plugins compatible for Editor in 0.38 ms, found 1 plugins.
Preloading 0 native plugins for Editor in 0.00 ms.
Refreshing native plugins compatible for Editor in 0.27 ms, found 1 plugins.
Preloading 0 native plugins for Editor in 0.00 ms.
Refreshing native plugins compatible for Editor in 0.36 ms, found 1 plugins.
Preloading 0 native plugins for Editor in 0.00 ms.
Refreshing native plugins compatible for Editor in 0.41 ms, found 1 plugins.
Preloading 0 native plugins for Editor in 0.00 ms.
Refreshing native plugins compatible for Editor in 0.44 ms, found 1 plugins.
Preloading 0 native plugins for Editor in 0.00 ms.
Refreshing native plugins compatible for Editor in 0.27 ms, found 1 plugins.
Preloading 0 native plugins for Editor in 0.00 ms.
Refreshing native plugins compatible for Editor in 0.51 ms, found 1 plugins.
Preloading 0 native plugins for Editor in 0.00 ms.
Refreshing native plugins compatible for Editor in 0.44 ms, found 1 plugins.
Preloading 0 native plugins for Editor in 0.00 ms.
Refreshing native plugins compatible for Editor in 0.37 ms, found 1 plugins.
Preloading 0 native plugins for Editor in 0.00 ms.
Refreshing native plugins compatible for Editor in 0.34 ms, found 1 plugins.
Preloading 0 native plugins for Editor in 0.00 ms.
Refreshing native plugins compatible for Editor in 0.32 ms, found 1 plugins.
Preloading 0 native plugins for Editor in 0.00 ms.
Refreshing native plugins compatible for Editor in 0.35 ms, found 1 plugins.
Preloading 0 native plugins for Editor in 0.00 ms.
Refreshing native plugins compatible for Editor in 0.30 ms, found 1 plugins.
Preloading 0 native plugins for Editor in 0.00 ms.
Refreshing native plugins compatible for Editor in 0.43 ms, found 1 plugins.
Preloading 0 native plugins for Editor in 0.00 ms.
Refreshing native plugins compatible for Editor in 0.37 ms, found 1 plugins.
Preloading 0 native plugins for Editor in 0.00 ms.
Refreshing native plugins compatible for Editor in 0.38 ms, found 1 plugins.
Preloading 0 native plugins for Editor in 0.00 ms.
Refreshing native plugins compatible for Editor in 0.28 ms, found 1 plugins.
Preloading 0 native plugins for Editor in 0.00 ms.
Refreshing native plugins compatible for Editor in 0.48 ms, found 1 plugins.
Preloading 0 native plugins for Editor in 0.00 ms.
 -> (artifact id: '19d65000ee652487b75ffb771d5583e2') in 0.1402697 seconds
Number of updated asset objects reloaded before import = 0Number of asset objects unloaded after import = 195

========================================================================
Received Import Request.
  Time since last request: 0.000024 seconds.
  path: Assets/Meshes/Enviroment/Hill_Zone/Materials/Sky Box/v2/front.png
  artifactKey: Guid(2944d1e555bf2e74191804695877cabd) Importer(2089858483,b0f066a214c2f5e87bad3c948f4d605d)
Start importing Assets/Meshes/Enviroment/Hill_Zone/Materials/Sky Box/v2/front.png using Guid(2944d1e555bf2e74191804695877cabd) Importer(2089858483,b0f066a214c2f5e87bad3c948f4d605d) (ScriptedImporter) -> (artifact id: '37cfe2bf0c49023a29b1b34df3f293ce') in 0.0040585 seconds
Number of updated asset objects reloaded before import = 0Number of asset objects unloaded after import = 1

========================================================================
Received Import Request.
  Time since last request: 0.000010 seconds.
  path: Assets/Resources/Audio/Music/Loops/Copia de B/B47_Melody_Arpeggiator_Octave Up_2_8bars_128bpm_switch.wav
  artifactKey: Guid(ad22b7e2ee94d443484bc5653bf2b906) Importer(2089858483,b0f066a214c2f5e87bad3c948f4d605d)
Start importing Assets/Resources/Audio/Music/Loops/Copia de B/B47_Melody_Arpeggiator_Octave Up_2_8bars_128bpm_switch.wav using Guid(ad22b7e2ee94d443484bc5653bf2b906) Importer(2089858483,b0f066a214c2f5e87bad3c948f4d605d) (ScriptedImporter) -> (artifact id: 'f2fe501e4543d548160372e2f6742613') in 0.0157084 seconds
Number of updated asset objects reloaded before import = 0Number of asset objects unloaded after import = 1

========================================================================
Received Import Request.
  Time since last request: 0.000023 seconds.
  path: Assets/Resources/Audio/Music/Loops/Copia de B/B2_Rhythm_Kick_Snare_Basic_1_1bars_128bpm_switch.wav.asd
  artifactKey: Guid(f90bc4c73b1cb4d6eaa99cba4afc3885) Importer(2089858483,b0f066a214c2f5e87bad3c948f4d605d)
Start importing Assets/Resources/Audio/Music/Loops/Copia de B/B2_Rhythm_Kick_Snare_Basic_1_1bars_128bpm_switch.wav.asd using Guid(f90bc4c73b1cb4d6eaa99cba4afc3885) Importer(2089858483,b0f066a214c2f5e87bad3c948f4d605d) (ScriptedImporter) -> (artifact id: '0496565dd5af9d34340bc91c04ac5d90') in 0.0013753 seconds
Number of updated asset objects reloaded before import = 0Number of asset objects unloaded after import = 1

========================================================================
Received Import Request.
  Time since last request: 0.000009 seconds.
  path: Assets/Scenes/TestScenes/midijack_test.unity
  artifactKey: Guid(729a0338c0c604ff2a74b3cbddd84e9a) Importer(2089858483,b0f066a214c2f5e87bad3c948f4d605d)
Start importing Assets/Scenes/TestScenes/midijack_test.unity using Guid(729a0338c0c604ff2a74b3cbddd84e9a) Importer(2089858483,b0f066a214c2f5e87bad3c948f4d605d) (ScriptedImporter) -> (artifact id: '900c0ef6a1cb0fe47f6040c1a517eed6') in 0.0016954 seconds
Number of updated asset objects reloaded before import = 0Number of asset objects unloaded after import = 1

========================================================================
Received Import Request.
  Time since last request: 0.000008 seconds.
  path: Assets/Resources/Audio/Music/Loops/A/A18_Harmony_Keys_Basic_1_4bars_130bpm_stack.wav
  artifactKey: Guid(348afe308b3a444df8d7d235373229c0) Importer(2089858483,b0f066a214c2f5e87bad3c948f4d605d)
Start importing Assets/Resources/Audio/Music/Loops/A/A18_Harmony_Keys_Basic_1_4bars_130bpm_stack.wav using Guid(348afe308b3a444df8d7d235373229c0) Importer(2089858483,b0f066a214c2f5e87bad3c948f4d605d) (ScriptedImporter) -> (artifact id: '41db55d819ee91ca8bbccd536cc60655') in 0.0138192 seconds
Number of updated asset objects reloaded before import = 0Number of asset objects unloaded after import = 1

========================================================================
Received Import Request.
  Time since last request: 0.000010 seconds.
  path: Assets/Meshes/Enviroment/Hill_Zone/Materials/Textures/sunflower_steam_texture-05.png
  artifactKey: Guid(5335f7f1f45ca4fff831748eaacb77fe) Importer(2089858483,b0f066a214c2f5e87bad3c948f4d605d)
Start importing Assets/Meshes/Enviroment/Hill_Zone/Materials/Textures/sunflower_steam_texture-05.png using Guid(5335f7f1f45ca4fff831748eaacb77fe) Importer(2089858483,b0f066a214c2f5e87bad3c948f4d605d) (ScriptedImporter) -> (artifact id: 'e078edc7db9af42b322b63cad983f6cc') in 0.0049901 seconds
Number of updated asset objects reloaded before import = 0Number of asset objects unloaded after import = 1

========================================================================
Received Import Request.
  Time since last request: 0.000008 seconds.
  path: Assets/Meshes/Misc/Piano/piano_01.FBX
  artifactKey: Guid(e548cde9f9a3645c68c7904c4e8edec0) Importer(2089858483,b0f066a214c2f5e87bad3c948f4d605d)
Start importing Assets/Meshes/Misc/Piano/piano_01.FBX using Guid(e548cde9f9a3645c68c7904c4e8edec0) Importer(2089858483,b0f066a214c2f5e87bad3c948f4d605d) (ScriptedImporter) -> (artifact id: '6ffe03f8e395ed7a5384ebe884470430') in 0.0250987 seconds
Number of updated asset objects reloaded before import = 0Number of asset objects unloaded after import = 449

========================================================================
Received Import Request.
  Time since last request: 0.000013 seconds.
  path: Assets/Meshes/Models/shrooms.fbx
  artifactKey: Guid(814f3ebc9f01b44f4a9c787eb7c8c684) Importer(2089858483,b0f066a214c2f5e87bad3c948f4d605d)
Start importing Assets/Meshes/Models/shrooms.fbx using Guid(814f3ebc9f01b44f4a9c787eb7c8c684) Importer(2089858483,b0f066a214c2f5e87bad3c948f4d605d) (ScriptedImporter) -> (artifact id: 'c95232613e79dd715370fc1e10346eb4') in 0.0042611 seconds
Number of updated asset objects reloaded before import = 0Number of asset objects unloaded after import = 7

========================================================================
Received Import Request.
  Time since last request: 0.000021 seconds.
  path: Assets/Prefabs/Enviroment/Trippy_Zone
  artifactKey: Guid(2b9912aa36eb54c3dbdcfa55dd244f8a) Importer(2089858483,b0f066a214c2f5e87bad3c948f4d605d)
Start importing Assets/Prefabs/Enviroment/Trippy_Zone using Guid(2b9912aa36eb54c3dbdcfa55dd244f8a) Importer(2089858483,b0f066a214c2f5e87bad3c948f4d605d) (ScriptedImporter) -> (artifact id: 'b9634e06be9281289655b9ed1fabf6ab') in 0.0012349 seconds
Number of updated asset objects reloaded before import = 0Number of asset objects unloaded after import = 1

========================================================================
Received Import Request.
  Time since last request: 0.000007 seconds.
  path: Assets/Resources/Audio/Music/Loops/B/B8_Rhythm_Hi Hat_Layered_3_1bars_128bpm_switch.wav
  artifactKey: Guid(606dd5a391f7448d3b7fbf45252ecc86) Importer(2089858483,b0f066a214c2f5e87bad3c948f4d605d)
Start importing Assets/Resources/Audio/Music/Loops/B/B8_Rhythm_Hi Hat_Layered_3_1bars_128bpm_switch.wav using Guid(606dd5a391f7448d3b7fbf45252ecc86) Importer(2089858483,b0f066a214c2f5e87bad3c948f4d605d) (ScriptedImporter) -> (artifact id: 'f826113b330aaa905e0f03429a2957aa') in 0.0141237 seconds
Number of updated asset objects reloaded before import = 0Number of asset objects unloaded after import = 1

========================================================================
Received Import Request.
  Time since last request: 0.000008 seconds.
  path: Assets/Resources/Audio/Data
  artifactKey: Guid(ca158138bcacb4a8580043d1c7f870b2) Importer(2089858483,b0f066a214c2f5e87bad3c948f4d605d)
Start importing Assets/Resources/Audio/Data using Guid(ca158138bcacb4a8580043d1c7f870b2) Importer(2089858483,b0f066a214c2f5e87bad3c948f4d605d) (ScriptedImporter) -> (artifact id: '16cba5fa3d9684726e16b07eba634e7f') in 0.0013383 seconds
Number of updated asset objects reloaded before import = 0Number of asset objects unloaded after import = 1

========================================================================
Received Import Request.
  Time since last request: 0.000008 seconds.
  path: Assets/Resources/Textures/sun3.png
  artifactKey: Guid(1878f71bdc7dc4e46b3f08e9b27718bd) Importer(2089858483,b0f066a214c2f5e87bad3c948f4d605d)
Start importing Assets/Resources/Textures/sun3.png using Guid(1878f71bdc7dc4e46b3f08e9b27718bd) Importer(2089858483,b0f066a214c2f5e87bad3c948f4d605d) (ScriptedImporter) -> (artifact id: '1e350a7d772e5a1666a5ca7e49edabba') in 0.0037499 seconds
Number of updated asset objects reloaded before import = 0Number of asset objects unloaded after import = 1

========================================================================
Received Import Request.
  Time since last request: 0.000008 seconds.
  path: Assets/Resources/Audio/Music/Loops/B/B15_Rhythm_Clap_Minimal_2_1bars_128bpm_switch.wav.asd
  artifactKey: Guid(1b2254609372344dfb078fa7ba7a97be) Importer(2089858483,b0f066a214c2f5e87bad3c948f4d605d)
Start importing Assets/Resources/Audio/Music/Loops/B/B15_Rhythm_Clap_Minimal_2_1bars_128bpm_switch.wav.asd using Guid(1b2254609372344dfb078fa7ba7a97be) Importer(2089858483,b0f066a214c2f5e87bad3c948f4d605d) (ScriptedImporter) -> (artifact id: '3dec8b52d7dd0d0c47668b6e477338b9') in 0.0013204 seconds
Number of updated asset objects reloaded before import = 0Number of asset objects unloaded after import = 1

========================================================================
Received Import Request.
  Time since last request: 0.000008 seconds.
  path: Assets/Resources/Audio/Music/Loops/C/soundset_C_trippy_melody 4_128bpm.wav
  artifactKey: Guid(06db9886671cf48498bd24ddbe5eb9a6) Importer(2089858483,b0f066a214c2f5e87bad3c948f4d605d)
Start importing Assets/Resources/Audio/Music/Loops/C/soundset_C_trippy_melody 4_128bpm.wav using Guid(06db9886671cf48498bd24ddbe5eb9a6) Importer(2089858483,b0f066a214c2f5e87bad3c948f4d605d) (ScriptedImporter) -> (artifact id: 'cf9a8eae3b5f97742aa236fcea886fd9') in 0.0814756 seconds
Number of updated asset objects reloaded before import = 0Number of asset objects unloaded after import = 1

========================================================================
Received Import Request.
  Time since last request: 0.000012 seconds.
  path: Assets/Meshes/Models/Reworked/Props/Tree_02.fbx
  artifactKey: Guid(cdf04f25e91459042bfa9f43bca3a3e8) Importer(2089858483,b0f066a214c2f5e87bad3c948f4d605d)
Start importing Assets/Meshes/Models/Reworked/Props/Tree_02.fbx using Guid(cdf04f25e91459042bfa9f43bca3a3e8) Importer(2089858483,b0f066a214c2f5e87bad3c948f4d605d) (ScriptedImporter) -> (artifact id: '217d6e9df9cb411554a2a1f037887946') in 0.006653 seconds
Number of updated asset objects reloaded before import = 0Number of asset objects unloaded after import = 9

========================================================================
Received Import Request.
  Time since last request: 0.000019 seconds.
  path: Assets/Meshes/Actors/Player/LMaD/Planes/lmad_plane.fbx
  artifactKey: Guid(6974f2949e90c4b9c81546a6b96f5d2a) Importer(2089858483,b0f066a214c2f5e87bad3c948f4d605d)
Start importing Assets/Meshes/Actors/Player/LMaD/Planes/lmad_plane.fbx using Guid(6974f2949e90c4b9c81546a6b96f5d2a) Importer(2089858483,b0f066a214c2f5e87bad3c948f4d605d) (ScriptedImporter) -> (artifact id: 'b4853c34c3b2dc23caedf161f99c4659') in 0.0067156 seconds
Number of updated asset objects reloaded before import = 0Number of asset objects unloaded after import = 21

========================================================================
Received Import Request.
  Time since last request: 0.000011 seconds.
  path: Assets/Resources/Audio/Music/Loops/B/B3_Rhythm_Kick_Snare_Basic_2_1bars_128bpm_switch.wav
  artifactKey: Guid(d376c02c7bcff4abfa0a262b2346ce27) Importer(2089858483,b0f066a214c2f5e87bad3c948f4d605d)
Start importing Assets/Resources/Audio/Music/Loops/B/B3_Rhythm_Kick_Snare_Basic_2_1bars_128bpm_switch.wav using Guid(d376c02c7bcff4abfa0a262b2346ce27) Importer(2089858483,b0f066a214c2f5e87bad3c948f4d605d) (ScriptedImporter) -> (artifact id: 'e46a5022cb8abf2732f7fee81ffbb524') in 0.01367 seconds
Number of updated asset objects reloaded before import = 0Number of asset objects unloaded after import = 1

========================================================================
Received Import Request.
  Time since last request: 0.000009 seconds.
  path: Assets/MidiJack/Editor/MidiJackWindow.cs
  artifactKey: Guid(af2c92dc4694947c18152d4248a46bad) Importer(2089858483,b0f066a214c2f5e87bad3c948f4d605d)
Start importing Assets/MidiJack/Editor/MidiJackWindow.cs using Guid(af2c92dc4694947c18152d4248a46bad) Importer(2089858483,b0f066a214c2f5e87bad3c948f4d605d) (ScriptedImporter) -> (artifact id: '5f23de301fea98f45586f33c7fb9c605') in 0.0015177 seconds
Number of updated asset objects reloaded before import = 0Number of asset objects unloaded after import = 0

========================================================================
Received Import Request.
  Time since last request: 0.000008 seconds.
  path: Assets/Meshes/Models/Cloud_04.fbx
  artifactKey: Guid(c107d436a9fb9433486b9ee6a6e8795a) Importer(2089858483,b0f066a214c2f5e87bad3c948f4d605d)
Start importing Assets/Meshes/Models/Cloud_04.fbx using Guid(c107d436a9fb9433486b9ee6a6e8795a) Importer(2089858483,b0f066a214c2f5e87bad3c948f4d605d) (ScriptedImporter) -> (artifact id: '21048964e0e5866f1642192c26e2bebf') in 0.0049021 seconds
Number of updated asset objects reloaded before import = 0Number of asset objects unloaded after import = 8

========================================================================
Received Import Request.
  Time since last request: 0.000009 seconds.
  path: Assets/Meshes/Misc/Carpet/Roof.mat
  artifactKey: Guid(0e6a9f5666fd5479197b186ce32ee78d) Importer(2089858483,b0f066a214c2f5e87bad3c948f4d605d)
Start importing Assets/Meshes/Misc/Carpet/Roof.mat using Guid(0e6a9f5666fd5479197b186ce32ee78d) Importer(2089858483,b0f066a214c2f5e87bad3c948f4d605d) (ScriptedImporter) -> (artifact id: 'd40b0c12c4b211d4877ae5554da66e31') in 0.0024122 seconds
Number of updated asset objects reloaded before import = 0Number of asset objects unloaded after import = 1

========================================================================
Received Import Request.
  Time since last request: 0.000009 seconds.
  path: Assets/Resources/Audio/Music/Loops/A/A21_Harmony_Synth_Layered_2_4bars_130bpm_stack.wav
  artifactKey: Guid(a841b62f2d99f41b08c57fe81bcfba64) Importer(2089858483,b0f066a214c2f5e87bad3c948f4d605d)
Start importing Assets/Resources/Audio/Music/Loops/A/A21_Harmony_Synth_Layered_2_4bars_130bpm_stack.wav using Guid(a841b62f2d99f41b08c57fe81bcfba64) Importer(2089858483,b0f066a214c2f5e87bad3c948f4d605d) (ScriptedImporter) -> (artifact id: '5a1cf5206d911264412901191c6c790f') in 0.0157275 seconds
Number of updated asset objects reloaded before import = 0Number of asset objects unloaded after import = 1

========================================================================
Received Import Request.
  Time since last request: 0.000011 seconds.
  path: Assets/Prefabs/Management/EnvironmentManager.prefab
  artifactKey: Guid(c6e162e511dc34d3cb4e2f71a1c60b2a) Importer(2089858483,b0f066a214c2f5e87bad3c948f4d605d)
Start importing Assets/Prefabs/Management/EnvironmentManager.prefab using Guid(c6e162e511dc34d3cb4e2f71a1c60b2a) Importer(2089858483,b0f066a214c2f5e87bad3c948f4d605d) (ScriptedImporter) -> (artifact id: '19df6f7f3786741598fcd0a4102fcffa') in 0.3514306 seconds
Number of updated asset objects reloaded before import = 0Number of asset objects unloaded after import = 81689

========================================================================
Received Import Request.
  Time since last request: 0.000018 seconds.
  path: Assets/Meshes/Pickup/ring.FBX
  artifactKey: Guid(d5251bf209ce6f64fb86ea717c82d147) Importer(2089858483,b0f066a214c2f5e87bad3c948f4d605d)
Start importing Assets/Meshes/Pickup/ring.FBX using Guid(d5251bf209ce6f64fb86ea717c82d147) Importer(2089858483,b0f066a214c2f5e87bad3c948f4d605d) (ScriptedImporter) -> (artifact id: 'd2748e1df70d2e2617d3f65b62e11e53') in 0.0065609 seconds
Number of updated asset objects reloaded before import = 0Number of asset objects unloaded after import = 10

========================================================================
Received Import Request.
  Time since last request: 0.000018 seconds.
  path: Assets/Scripts/ScriptableObject/SoundSet.cs
  artifactKey: Guid(da86896963196479e85326b2fc70af49) Importer(2089858483,b0f066a214c2f5e87bad3c948f4d605d)
Start importing Assets/Scripts/ScriptableObject/SoundSet.cs using Guid(da86896963196479e85326b2fc70af49) Importer(2089858483,b0f066a214c2f5e87bad3c948f4d605d) (ScriptedImporter) -> (artifact id: 'b3def493daf2978f03d2c6ca2750d0a9') in 0.0013478 seconds
Number of updated asset objects reloaded before import = 0Number of asset objects unloaded after import = 0

========================================================================
Received Import Request.
  Time since last request: 0.000008 seconds.
  path: Assets/Meshes/Enviroment/Hill_Zone/Materials/Textures/pole_texture-05.png
  artifactKey: Guid(1e50bd5b6110d43a188088699f97cd2e) Importer(2089858483,b0f066a214c2f5e87bad3c948f4d605d)
Start importing Assets/Meshes/Enviroment/Hill_Zone/Materials/Textures/pole_texture-05.png using Guid(1e50bd5b6110d43a188088699f97cd2e) Importer(2089858483,b0f066a214c2f5e87bad3c948f4d605d) (ScriptedImporter) -> (artifact id: '8c9e4d36696b8b0a5eeae81f3f531da8') in 0.0043043 seconds
Number of updated asset objects reloaded before import = 0Number of asset objects unloaded after import = 1

========================================================================
Received Import Request.
  Time since last request: 0.000011 seconds.
  path: Assets/Scripts/Scene
  artifactKey: Guid(97c46afda61aa4d7d8846fd5239ca750) Importer(2089858483,b0f066a214c2f5e87bad3c948f4d605d)
Start importing Assets/Scripts/Scene using Guid(97c46afda61aa4d7d8846fd5239ca750) Importer(2089858483,b0f066a214c2f5e87bad3c948f4d605d) (ScriptedImporter) -> (artifact id: '70df4a0694606b7f9f5d5c56354356ab') in 0.0012795 seconds
Number of updated asset objects reloaded before import = 0Number of asset objects unloaded after import = 1

========================================================================
Received Import Request.
  Time since last request: 0.000009 seconds.
  path: Assets/Resources/Materials/PickupTest.mat
  artifactKey: Guid(685da9ad7a2fe4dd0b7c81f9267d07e0) Importer(2089858483,b0f066a214c2f5e87bad3c948f4d605d)
Start importing Assets/Resources/Materials/PickupTest.mat using Guid(685da9ad7a2fe4dd0b7c81f9267d07e0) Importer(2089858483,b0f066a214c2f5e87bad3c948f4d605d) (ScriptedImporter) -> (artifact id: 'c3974cf88c5901d7252b9b6bf7574aef') in 0.0023754 seconds
Number of updated asset objects reloaded before import = 0Number of asset objects unloaded after import = 1

========================================================================
Received Import Request.
  Time since last request: 0.000017 seconds.
  path: Assets/Meshes/Enviroment/Hill_Zone/Materials/Material.mat
  artifactKey: Guid(5ec0f303c8eae445bb6ef6ef092f34aa) Importer(2089858483,b0f066a214c2f5e87bad3c948f4d605d)
Start importing Assets/Meshes/Enviroment/Hill_Zone/Materials/Material.mat using Guid(5ec0f303c8eae445bb6ef6ef092f34aa) Importer(2089858483,b0f066a214c2f5e87bad3c948f4d605d) (ScriptedImporter) -> (artifact id: '5b25daca5961ee171678f1bd6f057394') in 0.0037998 seconds
Number of updated asset objects reloaded before import = 0Number of asset objects unloaded after import = 1

========================================================================
Received Import Request.
  Time since last request: 0.000009 seconds.
  path: Assets/Resources/GUI/logo_fep_idle.png
  artifactKey: Guid(e0012928a2091449cb264de17b61a400) Importer(2089858483,b0f066a214c2f5e87bad3c948f4d605d)
Start importing Assets/Resources/GUI/logo_fep_idle.png using Guid(e0012928a2091449cb264de17b61a400) Importer(2089858483,b0f066a214c2f5e87bad3c948f4d605d) (ScriptedImporter) -> (artifact id: '88154d5a08a9d3cf372da8e485a85d13') in 0.010694 seconds
Number of updated asset objects reloaded before import = 0Number of asset objects unloaded after import = 3

========================================================================
Received Import Request.
  Time since last request: 0.000012 seconds.
  path: Assets/Scenes/Gyuri_Levels/Gyuri_02/ReflectionProbe-0.exr
  artifactKey: Guid(52072118482314538bef21a7a8ca544c) Importer(2089858483,b0f066a214c2f5e87bad3c948f4d605d)
Start importing Assets/Scenes/Gyuri_Levels/Gyuri_02/ReflectionProbe-0.exr using Guid(52072118482314538bef21a7a8ca544c) Importer(2089858483,b0f066a214c2f5e87bad3c948f4d605d) (ScriptedImporter) -> (artifact id: '147ec8477ddf7c6f3137066316106fc3') in 0.0036306 seconds
Number of updated asset objects reloaded before import = 0Number of asset objects unloaded after import = 1

========================================================================
Received Import Request.
  Time since last request: 0.000010 seconds.
  path: Assets/Resources/Audio/Music/Loops/A/A14_Rhythm_Percussion_Minimal_3_1bars_130bpm_stack.wav
  artifactKey: Guid(c712207edc6534e69968d292a2901121) Importer(2089858483,b0f066a214c2f5e87bad3c948f4d605d)
Start importing Assets/Resources/Audio/Music/Loops/A/A14_Rhythm_Percussion_Minimal_3_1bars_130bpm_stack.wav using Guid(c712207edc6534e69968d292a2901121) Importer(2089858483,b0f066a214c2f5e87bad3c948f4d605d) (ScriptedImporter) -> (artifact id: 'cf3f326de4fb095ea5189c411b7df2e2') in 0.0141582 seconds
Number of updated asset objects reloaded before import = 0Number of asset objects unloaded after import = 1

========================================================================
Received Import Request.
  Time since last request: 0.000012 seconds.
  path: Assets/Resources/Textures/Grid/grid_lines.png
  artifactKey: Guid(4bd135a327d0e4b23a2d9e154acd63f0) Importer(2089858483,b0f066a214c2f5e87bad3c948f4d605d)
Start importing Assets/Resources/Textures/Grid/grid_lines.png using Guid(4bd135a327d0e4b23a2d9e154acd63f0) Importer(2089858483,b0f066a214c2f5e87bad3c948f4d605d) (ScriptedImporter) -> (artifact id: 'c1a2f06a1f968ac6f3b9d142d5b7ecff') in 0.0037349 seconds
Number of updated asset objects reloaded before import = 0Number of asset objects unloaded after import = 1

========================================================================
Received Import Request.
  Time since last request: 0.000017 seconds.
  path: Assets/Resources/Audio/Music/Loops/Copia de B/B17_Rhythm_Clap_Double_4_1bars_128bpm_switch.wav.asd
  artifactKey: Guid(da706e1711f624b6398b1222d5343d50) Importer(2089858483,b0f066a214c2f5e87bad3c948f4d605d)
Start importing Assets/Resources/Audio/Music/Loops/Copia de B/B17_Rhythm_Clap_Double_4_1bars_128bpm_switch.wav.asd using Guid(da706e1711f624b6398b1222d5343d50) Importer(2089858483,b0f066a214c2f5e87bad3c948f4d605d) (ScriptedImporter) -> (artifact id: '7c9dd5f0835fb26321f11cc2277e658a') in 0.0013957 seconds
Number of updated asset objects reloaded before import = 0Number of asset objects unloaded after import = 1

========================================================================
Received Import Request.
  Time since last request: 0.000008 seconds.
  path: Assets/Scripts/Helper/LockTransform.cs
  artifactKey: Guid(638030d0ee65f47029b9bed70be80126) Importer(2089858483,b0f066a214c2f5e87bad3c948f4d605d)
Start importing Assets/Scripts/Helper/LockTransform.cs using Guid(638030d0ee65f47029b9bed70be80126) Importer(2089858483,b0f066a214c2f5e87bad3c948f4d605d) (ScriptedImporter) -> (artifact id: '4797fde030063a1ee6f886b86110f76e') in 0.0014541 seconds
Number of updated asset objects reloaded before import = 0Number of asset objects unloaded after import = 0

========================================================================
Received Import Request.
  Time since last request: 0.000010 seconds.
  path: Assets/Resources/Audio/Music/Loops/B/B30_Harmony_Piano_Octave Down_1_8bars_128bpm_switch.wav
  artifactKey: Guid(ceae5c831adcc4e6ab1dfca26a82cfd5) Importer(2089858483,b0f066a214c2f5e87bad3c948f4d605d)
Start importing Assets/Resources/Audio/Music/Loops/B/B30_Harmony_Piano_Octave Down_1_8bars_128bpm_switch.wav using Guid(ceae5c831adcc4e6ab1dfca26a82cfd5) Importer(2089858483,b0f066a214c2f5e87bad3c948f4d605d) (ScriptedImporter) -> (artifact id: '7a70641dc4857cb9b7bb1ec4bef6c2c7') in 0.0142336 seconds
Number of updated asset objects reloaded before import = 0Number of asset objects unloaded after import = 1

========================================================================
Received Import Request.
  Time since last request: 0.000011 seconds.
  path: Assets/Resources/Audio/Music/Loops/Copia de B/B48_Melody_Arpeggiator_Arpeggio_3_8bars_128bpm_switch.wav.asd
  artifactKey: Guid(511cc2d682bd945f986c3300656e2d2a) Importer(2089858483,b0f066a214c2f5e87bad3c948f4d605d)
Start importing Assets/Resources/Audio/Music/Loops/Copia de B/B48_Melody_Arpeggiator_Arpeggio_3_8bars_128bpm_switch.wav.asd using Guid(511cc2d682bd945f986c3300656e2d2a) Importer(2089858483,b0f066a214c2f5e87bad3c948f4d605d) (ScriptedImporter) -> (artifact id: 'dc3635a39cd338566ecd040ad284ccfc') in 0.001512 seconds
Number of updated asset objects reloaded before import = 0Number of asset objects unloaded after import = 1

========================================================================
Received Import Request.
  Time since last request: 0.000008 seconds.
  path: Assets/Prefabs/Enviroment/Test/TestEnvironmentSet_Juan.asset
  artifactKey: Guid(ff5efc3d28d7740cc90765097ffbb76d) Importer(2089858483,b0f066a214c2f5e87bad3c948f4d605d)
Start importing Assets/Prefabs/Enviroment/Test/TestEnvironmentSet_Juan.asset using Guid(ff5efc3d28d7740cc90765097ffbb76d) Importer(2089858483,b0f066a214c2f5e87bad3c948f4d605d) (ScriptedImporter) -> (artifact id: 'b370f7860457c2c85eb3271578b21454') in 0.0028982 seconds
Number of updated asset objects reloaded before import = 0Number of asset objects unloaded after import = 19

========================================================================
Received Import Request.
  Time since last request: 0.000012 seconds.
  path: Assets/Meshes/Actors/Player/Papair/Textures
  artifactKey: Guid(02ab9ee9b52bf4cd6b0ddec2b76381c9) Importer(2089858483,b0f066a214c2f5e87bad3c948f4d605d)
Start importing Assets/Meshes/Actors/Player/Papair/Textures using Guid(02ab9ee9b52bf4cd6b0ddec2b76381c9) Importer(2089858483,b0f066a214c2f5e87bad3c948f4d605d) (ScriptedImporter) -> (artifact id: '28c94dd019d7c6430e78af02a1b2d422') in 0.0012775 seconds
Number of updated asset objects reloaded before import = 0Number of asset objects unloaded after import = 1

========================================================================
Received Import Request.
  Time since last request: 0.000008 seconds.
  path: Assets/Resources/Audio/Music/Loops/D/rhythm_3.wav
  artifactKey: Guid(a371b07ec016246e5b997a518c5f5aae) Importer(2089858483,b0f066a214c2f5e87bad3c948f4d605d)
Start importing Assets/Resources/Audio/Music/Loops/D/rhythm_3.wav using Guid(a371b07ec016246e5b997a518c5f5aae) Importer(2089858483,b0f066a214c2f5e87bad3c948f4d605d) (ScriptedImporter) -> (artifact id: 'fbdffa94c0e415756924eaa7e8445d01') in 0.0511339 seconds
Number of updated asset objects reloaded before import = 0Number of asset objects unloaded after import = 1

========================================================================
Received Import Request.
  Time since last request: 0.000013 seconds.
  path: Assets/Meshes/Enviroment/Hill_Zone/Materials/Water Tank
  artifactKey: Guid(f3177dd8c1e6f4084b7bb4806de5d2ca) Importer(2089858483,b0f066a214c2f5e87bad3c948f4d605d)
Start importing Assets/Meshes/Enviroment/Hill_Zone/Materials/Water Tank using Guid(f3177dd8c1e6f4084b7bb4806de5d2ca) Importer(2089858483,b0f066a214c2f5e87bad3c948f4d605d) (ScriptedImporter) -> (artifact id: '4dfc622c0424b9a9711d264023c23b86') in 0.0015264 seconds
Number of updated asset objects reloaded before import = 0Number of asset objects unloaded after import = 1

========================================================================
Received Import Request.
  Time since last request: 0.000015 seconds.
  path: Assets/Meshes/Misc/Piano/Materials/No Name.mat
  artifactKey: Guid(a570f35a7fd0d0e45a7b56b4e70bb2f5) Importer(2089858483,b0f066a214c2f5e87bad3c948f4d605d)
Start importing Assets/Meshes/Misc/Piano/Materials/No Name.mat using Guid(a570f35a7fd0d0e45a7b56b4e70bb2f5) Importer(2089858483,b0f066a214c2f5e87bad3c948f4d605d) (ScriptedImporter) -> (artifact id: '1a7b5ad249c2fa241e60ee4331cd849a') in 0.0024723 seconds
Number of updated asset objects reloaded before import = 0Number of asset objects unloaded after import = 1

========================================================================
Received Import Request.
  Time since last request: 0.000008 seconds.
  path: Assets/Meshes/Actors
  artifactKey: Guid(a425653a11b6044f7b938bf6f1ad4c23) Importer(2089858483,b0f066a214c2f5e87bad3c948f4d605d)
Start importing Assets/Meshes/Actors using Guid(a425653a11b6044f7b938bf6f1ad4c23) Importer(2089858483,b0f066a214c2f5e87bad3c948f4d605d) (ScriptedImporter) -> (artifact id: '6da833ee39f135b5223cf92f68da1adf') in 0.0012112 seconds
Number of updated asset objects reloaded before import = 0Number of asset objects unloaded after import = 1

========================================================================
Received Import Request.
  Time since last request: 0.000007 seconds.
  path: Assets/Scripts/__oldStuff
  artifactKey: Guid(5d5141f061cb54e10b309be4b415e33a) Importer(2089858483,b0f066a214c2f5e87bad3c948f4d605d)
Start importing Assets/Scripts/__oldStuff using Guid(5d5141f061cb54e10b309be4b415e33a) Importer(2089858483,b0f066a214c2f5e87bad3c948f4d605d) (ScriptedImporter) -> (artifact id: 'e219c212a4044b031d704e881ac38ed6') in 0.0013296 seconds
Number of updated asset objects reloaded before import = 0Number of asset objects unloaded after import = 1

========================================================================
Received Import Request.
  Time since last request: 0.000008 seconds.
  path: Assets/Resources/Audio/Music/Loops/Copia de B/B21_Harmony_Pad_Filtered_4_8bars_128bpm_switch.wav.asd
  artifactKey: Guid(567b1ce9730cd459f8a3cf0c03d45830) Importer(2089858483,b0f066a214c2f5e87bad3c948f4d605d)
Start importing Assets/Resources/Audio/Music/Loops/Copia de B/B21_Harmony_Pad_Filtered_4_8bars_128bpm_switch.wav.asd using Guid(567b1ce9730cd459f8a3cf0c03d45830) Importer(2089858483,b0f066a214c2f5e87bad3c948f4d605d) (ScriptedImporter) -> (artifact id: '5c4276ea26aa2194d2b3c74c3ebfe29b') in 0.0012766 seconds
Number of updated asset objects reloaded before import = 0Number of asset objects unloaded after import = 1

========================================================================
Received Import Request.
  Time since last request: 0.000008 seconds.
  path: Assets/Resources/Audio/Music/Loops/Copia de B/B36_Melody_Synth_Chopped_3_8bars_128bpm_switch.wav.asd
  artifactKey: Guid(f106608a892594376bec8f5f3540708c) Importer(2089858483,b0f066a214c2f5e87bad3c948f4d605d)
Start importing Assets/Resources/Audio/Music/Loops/Copia de B/B36_Melody_Synth_Chopped_3_8bars_128bpm_switch.wav.asd using Guid(f106608a892594376bec8f5f3540708c) Importer(2089858483,b0f066a214c2f5e87bad3c948f4d605d) (ScriptedImporter) -> (artifact id: '1c40b422212967b42ff99117cd0060e8') in 0.0013515 seconds
Number of updated asset objects reloaded before import = 0Number of asset objects unloaded after import = 1

========================================================================
Received Import Request.
  Time since last request: 0.000007 seconds.
  path: Assets/Meshes/Enviroment/Hill_Zone/Materials/Textures/watertank3_texture-03.png
  artifactKey: Guid(d19a3cc4364ca4597a51e782639469b2) Importer(2089858483,b0f066a214c2f5e87bad3c948f4d605d)
Start importing Assets/Meshes/Enviroment/Hill_Zone/Materials/Textures/watertank3_texture-03.png using Guid(d19a3cc4364ca4597a51e782639469b2) Importer(2089858483,b0f066a214c2f5e87bad3c948f4d605d) (ScriptedImporter) -> (artifact id: '99ce5181f09cfed3899016f58e4175da') in 0.0037356 seconds
Number of updated asset objects reloaded before import = 0Number of asset objects unloaded after import = 1

========================================================================
Received Import Request.
  Time since last request: 0.000010 seconds.
  path: Assets/Scripts/Editor/TriggerGroupEditor.cs
  artifactKey: Guid(562d027c6610c4d88826854f804d241f) Importer(2089858483,b0f066a214c2f5e87bad3c948f4d605d)
Start importing Assets/Scripts/Editor/TriggerGroupEditor.cs using Guid(562d027c6610c4d88826854f804d241f) Importer(2089858483,b0f066a214c2f5e87bad3c948f4d605d) (ScriptedImporter) -> (artifact id: '53c1286c98bc82bb7cfd0608a06852c0') in 0.0017038 seconds
Number of updated asset objects reloaded before import = 0Number of asset objects unloaded after import = 0

========================================================================
Received Import Request.
  Time since last request: 0.000011 seconds.
  path: Assets/Resources/Materials/Sky Boxs/hills_bottom.png
  artifactKey: Guid(584df16bac31f0542ab61a313b6ffba0) Importer(2089858483,b0f066a214c2f5e87bad3c948f4d605d)
Start importing Assets/Resources/Materials/Sky Boxs/hills_bottom.png using Guid(584df16bac31f0542ab61a313b6ffba0) Importer(2089858483,b0f066a214c2f5e87bad3c948f4d605d) (ScriptedImporter) -> (artifact id: '9c54a9fdba5f56fd8836e1c59734928c') in 0.0034002 seconds
Number of updated asset objects reloaded before import = 0Number of asset objects unloaded after import = 1

========================================================================
Received Import Request.
  Time since last request: 0.000010 seconds.
  path: Assets/Meshes/Models/Letters.fbx
  artifactKey: Guid(ae5638ae894229d46a2d07a1a5d43f41) Importer(2089858483,b0f066a214c2f5e87bad3c948f4d605d)
Start importing Assets/Meshes/Models/Letters.fbx using Guid(ae5638ae894229d46a2d07a1a5d43f41) Importer(2089858483,b0f066a214c2f5e87bad3c948f4d605d) (ScriptedImporter) -> (artifact id: '0cfaf4946998b5cabdc1bc0732b10c7b') in 0.0066266 seconds
Number of updated asset objects reloaded before import = 0Number of asset objects unloaded after import = 8

========================================================================
Received Import Request.
  Time since last request: 0.000013 seconds.
  path: Assets/Meshes/Models/Sun.fbx
  artifactKey: Guid(52dbc764029984b1a8628f5f4e9928ca) Importer(2089858483,b0f066a214c2f5e87bad3c948f4d605d)
Start importing Assets/Meshes/Models/Sun.fbx using Guid(52dbc764029984b1a8628f5f4e9928ca) Importer(2089858483,b0f066a214c2f5e87bad3c948f4d605d) (ScriptedImporter) -> (artifact id: '7886d343c51227f1054768ac1e900363') in 0.0051122 seconds
Number of updated asset objects reloaded before import = 0Number of asset objects unloaded after import = 8

========================================================================
Received Import Request.
  Time since last request: 0.000017 seconds.
  path: Assets/Scripts/Scene/OnRhythm/BaseClasses/OnRhythmPeriodic.cs
  artifactKey: Guid(622b3c1564c194025976e745d6c12074) Importer(2089858483,b0f066a214c2f5e87bad3c948f4d605d)
Start importing Assets/Scripts/Scene/OnRhythm/BaseClasses/OnRhythmPeriodic.cs using Guid(622b3c1564c194025976e745d6c12074) Importer(2089858483,b0f066a214c2f5e87bad3c948f4d605d) (ScriptedImporter) -> (artifact id: 'f47c0f6854a23271d40a6e01f2f6f4c2') in 0.0016243 seconds
Number of updated asset objects reloaded before import = 0Number of asset objects unloaded after import = 0

========================================================================
Received Import Request.
  Time since last request: 0.000010 seconds.
  path: Assets/Scripts/Editor/SetupURPForEdgeDetection.cs
  artifactKey: Guid(2be2b4dc15d114e3ea89d6925535a5ba) Importer(2089858483,b0f066a214c2f5e87bad3c948f4d605d)
Start importing Assets/Scripts/Editor/SetupURPForEdgeDetection.cs using Guid(2be2b4dc15d114e3ea89d6925535a5ba) Importer(2089858483,b0f066a214c2f5e87bad3c948f4d605d) (ScriptedImporter) -> (artifact id: '6f9dc69933cb4052e461764c5e3660ee') in 0.0018788 seconds
Number of updated asset objects reloaded before import = 0Number of asset objects unloaded after import = 0

========================================================================
Received Import Request.
  Time since last request: 0.000009 seconds.
  path: Assets/Meshes/Enviroment/Hill_Zone/Horizon/horizon.FBX
  artifactKey: Guid(6e905aa2b6229e7458b40fb84431276c) Importer(2089858483,b0f066a214c2f5e87bad3c948f4d605d)
Start importing Assets/Meshes/Enviroment/Hill_Zone/Horizon/horizon.FBX using Guid(6e905aa2b6229e7458b40fb84431276c) Importer(2089858483,b0f066a214c2f5e87bad3c948f4d605d) (ScriptedImporter) -> (artifact id: '9aafa2198fc3631242ffe2cdc7aefd03') in 0.0044265 seconds
Number of updated asset objects reloaded before import = 0Number of asset objects unloaded after import = 7

========================================================================
Received Import Request.
  Time since last request: 0.000010 seconds.
  path: Assets/Prefabs/Enviroment/Hill_Zone/misc/power_line_tall.prefab
  artifactKey: Guid(f765f06099557406a9b0e68eb2c71355) Importer(2089858483,b0f066a214c2f5e87bad3c948f4d605d)
Start importing Assets/Prefabs/Enviroment/Hill_Zone/misc/power_line_tall.prefab using Guid(f765f06099557406a9b0e68eb2c71355) Importer(2089858483,b0f066a214c2f5e87bad3c948f4d605d) (ScriptedImporter) -> (artifact id: '9b66628b9063815b5928651cbc018e26') in 0.0033226 seconds
Number of updated asset objects reloaded before import = 0Number of asset objects unloaded after import = 30

========================================================================
Received Import Request.
  Time since last request: 0.000012 seconds.
  path: Assets/Meshes/Enviroment/Hill_Zone/Materials/Sky Box/bottom.png
  artifactKey: Guid(e9090d6784f931a4f81ce2c8b422f780) Importer(2089858483,b0f066a214c2f5e87bad3c948f4d605d)
Start importing Assets/Meshes/Enviroment/Hill_Zone/Materials/Sky Box/bottom.png using Guid(e9090d6784f931a4f81ce2c8b422f780) Importer(2089858483,b0f066a214c2f5e87bad3c948f4d605d) (ScriptedImporter) -> (artifact id: 'b9f49c32f9c394ba22b863c1e724833c') in 0.0043532 seconds
Number of updated asset objects reloaded before import = 0Number of asset objects unloaded after import = 1

========================================================================
Received Import Request.
  Time since last request: 0.000008 seconds.
  path: Assets/Meshes/Models/Reworked/Characters/female_02.fbx
  artifactKey: Guid(6987cc84d3d68ca439e8e5f37ff027dc) Importer(2089858483,b0f066a214c2f5e87bad3c948f4d605d)
Start importing Assets/Meshes/Models/Reworked/Characters/female_02.fbx using Guid(6987cc84d3d68ca439e8e5f37ff027dc) Importer(2089858483,b0f066a214c2f5e87bad3c948f4d605d) (ScriptedImporter) -> (artifact id: '50ae8155bf89ed770d7ccdbc75069f4e') in 0.0063081 seconds
Number of updated asset objects reloaded before import = 0Number of asset objects unloaded after import = 93

========================================================================
Received Import Request.
  Time since last request: 0.000012 seconds.
  path: Assets/Meshes/Models/Reworked/Props
  artifactKey: Guid(cf85a70e706d74c479db8a7231d388fc) Importer(2089858483,b0f066a214c2f5e87bad3c948f4d605d)
Start importing Assets/Meshes/Models/Reworked/Props using Guid(cf85a70e706d74c479db8a7231d388fc) Importer(2089858483,b0f066a214c2f5e87bad3c948f4d605d) (ScriptedImporter) -> (artifact id: '6ca099397391e8672494ad4bbfcb7ba1') in 0.0015543 seconds
Number of updated asset objects reloaded before import = 0Number of asset objects unloaded after import = 1

========================================================================
Received Import Request.
  Time since last request: 0.000010 seconds.
  path: Assets/Meshes/Actors/Player/LMaD/Planes/Materials/Textures For Plane.mat
  artifactKey: Guid(8fbaa8d371a6c416a98bb992d15e1b43) Importer(2089858483,b0f066a214c2f5e87bad3c948f4d605d)
Start importing Assets/Meshes/Actors/Player/LMaD/Planes/Materials/Textures For Plane.mat using Guid(8fbaa8d371a6c416a98bb992d15e1b43) Importer(2089858483,b0f066a214c2f5e87bad3c948f4d605d) (ScriptedImporter) -> (artifact id: '01fd2e5702b4973d91fa6dfd34abc0fa') in 0.0042772 seconds
Number of updated asset objects reloaded before import = 0Number of asset objects unloaded after import = 2

========================================================================
Received Import Request.
  Time since last request: 0.000011 seconds.
  path: Assets/Meshes/Enviroment/Hill_Zone/misc/bridge_pice01.FBX
  artifactKey: Guid(ed498792ff7d8644f8073e4df7d31a83) Importer(2089858483,b0f066a214c2f5e87bad3c948f4d605d)
Start importing Assets/Meshes/Enviroment/Hill_Zone/misc/bridge_pice01.FBX using Guid(ed498792ff7d8644f8073e4df7d31a83) Importer(2089858483,b0f066a214c2f5e87bad3c948f4d605d) (ScriptedImporter) -> (artifact id: 'e45257e28b50d7e6b20ffbd99c21e4f2') in 0.0046194 seconds
Number of updated asset objects reloaded before import = 0Number of asset objects unloaded after import = 7

========================================================================
Received Import Request.
  Time since last request: 0.000012 seconds.
  path: Assets/Resources/Audio/Music/Loops/C/soundset_C_pixel_rhythm 15_128bpm.wav
  artifactKey: Guid(b6252d6a405e94987986a3e4758ebc14) Importer(2089858483,b0f066a214c2f5e87bad3c948f4d605d)
Start importing Assets/Resources/Audio/Music/Loops/C/soundset_C_pixel_rhythm 15_128bpm.wav using Guid(b6252d6a405e94987986a3e4758ebc14) Importer(2089858483,b0f066a214c2f5e87bad3c948f4d605d) (ScriptedImporter) -> (artifact id: '3ca8a403f37c19055ba856352ae2bb5a') in 0.0183718 seconds
Number of updated asset objects reloaded before import = 0Number of asset objects unloaded after import = 1

========================================================================
Received Import Request.
  Time since last request: 0.000017 seconds.
  path: Assets/Resources/Materials/Basic/Ground
  artifactKey: Guid(ef3701418c88a1047a656286810048a5) Importer(2089858483,b0f066a214c2f5e87bad3c948f4d605d)
Start importing Assets/Resources/Materials/Basic/Ground using Guid(ef3701418c88a1047a656286810048a5) Importer(2089858483,b0f066a214c2f5e87bad3c948f4d605d) (ScriptedImporter) -> (artifact id: '11b954a5b712aa13781a420a15b871d4') in 0.0020811 seconds
Number of updated asset objects reloaded before import = 0Number of asset objects unloaded after import = 1

========================================================================
Received Import Request.
  Time since last request: 0.000010 seconds.
  path: Assets/Resources/Font/Homenaje-Regular.ttf
  artifactKey: Guid(7f3c67e6dadda4549a3b57ea7ce29835) Importer(2089858483,b0f066a214c2f5e87bad3c948f4d605d)
Start importing Assets/Resources/Font/Homenaje-Regular.ttf using Guid(7f3c67e6dadda4549a3b57ea7ce29835) Importer(2089858483,b0f066a214c2f5e87bad3c948f4d605d) (ScriptedImporter) -> (artifact id: 'ef089c469ff62343486669f697b9b494') in 0.005702 seconds
Number of updated asset objects reloaded before import = 0Number of asset objects unloaded after import = 3

========================================================================
Received Import Request.
  Time since last request: 0.000010 seconds.
  path: Assets/Meshes/Enviroment/Hill_Zone/Materials/Sky Box/Sunset Skybox_test2.mat
  artifactKey: Guid(eecb244b01e974f12a4df56f04217bf1) Importer(2089858483,b0f066a214c2f5e87bad3c948f4d605d)
Start importing Assets/Meshes/Enviroment/Hill_Zone/Materials/Sky Box/Sunset Skybox_test2.mat using Guid(eecb244b01e974f12a4df56f04217bf1) Importer(2089858483,b0f066a214c2f5e87bad3c948f4d605d) (ScriptedImporter) -> (artifact id: 'b644a73b0745c63f62f411dff464eac5') in 0.0048776 seconds
Number of updated asset objects reloaded before import = 0Number of asset objects unloaded after import = 7

========================================================================
Received Import Request.
  Time since last request: 0.000011 seconds.
  path: Assets/Resources/Audio/Music/Loops/A/A7_Rhythm_Snare_Glitch_4_2bars_130bpm_switch.wav
  artifactKey: Guid(2c2ae4515c5ee4d7aba86db7b6807437) Importer(2089858483,b0f066a214c2f5e87bad3c948f4d605d)
Start importing Assets/Resources/Audio/Music/Loops/A/A7_Rhythm_Snare_Glitch_4_2bars_130bpm_switch.wav using Guid(2c2ae4515c5ee4d7aba86db7b6807437) Importer(2089858483,b0f066a214c2f5e87bad3c948f4d605d) (ScriptedImporter) -> (artifact id: '96145fe43960a793bcbbda6cd2d6c537') in 0.013202 seconds
Number of updated asset objects reloaded before import = 0Number of asset objects unloaded after import = 1

========================================================================
Received Import Request.
  Time since last request: 0.000012 seconds.
  path: Assets/Meshes/Enviroment/Hill_Zone/misc/Materials
  artifactKey: Guid(8990b49e585d5024bbd8644d611dc623) Importer(2089858483,b0f066a214c2f5e87bad3c948f4d605d)
Start importing Assets/Meshes/Enviroment/Hill_Zone/misc/Materials using Guid(8990b49e585d5024bbd8644d611dc623) Importer(2089858483,b0f066a214c2f5e87bad3c948f4d605d) (ScriptedImporter) -> (artifact id: '9a92e7718657758fb5718841304a8bb9') in 0.0013925 seconds
Number of updated asset objects reloaded before import = 0Number of asset objects unloaded after import = 1

========================================================================
Received Import Request.
  Time since last request: 0.000010 seconds.
  path: Assets/Resources/Audio/Music/Loops/C
  artifactKey: Guid(b24ecadcb18774b8bbc2f84cd053c01a) Importer(2089858483,b0f066a214c2f5e87bad3c948f4d605d)
Start importing Assets/Resources/Audio/Music/Loops/C using Guid(b24ecadcb18774b8bbc2f84cd053c01a) Importer(2089858483,b0f066a214c2f5e87bad3c948f4d605d) (ScriptedImporter) -> (artifact id: 'bdc60b49fc57435f33ad65f4d7b8ae2c') in 0.0014704 seconds
Number of updated asset objects reloaded before import = 0Number of asset objects unloaded after import = 1

========================================================================
Received Import Request.
  Time since last request: 0.000006 seconds.
  path: Assets/Prefabs/Patterns/Pattern_66xxxx66.prefab
  artifactKey: Guid(d7c22fca35ac3bf42b5d5591ce0b1864) Importer(2089858483,b0f066a214c2f5e87bad3c948f4d605d)
Start importing Assets/Prefabs/Patterns/Pattern_66xxxx66.prefab using Guid(d7c22fca35ac3bf42b5d5591ce0b1864) Importer(2089858483,b0f066a214c2f5e87bad3c948f4d605d) (ScriptedImporter) -> (artifact id: 'b922c7cb4bdba46d487edfe775bf0a27') in 0.0052662 seconds
Number of updated asset objects reloaded before import = 0Number of asset objects unloaded after import = 87

========================================================================
Received Import Request.
  Time since last request: 0.000011 seconds.
  path: Assets/Meshes/Models/Reworked/puntoecologico_1.fbx
  artifactKey: Guid(ee20a833f441c47c68251ab54db32bb8) Importer(2089858483,b0f066a214c2f5e87bad3c948f4d605d)
Start importing Assets/Meshes/Models/Reworked/puntoecologico_1.fbx using Guid(ee20a833f441c47c68251ab54db32bb8) Importer(2089858483,b0f066a214c2f5e87bad3c948f4d605d) (ScriptedImporter) -> (artifact id: '10a7ea974e28289057bb8e736a2fd1f7') in 0.0042914 seconds
Number of updated asset objects reloaded before import = 0Number of asset objects unloaded after import = 18

========================================================================
Received Import Request.
  Time since last request: 0.000010 seconds.
  path: Assets/Meshes/Enviroment/Hill_Zone/Materials/Textures/Grass_fixed.mat
  artifactKey: Guid(c4289af3eff7f4bf9bafba2ef3465aba) Importer(2089858483,b0f066a214c2f5e87bad3c948f4d605d)
Start importing Assets/Meshes/Enviroment/Hill_Zone/Materials/Textures/Grass_fixed.mat using Guid(c4289af3eff7f4bf9bafba2ef3465aba) Importer(2089858483,b0f066a214c2f5e87bad3c948f4d605d) (ScriptedImporter) -> (artifact id: 'cbe134220842f172c1fce0e4722d9fd4') in 0.0033383 seconds
Number of updated asset objects reloaded before import = 0Number of asset objects unloaded after import = 3

========================================================================
Received Import Request.
  Time since last request: 0.000013 seconds.
  path: Assets/Scenes/artmentoring2/LightingData.asset
  artifactKey: Guid(74f56bacb5caa47c3a38469f628953b0) Importer(2089858483,b0f066a214c2f5e87bad3c948f4d605d)
Start importing Assets/Scenes/artmentoring2/LightingData.asset using Guid(74f56bacb5caa47c3a38469f628953b0) Importer(2089858483,b0f066a214c2f5e87bad3c948f4d605d) (ScriptedImporter) -> (artifact id: '496c6cf604b51d97174403dc1402de0a') in 0.0020962 seconds
Number of updated asset objects reloaded before import = 0Number of asset objects unloaded after import = 2

========================================================================
Received Import Request.
  Time since last request: 0.000015 seconds.
  path: Assets/Prefabs/Patterns/Pattern_xx7777xx.prefab
  artifactKey: Guid(1fb779f5c0f97be408131c2bb079a849) Importer(2089858483,b0f066a214c2f5e87bad3c948f4d605d)
Start importing Assets/Prefabs/Patterns/Pattern_xx7777xx.prefab using Guid(1fb779f5c0f97be408131c2bb079a849) Importer(2089858483,b0f066a214c2f5e87bad3c948f4d605d) (ScriptedImporter) -> (artifact id: '4fe36e3cbe04963b857b72bcc743ec1c') in 0.0043089 seconds
Number of updated asset objects reloaded before import = 0Number of asset objects unloaded after import = 87

========================================================================
Received Import Request.
  Time since last request: 0.000008 seconds.
  path: Assets/Resources/Audio/Music/Tracks/Test/test1_layer7_arp1.mp3
  artifactKey: Guid(f8ed47f91ee3a4171b24138d383fcc1f) Importer(2089858483,b0f066a214c2f5e87bad3c948f4d605d)
Start importing Assets/Resources/Audio/Music/Tracks/Test/test1_layer7_arp1.mp3 using Guid(f8ed47f91ee3a4171b24138d383fcc1f) Importer(2089858483,b0f066a214c2f5e87bad3c948f4d605d) (ScriptedImporter) -> (artifact id: '15440eb0699cacbf274c4dc8d6abe9a6') in 0.031279 seconds
Number of updated asset objects reloaded before import = 0Number of asset objects unloaded after import = 1

========================================================================
Received Import Request.
  Time since last request: 0.000010 seconds.
  path: Assets/Prefabs/Enviroment/Hill_Zone
  artifactKey: Guid(24048018bba146b4b829b536f77b9769) Importer(2089858483,b0f066a214c2f5e87bad3c948f4d605d)
Start importing Assets/Prefabs/Enviroment/Hill_Zone using Guid(24048018bba146b4b829b536f77b9769) Importer(2089858483,b0f066a214c2f5e87bad3c948f4d605d) (ScriptedImporter) -> (artifact id: '7e2a9b0b2f65d545369373799d6df355') in 0.0014697 seconds
Number of updated asset objects reloaded before import = 0Number of asset objects unloaded after import = 1

========================================================================
Received Import Request.
  Time since last request: 0.000012 seconds.
  path: Assets/Meshes/Actors/Player/Papair/Flightmachine.obj
  artifactKey: Guid(37891f69bdd564e18a4d87c5feef3661) Importer(2089858483,b0f066a214c2f5e87bad3c948f4d605d)
Start importing Assets/Meshes/Actors/Player/Papair/Flightmachine.obj using Guid(37891f69bdd564e18a4d87c5feef3661) Importer(2089858483,b0f066a214c2f5e87bad3c948f4d605d) (ScriptedImporter) -> (artifact id: 'b8ead3efd15060585c6051d73d2d7242') in 0.0040049 seconds
Number of updated asset objects reloaded before import = 0Number of asset objects unloaded after import = 9

========================================================================
Received Import Request.
  Time since last request: 0.000011 seconds.
  path: Assets/Meshes/Enviroment/Hill_Zone/Materials/Textures/plane008_texture-01.jpg
  artifactKey: Guid(bf316bee42ee34cc4a7b029610a637ce) Importer(2089858483,b0f066a214c2f5e87bad3c948f4d605d)
Start importing Assets/Meshes/Enviroment/Hill_Zone/Materials/Textures/plane008_texture-01.jpg using Guid(bf316bee42ee34cc4a7b029610a637ce) Importer(2089858483,b0f066a214c2f5e87bad3c948f4d605d) (ScriptedImporter) -> (artifact id: '1083c7c6d8f8ec28ba68d99a253118e4') in 0.0037005 seconds
Number of updated asset objects reloaded before import = 0Number of asset objects unloaded after import = 1

========================================================================
Received Import Request.
  Time since last request: 0.000009 seconds.
  path: Assets/Resources/Font/EaseFullRounded-Bold.ttf
  artifactKey: Guid(ebfbbd55ce5a742bab3f73e2453e08e4) Importer(2089858483,b0f066a214c2f5e87bad3c948f4d605d)
Start importing Assets/Resources/Font/EaseFullRounded-Bold.ttf using Guid(ebfbbd55ce5a742bab3f73e2453e08e4) Importer(2089858483,b0f066a214c2f5e87bad3c948f4d605d) (ScriptedImporter) -> (artifact id: 'e339c230220f98c4c69468b957c02480') in 0.0027859 seconds
Number of updated asset objects reloaded before import = 0Number of asset objects unloaded after import = 3

========================================================================
Received Import Request.
  Time since last request: 0.000010 seconds.
  path: Assets/Resources/Audio/Music/Loops/B/B15_Rhythm_Clap_Minimal_2_1bars_128bpm_switch.wav
  artifactKey: Guid(277c29fb87175417192464d969d2e674) Importer(2089858483,b0f066a214c2f5e87bad3c948f4d605d)
Start importing Assets/Resources/Audio/Music/Loops/B/B15_Rhythm_Clap_Minimal_2_1bars_128bpm_switch.wav using Guid(277c29fb87175417192464d969d2e674) Importer(2089858483,b0f066a214c2f5e87bad3c948f4d605d) (ScriptedImporter) -> (artifact id: 'e062d89f535606de4bcef90a5362926a') in 0.0143391 seconds
Number of updated asset objects reloaded before import = 0Number of asset objects unloaded after import = 1

========================================================================
Received Import Request.
  Time since last request: 0.000011 seconds.
  path: Assets/Scripts/Rendering/EdgeDetectionFeature.cs
  artifactKey: Guid(e457be737e584682b6a09199c65a4c4f) Importer(2089858483,b0f066a214c2f5e87bad3c948f4d605d)
Start importing Assets/Scripts/Rendering/EdgeDetectionFeature.cs using Guid(e457be737e584682b6a09199c65a4c4f) Importer(2089858483,b0f066a214c2f5e87bad3c948f4d605d) (ScriptedImporter) -> (artifact id: '4a0fd92edcf30b2ecbb69ce711f3a065') in 0.0015259 seconds
Number of updated asset objects reloaded before import = 0Number of asset objects unloaded after import = 0

========================================================================
Received Import Request.
  Time since last request: 0.000017 seconds.
  path: Assets/Resources/Materials/Basic/White_SemiTransparent.mat
  artifactKey: Guid(7cf8a0ed339de4c59baf4a6081e82bf5) Importer(2089858483,b0f066a214c2f5e87bad3c948f4d605d)
Start importing Assets/Resources/Materials/Basic/White_SemiTransparent.mat using Guid(7cf8a0ed339de4c59baf4a6081e82bf5) Importer(2089858483,b0f066a214c2f5e87bad3c948f4d605d) (ScriptedImporter) -> (artifact id: '7d92dcef9bd46344089376e7ef7e0a0b') in 0.0025514 seconds
Number of updated asset objects reloaded before import = 0Number of asset objects unloaded after import = 1

========================================================================
Received Import Request.
  Time since last request: 0.000008 seconds.
  path: Assets/Resources/Audio/Music/Loops/D/arp_3.wav
  artifactKey: Guid(c05aa6b3b26f24232bb5874acc28d724) Importer(2089858483,b0f066a214c2f5e87bad3c948f4d605d)
Start importing Assets/Resources/Audio/Music/Loops/D/arp_3.wav using Guid(c05aa6b3b26f24232bb5874acc28d724) Importer(2089858483,b0f066a214c2f5e87bad3c948f4d605d) (ScriptedImporter) -> (artifact id: '666c7dab388385c31af90eb8c75681d2') in 0.0492206 seconds
Number of updated asset objects reloaded before import = 0Number of asset objects unloaded after import = 1

========================================================================
Received Import Request.
  Time since last request: 0.000012 seconds.
  path: Assets/Resources/Audio/Data/SoundSet_A.asset
  artifactKey: Guid(ee2901aa01cae4ddeb2847ba9f0dc35a) Importer(2089858483,b0f066a214c2f5e87bad3c948f4d605d)
Start importing Assets/Resources/Audio/Data/SoundSet_A.asset using Guid(ee2901aa01cae4ddeb2847ba9f0dc35a) Importer(2089858483,b0f066a214c2f5e87bad3c948f4d605d) (ScriptedImporter) -> (artifact id: 'eb58fc30d288773b8f9a6cc02ae4aa1a') in 0.0149926 seconds
Number of updated asset objects reloaded before import = 0Number of asset objects unloaded after import = 27

========================================================================
Received Import Request.
  Time since last request: 0.000014 seconds.
  path: Assets/Resources/Audio/Music/Loops/Copia de B/B33_Harmony_Piano_Chopped_4_8bars_128bpm_switch.wav.asd
  artifactKey: Guid(d369aa9a4817f43c694876250fddd2d9) Importer(2089858483,b0f066a214c2f5e87bad3c948f4d605d)
Start importing Assets/Resources/Audio/Music/Loops/Copia de B/B33_Harmony_Piano_Chopped_4_8bars_128bpm_switch.wav.asd using Guid(d369aa9a4817f43c694876250fddd2d9) Importer(2089858483,b0f066a214c2f5e87bad3c948f4d605d) (ScriptedImporter) -> (artifact id: '4e549fa403b8e3a32fb82217d2ed7018') in 0.0014527 seconds
Number of updated asset objects reloaded before import = 0Number of asset objects unloaded after import = 1

========================================================================
Received Import Request.
  Time since last request: 0.000009 seconds.
  path: Assets/Scripts/Scene/FaderGroup.cs
  artifactKey: Guid(8917aa31287e8479c8a830a17d3009d9) Importer(2089858483,b0f066a214c2f5e87bad3c948f4d605d)
Start importing Assets/Scripts/Scene/FaderGroup.cs using Guid(8917aa31287e8479c8a830a17d3009d9) Importer(2089858483,b0f066a214c2f5e87bad3c948f4d605d) (ScriptedImporter) -> (artifact id: '30d78cc67383bdfb2bede3a3dbe875c4') in 0.0014527 seconds
Number of updated asset objects reloaded before import = 0Number of asset objects unloaded after import = 0

========================================================================
Received Import Request.
  Time since last request: 0.000012 seconds.
  path: Assets/Meshes/Misc/Crown
  artifactKey: Guid(391671ab016ebce4bb3a0b55f67fbc41) Importer(2089858483,b0f066a214c2f5e87bad3c948f4d605d)
Start importing Assets/Meshes/Misc/Crown using Guid(391671ab016ebce4bb3a0b55f67fbc41) Importer(2089858483,b0f066a214c2f5e87bad3c948f4d605d) (ScriptedImporter) -> (artifact id: '316f117cf32d0063ab7fac3df09b501a') in 0.0014519 seconds
Number of updated asset objects reloaded before import = 0Number of asset objects unloaded after import = 1

========================================================================
Received Import Request.
  Time since last request: 0.000012 seconds.
  path: Assets/Resources/Audio/Music/Loops/Copia de B/B7_Rhythm_Hi Hat_Minimal_2_1bars_128bpm_switch.wav.asd
  artifactKey: Guid(daeaeaa5572854485a77b1d9f0639fa2) Importer(2089858483,b0f066a214c2f5e87bad3c948f4d605d)
Start importing Assets/Resources/Audio/Music/Loops/Copia de B/B7_Rhythm_Hi Hat_Minimal_2_1bars_128bpm_switch.wav.asd using Guid(daeaeaa5572854485a77b1d9f0639fa2) Importer(2089858483,b0f066a214c2f5e87bad3c948f4d605d) (ScriptedImporter) -> (artifact id: '69c4c1b86c03ecd2d701532e80e82062') in 0.0015687 seconds
Number of updated asset objects reloaded before import = 0Number of asset objects unloaded after import = 1

========================================================================
Received Import Request.
  Time since last request: 0.000015 seconds.
  path: Assets/Meshes/Enviroment/Hill_Zone/Materials/Sky Box/v2
  artifactKey: Guid(2b20717b798838247acdd0c11c674b94) Importer(2089858483,b0f066a214c2f5e87bad3c948f4d605d)
Start importing Assets/Meshes/Enviroment/Hill_Zone/Materials/Sky Box/v2 using Guid(2b20717b798838247acdd0c11c674b94) Importer(2089858483,b0f066a214c2f5e87bad3c948f4d605d) (ScriptedImporter) -> (artifact id: 'd36f7dc6fb21065b32337b2156ccf610') in 0.0013554 seconds
Number of updated asset objects reloaded before import = 0Number of asset objects unloaded after import = 1

========================================================================
Received Import Request.
  Time since last request: 0.000008 seconds.
  path: Assets/Meshes/Enviroment/Hill_Zone/misc/sunflower.fbx
  artifactKey: Guid(da70f4ab960dd422991cab2e652507bb) Importer(2089858483,b0f066a214c2f5e87bad3c948f4d605d)
Start importing Assets/Meshes/Enviroment/Hill_Zone/misc/sunflower.fbx using Guid(da70f4ab960dd422991cab2e652507bb) Importer(2089858483,b0f066a214c2f5e87bad3c948f4d605d) (ScriptedImporter) -> (artifact id: '55ae79f37b381007ac3d392a69ec81a1') in 0.0056246 seconds
Number of updated asset objects reloaded before import = 0Number of asset objects unloaded after import = 49

========================================================================
Received Import Request.
  Time since last request: 0.000011 seconds.
  path: Assets/Scripts/Helper/Grid.cs
  artifactKey: Guid(cdbe903619976417b903ea3a4347e995) Importer(2089858483,b0f066a214c2f5e87bad3c948f4d605d)
Start importing Assets/Scripts/Helper/Grid.cs using Guid(cdbe903619976417b903ea3a4347e995) Importer(2089858483,b0f066a214c2f5e87bad3c948f4d605d) (ScriptedImporter) -> (artifact id: '110f7730017ee98774e82878a19f11c3') in 0.0023307 seconds
Number of updated asset objects reloaded before import = 0Number of asset objects unloaded after import = 0

========================================================================
Received Import Request.
  Time since last request: 0.000008 seconds.
  path: Assets/Meshes/Misc/tmp/wall_01.FBX
  artifactKey: Guid(bc935b433d8f8420a9165af132888030) Importer(2089858483,b0f066a214c2f5e87bad3c948f4d605d)
Start importing Assets/Meshes/Misc/tmp/wall_01.FBX using Guid(bc935b433d8f8420a9165af132888030) Importer(2089858483,b0f066a214c2f5e87bad3c948f4d605d) (ScriptedImporter) -> (artifact id: '3340a0a979bb7a099bd774263c30ef0c') in 0.0055636 seconds
Number of updated asset objects reloaded before import = 0Number of asset objects unloaded after import = 10

========================================================================
Received Import Request.
  Time since last request: 0.000011 seconds.
  path: Assets/Meshes/Enviroment/Trippy_Zone/spiral_end_pice.FBX
  artifactKey: Guid(182fd199999ce2d45b7f2ddfc9c42047) Importer(2089858483,b0f066a214c2f5e87bad3c948f4d605d)
Start importing Assets/Meshes/Enviroment/Trippy_Zone/spiral_end_pice.FBX using Guid(182fd199999ce2d45b7f2ddfc9c42047) Importer(2089858483,b0f066a214c2f5e87bad3c948f4d605d) (ScriptedImporter) -> (artifact id: '6879b225f9070d02b2093033af75b458') in 0.0053606 seconds
Number of updated asset objects reloaded before import = 0Number of asset objects unloaded after import = 10

========================================================================
Received Import Request.
  Time since last request: 0.000011 seconds.
  path: Assets/Resources/Audio/Music/Loops/B/B41_Melody_Synth 2_Half Tempo_4_8bars_128bpm_switch.wav.asd
  artifactKey: Guid(6e7c6c80b4e374f9d85db2b02cab5538) Importer(2089858483,b0f066a214c2f5e87bad3c948f4d605d)
Start importing Assets/Resources/Audio/Music/Loops/B/B41_Melody_Synth 2_Half Tempo_4_8bars_128bpm_switch.wav.asd using Guid(6e7c6c80b4e374f9d85db2b02cab5538) Importer(2089858483,b0f066a214c2f5e87bad3c948f4d605d) (ScriptedImporter) -> (artifact id: 'a8066fd78df59bad04a81a0e58663e3c') in 0.0014574 seconds
Number of updated asset objects reloaded before import = 0Number of asset objects unloaded after import = 1

========================================================================
Received Import Request.
  Time since last request: 0.000009 seconds.
  path: Assets/Scripts/Scene/Trigger/BaseClasses/Trigger.cs
  artifactKey: Guid(2fe491c4aaa904d2b9179b8647d1ab6c) Importer(2089858483,b0f066a214c2f5e87bad3c948f4d605d)
Start importing Assets/Scripts/Scene/Trigger/BaseClasses/Trigger.cs using Guid(2fe491c4aaa904d2b9179b8647d1ab6c) Importer(2089858483,b0f066a214c2f5e87bad3c948f4d605d) (ScriptedImporter) -> (artifact id: 'b50ec8f4b84455d187545fb138cec65e') in 0.0016138 seconds
Number of updated asset objects reloaded before import = 0Number of asset objects unloaded after import = 0

========================================================================
Received Import Request.
  Time since last request: 0.000010 seconds.
  path: Assets/Resources/Materials/Basic
  artifactKey: Guid(17e3f2d03f6f04c0ab535dd42a388790) Importer(2089858483,b0f066a214c2f5e87bad3c948f4d605d)
Start importing Assets/Resources/Materials/Basic using Guid(17e3f2d03f6f04c0ab535dd42a388790) Importer(2089858483,b0f066a214c2f5e87bad3c948f4d605d) (ScriptedImporter) -> (artifact id: '33f1eca8fcc29e2c93b42cb05b80b7f6') in 0.0015247 seconds
Number of updated asset objects reloaded before import = 0Number of asset objects unloaded after import = 1

========================================================================
Received Import Request.
  Time since last request: 0.000008 seconds.
  path: Assets/Settings
  artifactKey: Guid(5bf9c137e41554b3fb9d165e13b64570) Importer(2089858483,b0f066a214c2f5e87bad3c948f4d605d)
Start importing Assets/Settings using Guid(5bf9c137e41554b3fb9d165e13b64570) Importer(2089858483,b0f066a214c2f5e87bad3c948f4d605d) (ScriptedImporter) -> (artifact id: 'fb933a26834085925cff2076824c2314') in 0.0012709 seconds
Number of updated asset objects reloaded before import = 0Number of asset objects unloaded after import = 1

========================================================================
Received Import Request.
  Time since last request: 0.000015 seconds.
  path: Assets/Meshes/Enviroment/Hill_Zone/flat.FBX
  artifactKey: Guid(4aa59ddc5f62c1041a5f267a4d054e71) Importer(2089858483,b0f066a214c2f5e87bad3c948f4d605d)
Start importing Assets/Meshes/Enviroment/Hill_Zone/flat.FBX using Guid(4aa59ddc5f62c1041a5f267a4d054e71) Importer(2089858483,b0f066a214c2f5e87bad3c948f4d605d) (ScriptedImporter) -> (artifact id: 'c727f48c6f0ce538b85ea49f7d7d4ec0') in 0.007404 seconds
Number of updated asset objects reloaded before import = 0Number of asset objects unloaded after import = 26

========================================================================
Received Import Request.
  Time since last request: 0.000020 seconds.
  path: Assets/Prefabs/Enviroment/Hill_Zone/temp
  artifactKey: Guid(7e8651fdbb1c0ab408984cc09c571a65) Importer(2089858483,b0f066a214c2f5e87bad3c948f4d605d)
Start importing Assets/Prefabs/Enviroment/Hill_Zone/temp using Guid(7e8651fdbb1c0ab408984cc09c571a65) Importer(2089858483,b0f066a214c2f5e87bad3c948f4d605d) (ScriptedImporter) -> (artifact id: '1a1f73587661463c917a77eabac1e3a7') in 0.001493 seconds
Number of updated asset objects reloaded before import = 0Number of asset objects unloaded after import = 1

========================================================================
Received Import Request.
  Time since last request: 0.000010 seconds.
  path: Assets/Meshes/Misc/Fancy Wall/Material/Glitter2.mat
  artifactKey: Guid(f5d6a93a011c2483f85f7a5564a1ce91) Importer(2089858483,b0f066a214c2f5e87bad3c948f4d605d)
Start importing Assets/Meshes/Misc/Fancy Wall/Material/Glitter2.mat using Guid(f5d6a93a011c2483f85f7a5564a1ce91) Importer(2089858483,b0f066a214c2f5e87bad3c948f4d605d) (ScriptedImporter) -> (artifact id: '19fd82bbbcb09f6958805a3b2ff65a4e') in 0.0029337 seconds
Number of updated asset objects reloaded before import = 0Number of asset objects unloaded after import = 2

========================================================================
Received Import Request.
  Time since last request: 0.000010 seconds.
  path: Assets/Meshes/Enviroment/Hill_Zone/Materials/Wind Turbine/windturbine_sphere.mat
  artifactKey: Guid(1b83c58658c9649d2a7e9e426220265b) Importer(2089858483,b0f066a214c2f5e87bad3c948f4d605d)
Start importing Assets/Meshes/Enviroment/Hill_Zone/Materials/Wind Turbine/windturbine_sphere.mat using Guid(1b83c58658c9649d2a7e9e426220265b) Importer(2089858483,b0f066a214c2f5e87bad3c948f4d605d) (ScriptedImporter) -> (artifact id: '4df06e2722aa4fc15428b29acac29b72') in 0.0029517 seconds
Number of updated asset objects reloaded before import = 0Number of asset objects unloaded after import = 2

========================================================================
Received Import Request.
  Time since last request: 0.000008 seconds.
  path: Assets/Prefabs/Particles/EmitParticlesOnRhythm.prefab
  artifactKey: Guid(075fb459a55624fd3b0d2a830fc2db43) Importer(2089858483,b0f066a214c2f5e87bad3c948f4d605d)
Start importing Assets/Prefabs/Particles/EmitParticlesOnRhythm.prefab using Guid(075fb459a55624fd3b0d2a830fc2db43) Importer(2089858483,b0f066a214c2f5e87bad3c948f4d605d) (ScriptedImporter) -> (artifact id: '0103354672c246ef1bec5390332b46a4') in 0.0059276 seconds
Number of updated asset objects reloaded before import = 0Number of asset objects unloaded after import = 9

========================================================================
Received Import Request.
  Time since last request: 0.000012 seconds.
  path: Assets/Prefabs/__test/Cube_C.prefab
  artifactKey: Guid(75409b33c503d4022835ff3a9ab5b022) Importer(2089858483,b0f066a214c2f5e87bad3c948f4d605d)
Start importing Assets/Prefabs/__test/Cube_C.prefab using Guid(75409b33c503d4022835ff3a9ab5b022) Importer(2089858483,b0f066a214c2f5e87bad3c948f4d605d) (ScriptedImporter) -> (artifact id: 'bfc24d801c957a934c0c05a8d856043b') in 0.0049062 seconds
Number of updated asset objects reloaded before import = 0Number of asset objects unloaded after import = 9

========================================================================
Received Import Request.
  Time since last request: 0.000009 seconds.
  path: Assets/Resources/Audio/Music/Loops/C/soundset_C_trippy_harmony 1_128bpm.wav
  artifactKey: Guid(9e6ffac90a7e24d76aa1e02087c8f0a6) Importer(2089858483,b0f066a214c2f5e87bad3c948f4d605d)
Start importing Assets/Resources/Audio/Music/Loops/C/soundset_C_trippy_harmony 1_128bpm.wav using Guid(9e6ffac90a7e24d76aa1e02087c8f0a6) Importer(2089858483,b0f066a214c2f5e87bad3c948f4d605d) (ScriptedImporter) -> (artifact id: 'd0c555aaf2855c0885c804cbe7d8daf5') in 0.0802321 seconds
Number of updated asset objects reloaded before import = 0Number of asset objects unloaded after import = 1

========================================================================
Received Import Request.
  Time since last request: 0.000013 seconds.
  path: Assets/Meshes/Enviroment/Hill_Zone/Fix/mid_fix.FBX
  artifactKey: Guid(a6a3a736ff6c79d4194dec02b7aa6491) Importer(2089858483,b0f066a214c2f5e87bad3c948f4d605d)
Start importing Assets/Meshes/Enviroment/Hill_Zone/Fix/mid_fix.FBX using Guid(a6a3a736ff6c79d4194dec02b7aa6491) Importer(2089858483,b0f066a214c2f5e87bad3c948f4d605d) (ScriptedImporter) -> (artifact id: '973605517f714445aa18b00cfc29d332') in 0.0047283 seconds
Number of updated asset objects reloaded before import = 0Number of asset objects unloaded after import = 7

========================================================================
Received Import Request.
  Time since last request: 0.000017 seconds.
  path: Assets/Scripts/Editor/Editor.asmdef
  artifactKey: Guid(f4008e565e7194514b5ec8a4e5adeb50) Importer(2089858483,b0f066a214c2f5e87bad3c948f4d605d)
Start importing Assets/Scripts/Editor/Editor.asmdef using Guid(f4008e565e7194514b5ec8a4e5adeb50) Importer(2089858483,b0f066a214c2f5e87bad3c948f4d605d) (ScriptedImporter) -> (artifact id: '27f002d51992634e9657a5fabbdcbfc1') in 0.0015163 seconds
Number of updated asset objects reloaded before import = 0Number of asset objects unloaded after import = 1

========================================================================
Received Import Request.
  Time since last request: 0.000012 seconds.
  path: Assets/Prefabs/Enviroment/Hill_Zone/Flat.prefab
  artifactKey: Guid(56cd25887876a3b4dac17f23588c5d73) Importer(2089858483,b0f066a214c2f5e87bad3c948f4d605d)
Start importing Assets/Prefabs/Enviroment/Hill_Zone/Flat.prefab using Guid(56cd25887876a3b4dac17f23588c5d73) Importer(2089858483,b0f066a214c2f5e87bad3c948f4d605d) (ScriptedImporter) -> (artifact id: 'fb313d70330fbf2b759cd7c3c489f24f') in 0.0438278 seconds
Number of updated asset objects reloaded before import = 0Number of asset objects unloaded after import = 9506

========================================================================
Received Import Request.
  Time since last request: 0.000015 seconds.
  path: Assets/Meshes/Models/Reworked
  artifactKey: Guid(5b4f9286e624f324f9703ca856a99444) Importer(2089858483,b0f066a214c2f5e87bad3c948f4d605d)
Start importing Assets/Meshes/Models/Reworked using Guid(5b4f9286e624f324f9703ca856a99444) Importer(2089858483,b0f066a214c2f5e87bad3c948f4d605d) (ScriptedImporter) -> (artifact id: 'bcad1ac0085aeeac6425a0eecc6e7af6') in 0.001736 seconds
Number of updated asset objects reloaded before import = 0Number of asset objects unloaded after import = 1

========================================================================
Received Import Request.
  Time since last request: 0.000008 seconds.
  path: Assets/Prefabs/Enviroment/Hill_Zone/TunnelEntrance.prefab
  artifactKey: Guid(9bbe806a4f189ce4ea867ecb8e2fa008) Importer(2089858483,b0f066a214c2f5e87bad3c948f4d605d)
Start importing Assets/Prefabs/Enviroment/Hill_Zone/TunnelEntrance.prefab using Guid(9bbe806a4f189ce4ea867ecb8e2fa008) Importer(2089858483,b0f066a214c2f5e87bad3c948f4d605d) (ScriptedImporter) -> (artifact id: 'fd32a5b4a78564482605bb13935cf1da') in 0.0093426 seconds
Number of updated asset objects reloaded before import = 0Number of asset objects unloaded after import = 840

========================================================================
Received Prepare
Begin MonoManager ReloadAssembly
ADTM: Control thread waiting for realtime thread timed out, have to lock...
- Loaded All Assemblies, in  1.680 seconds
Script 'Grid' has the same name as built-in Unity component.
AddComponent and GetComponent will not work with this script.
Refreshing native plugins compatible for Editor in 0.57 ms, found 1 plugins.
Native extension for WindowsStandalone target not found
Native extension for WebGL target not found
[Package Manager] Failed to launch server process. Reason: Unity was launched with the -noUpm command-line argument
[Package Manager] Unable to send message (not connected to server process).
[Package Manager] Cannot connect to Unity Package Manager local server
ScheduleIndexationOnStartup MainProcess:False IndexOnStartup:True
Mono: successfully reloaded assembly
- Finished resetting the current domain, in  0.444 seconds
Domain Reload Profiling: 2097ms
	BeginReloadAssembly (1260ms)
		ExecutionOrderSort (0ms)
		DisableScriptedObjects (4ms)
		BackupInstance (0ms)
		ReleaseScriptingObjects (0ms)
		CreateAndSetChildDomain (1045ms)
	RebuildCommonClasses (36ms)
	RebuildNativeTypeToScriptingClass (14ms)
	initialDomainReloadingComplete (49ms)
	LoadAllAssembliesAndSetupDomain (294ms)
		LoadAssemblies (370ms)
		RebuildTransferFunctionScriptingTraits (0ms)
		AnalyzeDomain (83ms)
			TypeCache.Refresh (4ms)
				TypeCache.ScanAssembly (0ms)
			BuildScriptInfoCaches (69ms)
			ResolveRequiredComponents (8ms)
	FinalizeReload (444ms)
		ReleaseScriptCaches (0ms)
		RebuildScriptCaches (0ms)
		SetupLoadedEditorAssemblies (316ms)
			LogAssemblyErrors (0ms)
			InitializePlatformSupportModulesInManaged (2ms)
			SetLoadedEditorAssemblies (4ms)
			BeforeProcessingInitializeOnLoad (112ms)
			ProcessInitializeOnLoadAttributes (126ms)
			ProcessInitializeOnLoadMethodAttributes (50ms)
			AfterProcessingInitializeOnLoad (21ms)
			EditorAssembliesLoaded (0ms)
		ExecutionOrderSort2 (0ms)
		AwakeInstancesAfterBackupRestoration (13ms)
Refreshing native plugins compatible for Editor in 0.46 ms, found 1 plugins.
Preloading 0 native plugins for Editor in 0.00 ms.
Unloading 17 Unused Serialized files (Serialized files now loaded: 0)
Unloading 3272 unused Assets / (3.2 MB). Loaded Objects now: 4109.
Memory consumption went from 154.0 MB to 150.8 MB.
Total: 5.044400 ms (FindLiveObjects: 0.557400 ms CreateObjectMapping: 0.168100 ms MarkObjects: 3.296100 ms  DeleteObjects: 1.021900 ms)

Prepare: number of updated asset objects reloaded= 0
========================================================================
Received Import Request.
  Time since last request: 92.681648 seconds.
  path: Assets/Prefabs/Enviroment
  artifactKey: Guid(d98ed290ae9ea7449bfd156919de3fa8) Importer(815301076,1909f56bfc062723c751e8b465ee728b)
Start importing Assets/Prefabs/Enviroment using Guid(d98ed290ae9ea7449bfd156919de3fa8) Importer(815301076,1909f56bfc062723c751e8b465ee728b) (PreviewImporter) -> (artifact id: '2eeed55ccc6aec214ad0e5c72503c770') in 0.0052195 seconds
Number of updated asset objects reloaded before import = 0Number of asset objects unloaded after import = 0

========================================================================
Received Import Request.
  Time since last request: 3.580377 seconds.
  path: Assets/Prefabs/Enviroment/Hill_Zone
  artifactKey: Guid(24048018bba146b4b829b536f77b9769) Importer(815301076,1909f56bfc062723c751e8b465ee728b)
Start importing Assets/Prefabs/Enviroment/Hill_Zone using Guid(24048018bba146b4b829b536f77b9769) Importer(815301076,1909f56bfc062723c751e8b465ee728b) (PreviewImporter) -> (artifact id: '862aca1f490b2b38d6b49c0cf8ebb4a7') in 0.000628 seconds
Number of updated asset objects reloaded before import = 0Number of asset objects unloaded after import = 0

========================================================================
Received Import Request.
  Time since last request: 2.742392 seconds.
  path: Assets/Prefabs/Enviroment/Hill_Zone/FlatBridge.prefab
  artifactKey: Guid(5063a6a303a2b4b40bd43b83dfbe57e7) Importer(815301076,1909f56bfc062723c751e8b465ee728b)
Start importing Assets/Prefabs/Enviroment/Hill_Zone/FlatBridge.prefab using Guid(5063a6a303a2b4b40bd43b83dfbe57e7) Importer(815301076,1909f56bfc062723c751e8b465ee728b) (PreviewImporter) -> (artifact id: 'c811bb23047aa34a21beea93454e8973') in 0.7520866 seconds
Number of updated asset objects reloaded before import = 0Number of asset objects unloaded after import = 2336

========================================================================
Received Import Request.
  Time since last request: 0.415774 seconds.
  path: Assets/Prefabs/Enviroment/Hill_Zone/FlatBridgeToFlat.prefab
  artifactKey: Guid(4f16488df0ccd1142b21ed55047ee4de) Importer(815301076,1909f56bfc062723c751e8b465ee728b)
Start importing Assets/Prefabs/Enviroment/Hill_Zone/FlatBridgeToFlat.prefab using Guid(4f16488df0ccd1142b21ed55047ee4de) Importer(815301076,1909f56bfc062723c751e8b465ee728b) (PreviewImporter) -> (artifact id: '6b783c37893a93dfbda5fcbb36151326') in 0.2304805 seconds
Number of updated asset objects reloaded before import = 0Number of asset objects unloaded after import = 2683

========================================================================
Received Import Request.
  Time since last request: 1.380705 seconds.
  path: Assets/Prefabs/Enviroment/Hill_Zone/FlatBridge.prefab
  artifactKey: Guid(5063a6a303a2b4b40bd43b83dfbe57e7) Importer(815301076,1909f56bfc062723c751e8b465ee728b)
Start importing Assets/Prefabs/Enviroment/Hill_Zone/FlatBridge.prefab using Guid(5063a6a303a2b4b40bd43b83dfbe57e7) Importer(815301076,1909f56bfc062723c751e8b465ee728b) (PreviewImporter) -> (artifact id: 'd67a50253d4c89cdeaf637f3fa9302dd') in 0.0406248 seconds
Number of updated asset objects reloaded before import = 0Number of asset objects unloaded after import = 2335

========================================================================
Received Import Request.
  Time since last request: 0.243221 seconds.
  path: Assets/Prefabs/Enviroment/Hill_Zone/Flat.prefab
  artifactKey: Guid(56cd25887876a3b4dac17f23588c5d73) Importer(815301076,1909f56bfc062723c751e8b465ee728b)
Start importing Assets/Prefabs/Enviroment/Hill_Zone/Flat.prefab using Guid(56cd25887876a3b4dac17f23588c5d73) Importer(815301076,1909f56bfc062723c751e8b465ee728b) (PreviewImporter) -> (artifact id: '6850d6be3ac29edd49fa60f73a3a6a6f') in 0.1136115 seconds
Number of updated asset objects reloaded before import = 0Number of asset objects unloaded after import = 17361

========================================================================
Received Import Request.
  Time since last request: 0.449351 seconds.
  path: Assets/Prefabs/Enviroment/Hill_Zone/FlatToFlatBridge.prefab
  artifactKey: Guid(179dbb292dfbe474499767120799d723) Importer(815301076,1909f56bfc062723c751e8b465ee728b)
Start importing Assets/Prefabs/Enviroment/Hill_Zone/FlatToFlatBridge.prefab using Guid(179dbb292dfbe474499767120799d723) Importer(815301076,1909f56bfc062723c751e8b465ee728b) (PreviewImporter) -> (artifact id: 'd40452ba96bd3f5602e09463bb1e1cfa') in 0.180709 seconds
Number of updated asset objects reloaded before import = 0Number of asset objects unloaded after import = 2206

========================================================================
Received Import Request.
  Time since last request: 0.044735 seconds.
  path: Assets/Prefabs/Enviroment/Hill_Zone/LowStraight.prefab
  artifactKey: Guid(5dc11e73d5d0b064a885bfb96cd3aee1) Importer(815301076,1909f56bfc062723c751e8b465ee728b)
Start importing Assets/Prefabs/Enviroment/Hill_Zone/LowStraight.prefab using Guid(5dc11e73d5d0b064a885bfb96cd3aee1) Importer(815301076,1909f56bfc062723c751e8b465ee728b) (PreviewImporter) -> (artifact id: 'bac0d7d7c011268efc9db4999ed17d1d') in 0.1166024 seconds
Number of updated asset objects reloaded before import = 0Number of asset objects unloaded after import = 15852

========================================================================
Received Import Request.
  Time since last request: 0.740355 seconds.
  path: Assets/Prefabs/Enviroment/Hill_Zone/TunnelEntrance.prefab
  artifactKey: Guid(9bbe806a4f189ce4ea867ecb8e2fa008) Importer(815301076,1909f56bfc062723c751e8b465ee728b)
Start importing Assets/Prefabs/Enviroment/Hill_Zone/TunnelEntrance.prefab using Guid(9bbe806a4f189ce4ea867ecb8e2fa008) Importer(815301076,1909f56bfc062723c751e8b465ee728b) (PreviewImporter) -> (artifact id: 'ba1c5bc06cab8681655287f1f444a044') in 0.0274786 seconds
Number of updated asset objects reloaded before import = 0Number of asset objects unloaded after import = 952

========================================================================
Received Import Request.
  Time since last request: 75.388098 seconds.
  path: Assets/Prefabs/Enviroment/Hill_Zone/Flat.prefab
  artifactKey: Guid(56cd25887876a3b4dac17f23588c5d73) Importer(815301076,1909f56bfc062723c751e8b465ee728b)
Start importing Assets/Prefabs/Enviroment/Hill_Zone/Flat.prefab using Guid(56cd25887876a3b4dac17f23588c5d73) Importer(815301076,1909f56bfc062723c751e8b465ee728b) (PreviewImporter) -> (artifact id: 'f51aab67037689ff36a244be407994c5') in 0.1226825 seconds
Number of updated asset objects reloaded before import = 0Number of asset objects unloaded after import = 17361

========================================================================
Received Import Request.
  Time since last request: 0.343732 seconds.
  path: Assets/Prefabs/Enviroment/Hill_Zone/FlatBridgeToFlat.prefab
  artifactKey: Guid(4f16488df0ccd1142b21ed55047ee4de) Importer(815301076,1909f56bfc062723c751e8b465ee728b)
Start importing Assets/Prefabs/Enviroment/Hill_Zone/FlatBridgeToFlat.prefab using Guid(4f16488df0ccd1142b21ed55047ee4de) Importer(815301076,1909f56bfc062723c751e8b465ee728b) (PreviewImporter) -> (artifact id: 'd334ec382a1b4f97961e314e27bf624e') in 0.0421882 seconds
Number of updated asset objects reloaded before import = 0Number of asset objects unloaded after import = 2683

========================================================================
Received Import Request.
  Time since last request: 25.650716 seconds.
  path: Assets/Prefabs/Enviroment/Hill_Zone/HighStraight.prefab
  artifactKey: Guid(dc1e2fed31e1d9e42be1343b3495a4be) Importer(815301076,1909f56bfc062723c751e8b465ee728b)
Start importing Assets/Prefabs/Enviroment/Hill_Zone/HighStraight.prefab using Guid(dc1e2fed31e1d9e42be1343b3495a4be) Importer(815301076,1909f56bfc062723c751e8b465ee728b) (PreviewImporter) -> (artifact id: '3b964c54ac54c13f4b1758b64f098332') in 0.1177107 seconds
Number of updated asset objects reloaded before import = 0Number of asset objects unloaded after import = 16066

========================================================================
Received Import Request.
  Time since last request: 0.397061 seconds.
  path: Assets/Prefabs/Enviroment/Hill_Zone/TunnelEntrance.prefab
  artifactKey: Guid(9bbe806a4f189ce4ea867ecb8e2fa008) Importer(815301076,1909f56bfc062723c751e8b465ee728b)
Start importing Assets/Prefabs/Enviroment/Hill_Zone/TunnelEntrance.prefab using Guid(9bbe806a4f189ce4ea867ecb8e2fa008) Importer(815301076,1909f56bfc062723c751e8b465ee728b) (PreviewImporter) -> (artifact id: 'b265df0b0de18eee0917e2d0ae2f01a3') in 0.0305612 seconds
Number of updated asset objects reloaded before import = 0Number of asset objects unloaded after import = 952

========================================================================
Received Import Request.
  Time since last request: 0.576375 seconds.
  path: Assets/Prefabs/Enviroment/Hill_Zone/TunnelExit.prefab
  artifactKey: Guid(0e0481e83adcd4d639aa9c4e970e6ea7) Importer(815301076,1909f56bfc062723c751e8b465ee728b)
Start importing Assets/Prefabs/Enviroment/Hill_Zone/TunnelExit.prefab using Guid(0e0481e83adcd4d639aa9c4e970e6ea7) Importer(815301076,1909f56bfc062723c751e8b465ee728b) (PreviewImporter) -> (artifact id: 'b450a38ce5b956a55cf28cbd07fb567b') in 0.0160332 seconds
Number of updated asset objects reloaded before import = 0Number of asset objects unloaded after import = 133

========================================================================
Received Import Request.
  Time since last request: 0.540477 seconds.
  path: Assets/Prefabs/Enviroment/Hill_Zone/LowStraight.prefab
  artifactKey: Guid(5dc11e73d5d0b064a885bfb96cd3aee1) Importer(815301076,1909f56bfc062723c751e8b465ee728b)
Start importing Assets/Prefabs/Enviroment/Hill_Zone/LowStraight.prefab using Guid(5dc11e73d5d0b064a885bfb96cd3aee1) Importer(815301076,1909f56bfc062723c751e8b465ee728b) (PreviewImporter) -> (artifact id: '19af01dfc0180432dc0b45f36658395e') in 0.1114261 seconds
Number of updated asset objects reloaded before import = 0Number of asset objects unloaded after import = 15852

========================================================================
Received Import Request.
  Time since last request: 0.196782 seconds.
  path: Assets/Prefabs/Enviroment/Hill_Zone/HighStraight.prefab
  artifactKey: Guid(dc1e2fed31e1d9e42be1343b3495a4be) Importer(815301076,1909f56bfc062723c751e8b465ee728b)
Start importing Assets/Prefabs/Enviroment/Hill_Zone/HighStraight.prefab using Guid(dc1e2fed31e1d9e42be1343b3495a4be) Importer(815301076,1909f56bfc062723c751e8b465ee728b) (PreviewImporter) -> (artifact id: '0d082a46a1a9c8150e985d10dab58827') in 0.1086287 seconds
Number of updated asset objects reloaded before import = 0Number of asset objects unloaded after import = 16066

========================================================================
Received Import Request.
  Time since last request: 0.780510 seconds.
  path: Assets/Prefabs/Enviroment/Hill_Zone/FlatToFlatBridge.prefab
  artifactKey: Guid(179dbb292dfbe474499767120799d723) Importer(815301076,1909f56bfc062723c751e8b465ee728b)
Start importing Assets/Prefabs/Enviroment/Hill_Zone/FlatToFlatBridge.prefab using Guid(179dbb292dfbe474499767120799d723) Importer(815301076,1909f56bfc062723c751e8b465ee728b) (PreviewImporter) -> (artifact id: 'cc85c2b5dfe983fc53074f23fc6a0c9a') in 0.0383485 seconds
Number of updated asset objects reloaded before import = 0Number of asset objects unloaded after import = 2206

========================================================================
Received Import Request.
  Time since last request: 0.791862 seconds.
  path: Assets/Prefabs/Enviroment/Hill_Zone/misc
  artifactKey: Guid(5da63aa0a02049243af9928bb82e5e6b) Importer(815301076,1909f56bfc062723c751e8b465ee728b)
Start importing Assets/Prefabs/Enviroment/Hill_Zone/misc using Guid(5da63aa0a02049243af9928bb82e5e6b) Importer(815301076,1909f56bfc062723c751e8b465ee728b) (PreviewImporter) -> (artifact id: '845cfddc2470b6ba2f8c79245282ec23') in 0.0004777 seconds
Number of updated asset objects reloaded before import = 0Number of asset objects unloaded after import = 0

========================================================================
Received Import Request.
  Time since last request: 0.538413 seconds.
  path: Assets/Prefabs/Enviroment/Hill_Zone/Doubles
  artifactKey: Guid(ae3974d384e090f4bbc3369e2a1076f9) Importer(815301076,1909f56bfc062723c751e8b465ee728b)
Start importing Assets/Prefabs/Enviroment/Hill_Zone/Doubles using Guid(ae3974d384e090f4bbc3369e2a1076f9) Importer(815301076,1909f56bfc062723c751e8b465ee728b) (PreviewImporter) -> (artifact id: 'bcfd8390a1305282567b38b176ec0612') in 0.0004405 seconds
Number of updated asset objects reloaded before import = 0Number of asset objects unloaded after import = 0

========================================================================
Received Import Request.
  Time since last request: 2.793937 seconds.
  path: Assets/Prefabs/Enviroment/Hill_Zone/FlatBridgeToFlat.prefab
  artifactKey: Guid(4f16488df0ccd1142b21ed55047ee4de) Importer(815301076,1909f56bfc062723c751e8b465ee728b)
Start importing Assets/Prefabs/Enviroment/Hill_Zone/FlatBridgeToFlat.prefab using Guid(4f16488df0ccd1142b21ed55047ee4de) Importer(815301076,1909f56bfc062723c751e8b465ee728b) (PreviewImporter) -> (artifact id: 'c121315d6bc13e7b4804f3ebe1eae84c') in 0.0438656 seconds
Number of updated asset objects reloaded before import = 0Number of asset objects unloaded after import = 2683

========================================================================
Received Import Request.
  Time since last request: 3.502566 seconds.
  path: Assets/Prefabs/Enviroment/Hill_Zone/TunnelExit.prefab
  artifactKey: Guid(0e0481e83adcd4d639aa9c4e970e6ea7) Importer(815301076,1909f56bfc062723c751e8b465ee728b)
Start importing Assets/Prefabs/Enviroment/Hill_Zone/TunnelExit.prefab using Guid(0e0481e83adcd4d639aa9c4e970e6ea7) Importer(815301076,1909f56bfc062723c751e8b465ee728b) (PreviewImporter) -> (artifact id: '3776754438226f7f546db4cc6c64ff32') in 0.0186882 seconds
Number of updated asset objects reloaded before import = 0Number of asset objects unloaded after import = 133

========================================================================
Received Import Request.
  Time since last request: 125.673958 seconds.
  path: Assets/Meshes/Enviroment/Hill_Zone/Materials/Textures/tree.png
  artifactKey: Guid(6fff4db8bf3c3b04c9d1c5784527cb9f) Importer(815301076,1909f56bfc062723c751e8b465ee728b)
Start importing Assets/Meshes/Enviroment/Hill_Zone/Materials/Textures/tree.png using Guid(6fff4db8bf3c3b04c9d1c5784527cb9f) Importer(815301076,1909f56bfc062723c751e8b465ee728b) (PreviewImporter) -> (artifact id: '3371dd84b73731d668d81ef9fb9d2d93') in 0.0086458 seconds
Number of updated asset objects reloaded before import = 0Number of asset objects unloaded after import = 2

========================================================================
Received Import Request.
  Time since last request: 40.011400 seconds.
  path: Assets/Meshes/Enviroment/Hill_Zone/tree_line_flat.FBX
  artifactKey: Guid(49254f0583c0b36479de3ee0878d7696) Importer(815301076,1909f56bfc062723c751e8b465ee728b)
Start importing Assets/Meshes/Enviroment/Hill_Zone/tree_line_flat.FBX using Guid(49254f0583c0b36479de3ee0878d7696) Importer(815301076,1909f56bfc062723c751e8b465ee728b) (PreviewImporter) -> (artifact id: 'a2e792bf01cd9927848ee57cb93d0e66') in 0.0380427 seconds
Number of updated asset objects reloaded before import = 0Number of asset objects unloaded after import = 15

========================================================================
Received Import Request.
  Time since last request: 160.027130 seconds.
  path: Assets/Meshes/Enviroment/Hill_Zone
  artifactKey: Guid(098b41fb8dcaa884e8b832ef20467cf2) Importer(815301076,1909f56bfc062723c751e8b465ee728b)
Start importing Assets/Meshes/Enviroment/Hill_Zone using Guid(098b41fb8dcaa884e8b832ef20467cf2) Importer(815301076,1909f56bfc062723c751e8b465ee728b) (PreviewImporter) -> (artifact id: '8ce65bc43f63c4f8b458c3804d1c11e6') in 0.0005202 seconds
Number of updated asset objects reloaded before import = 0Number of asset objects unloaded after import = 0

========================================================================
Received Import Request.
  Time since last request: 25.797510 seconds.
  path: Assets/Prefabs/Enviroment/Hill_Zone/Flat.prefab
  artifactKey: Guid(56cd25887876a3b4dac17f23588c5d73) Importer(815301076,1909f56bfc062723c751e8b465ee728b)
Start importing Assets/Prefabs/Enviroment/Hill_Zone/Flat.prefab using Guid(56cd25887876a3b4dac17f23588c5d73) Importer(815301076,1909f56bfc062723c751e8b465ee728b) (PreviewImporter) -> (artifact id: '2768c2178a58d617bd558aa32e57aab1') in 0.1348816 seconds
Number of updated asset objects reloaded before import = 0Number of asset objects unloaded after import = 17361

========================================================================
Received Import Request.
  Time since last request: 0.960751 seconds.
  path: Assets/Prefabs/Enviroment/Hill_Zone/FlatBridge.prefab
  artifactKey: Guid(5063a6a303a2b4b40bd43b83dfbe57e7) Importer(815301076,1909f56bfc062723c751e8b465ee728b)
Start importing Assets/Prefabs/Enviroment/Hill_Zone/FlatBridge.prefab using Guid(5063a6a303a2b4b40bd43b83dfbe57e7) Importer(815301076,1909f56bfc062723c751e8b465ee728b) (PreviewImporter) -> (artifact id: 'c14836dde974ef068ef5cff1d9dd65eb') in 0.0498702 seconds
Number of updated asset objects reloaded before import = 0Number of asset objects unloaded after import = 2335

========================================================================
Received Import Request.
  Time since last request: 0.237523 seconds.
  path: Assets/Prefabs/Enviroment/Hill_Zone/FlatToFlatBridge.prefab
  artifactKey: Guid(179dbb292dfbe474499767120799d723) Importer(815301076,1909f56bfc062723c751e8b465ee728b)
Start importing Assets/Prefabs/Enviroment/Hill_Zone/FlatToFlatBridge.prefab using Guid(179dbb292dfbe474499767120799d723) Importer(815301076,1909f56bfc062723c751e8b465ee728b) (PreviewImporter) -> (artifact id: '43df95a974cfc017823b79a15dac987b') in 0.0390063 seconds
Number of updated asset objects reloaded before import = 0Number of asset objects unloaded after import = 2206

========================================================================
Received Import Request.
  Time since last request: 4.801412 seconds.
  path: Assets/Prefabs/Enviroment/Hill_Zone/FlatBridgeToFlat.prefab
  artifactKey: Guid(4f16488df0ccd1142b21ed55047ee4de) Importer(815301076,1909f56bfc062723c751e8b465ee728b)
Start importing Assets/Prefabs/Enviroment/Hill_Zone/FlatBridgeToFlat.prefab using Guid(4f16488df0ccd1142b21ed55047ee4de) Importer(815301076,1909f56bfc062723c751e8b465ee728b) (PreviewImporter) -> (artifact id: 'a4c9f0fcb1f1b46adcced6c0d280cc97') in 0.0451653 seconds
Number of updated asset objects reloaded before import = 0Number of asset objects unloaded after import = 2683

========================================================================
Received Import Request.
  Time since last request: 0.259226 seconds.
  path: Assets/Prefabs/Enviroment/Hill_Zone/HighStraight.prefab
  artifactKey: Guid(dc1e2fed31e1d9e42be1343b3495a4be) Importer(815301076,1909f56bfc062723c751e8b465ee728b)
Start importing Assets/Prefabs/Enviroment/Hill_Zone/HighStraight.prefab using Guid(dc1e2fed31e1d9e42be1343b3495a4be) Importer(815301076,1909f56bfc062723c751e8b465ee728b) (PreviewImporter) -> (artifact id: 'a57f706b1e4f827a532769caa1d2c7ea') in 0.1142835 seconds
Number of updated asset objects reloaded before import = 0Number of asset objects unloaded after import = 16066

========================================================================
Received Import Request.
  Time since last request: 1.969256 seconds.
  path: Assets/Prefabs/Enviroment/Hill_Zone/LowStraight.prefab
  artifactKey: Guid(5dc11e73d5d0b064a885bfb96cd3aee1) Importer(815301076,1909f56bfc062723c751e8b465ee728b)
Start importing Assets/Prefabs/Enviroment/Hill_Zone/LowStraight.prefab using Guid(5dc11e73d5d0b064a885bfb96cd3aee1) Importer(815301076,1909f56bfc062723c751e8b465ee728b) (PreviewImporter) -> (artifact id: '04708ebfb2a58005b68d72cb416b72fa') in 0.1177285 seconds
Number of updated asset objects reloaded before import = 0Number of asset objects unloaded after import = 15852

========================================================================
Received Import Request.
  Time since last request: 46.429055 seconds.
  path: Assets/Prefabs/Enviroment/Hill_Zone/Doubles/FlatToLowA.prefab
  artifactKey: Guid(85bbd6508669b2a4293cd4422d791fbd) Importer(815301076,1909f56bfc062723c751e8b465ee728b)
Start importing Assets/Prefabs/Enviroment/Hill_Zone/Doubles/FlatToLowA.prefab using Guid(85bbd6508669b2a4293cd4422d791fbd) Importer(815301076,1909f56bfc062723c751e8b465ee728b) (PreviewImporter) -> (artifact id: '06bdf203ce6b1d0bbd04c1a7a086a0fc') in 0.0405482 seconds
Number of updated asset objects reloaded before import = 0Number of asset objects unloaded after import = 2177

========================================================================
Received Import Request.
  Time since last request: 0.813214 seconds.
  path: Assets/Prefabs/Enviroment/Hill_Zone/Doubles/FlatToLowB.prefab
  artifactKey: Guid(e92379e306597904e9d03e84b90b7311) Importer(815301076,1909f56bfc062723c751e8b465ee728b)
Start importing Assets/Prefabs/Enviroment/Hill_Zone/Doubles/FlatToLowB.prefab using Guid(e92379e306597904e9d03e84b90b7311) Importer(815301076,1909f56bfc062723c751e8b465ee728b) (PreviewImporter) -> (artifact id: 'db54c3fd330f4c177c742d82f6334229') in 0.1118088 seconds
Number of updated asset objects reloaded before import = 0Number of asset objects unloaded after import = 16227

========================================================================
Received Import Request.
  Time since last request: 0.540206 seconds.
  path: Assets/Prefabs/Enviroment/Hill_Zone/Doubles/HighToLowA.prefab
  artifactKey: Guid(82ff5a60940acab4e88955af00045f6e) Importer(815301076,1909f56bfc062723c751e8b465ee728b)
Start importing Assets/Prefabs/Enviroment/Hill_Zone/Doubles/HighToLowA.prefab using Guid(82ff5a60940acab4e88955af00045f6e) Importer(815301076,1909f56bfc062723c751e8b465ee728b) (PreviewImporter) -> (artifact id: '68ed38987d4f71ad7961c31aff2292fd') in 0.1070534 seconds
Number of updated asset objects reloaded before import = 0Number of asset objects unloaded after import = 16227

========================================================================
Received Import Request.
  Time since last request: 0.639385 seconds.
  path: Assets/Prefabs/Enviroment/Hill_Zone/Doubles/HighToLowB.prefab
  artifactKey: Guid(f1091ebf24d45fe4bac7ecc7e5a3ef9c) Importer(815301076,1909f56bfc062723c751e8b465ee728b)
Start importing Assets/Prefabs/Enviroment/Hill_Zone/Doubles/HighToLowB.prefab using Guid(f1091ebf24d45fe4bac7ecc7e5a3ef9c) Importer(815301076,1909f56bfc062723c751e8b465ee728b) (PreviewImporter) -> (artifact id: '7babaecaf07be9614bcbec28c370d306') in 0.1024834 seconds
Number of updated asset objects reloaded before import = 0Number of asset objects unloaded after import = 16227

========================================================================
Received Import Request.
  Time since last request: 0.366530 seconds.
  path: Assets/Prefabs/Enviroment/Hill_Zone/Doubles/LowToFlatB.prefab
  artifactKey: Guid(9fed2d6df5ea55d489729fde3559df0f) Importer(815301076,1909f56bfc062723c751e8b465ee728b)
Start importing Assets/Prefabs/Enviroment/Hill_Zone/Doubles/LowToFlatB.prefab using Guid(9fed2d6df5ea55d489729fde3559df0f) Importer(815301076,1909f56bfc062723c751e8b465ee728b) (PreviewImporter) -> (artifact id: 'ab007dc94f1d03a5be17cde4cda01e29') in 0.0401202 seconds
Number of updated asset objects reloaded before import = 0Number of asset objects unloaded after import = 2324

========================================================================
Received Import Request.
  Time since last request: 1.748559 seconds.
  path: Assets/Prefabs/Enviroment/Hill_Zone/Doubles/LowToHighB.prefab
  artifactKey: Guid(d7fdf490c9498474fb4fd8c23e9315c1) Importer(815301076,1909f56bfc062723c751e8b465ee728b)
Start importing Assets/Prefabs/Enviroment/Hill_Zone/Doubles/LowToHighB.prefab using Guid(d7fdf490c9498474fb4fd8c23e9315c1) Importer(815301076,1909f56bfc062723c751e8b465ee728b) (PreviewImporter) -> (artifact id: 'f72e4be135369dba348cee530c6297bb') in 0.0314893 seconds
Number of updated asset objects reloaded before import = 0Number of asset objects unloaded after import = 1420

========================================================================
Received Import Request.
  Time since last request: 0.532584 seconds.
  path: Assets/Prefabs/Enviroment/Hill_Zone/Doubles/LowToHighA.prefab
  artifactKey: Guid(e88eb62a8e19fde449911850707184f1) Importer(815301076,1909f56bfc062723c751e8b465ee728b)
Start importing Assets/Prefabs/Enviroment/Hill_Zone/Doubles/LowToHighA.prefab using Guid(e88eb62a8e19fde449911850707184f1) Importer(815301076,1909f56bfc062723c751e8b465ee728b) (PreviewImporter) -> (artifact id: 'c3f930d30670603389c84bcf122b2cf3') in 0.1101332 seconds
Number of updated asset objects reloaded before import = 0Number of asset objects unloaded after import = 16374

========================================================================
Received Import Request.
  Time since last request: 1.057090 seconds.
  path: Assets/Prefabs/Enviroment/Hill_Zone/Doubles/FlatToLowB.prefab
  artifactKey: Guid(e92379e306597904e9d03e84b90b7311) Importer(815301076,1909f56bfc062723c751e8b465ee728b)
Start importing Assets/Prefabs/Enviroment/Hill_Zone/Doubles/FlatToLowB.prefab using Guid(e92379e306597904e9d03e84b90b7311) Importer(815301076,1909f56bfc062723c751e8b465ee728b) (PreviewImporter) -> (artifact id: 'f541885ca8ac5ef9e0042d1fdaf7777a') in 0.1050933 seconds
Number of updated asset objects reloaded before import = 0Number of asset objects unloaded after import = 16227

========================================================================
Received Import Request.
  Time since last request: 0.286527 seconds.
  path: Assets/Prefabs/Enviroment/Hill_Zone/Doubles/FlatToLowA.prefab
  artifactKey: Guid(85bbd6508669b2a4293cd4422d791fbd) Importer(815301076,1909f56bfc062723c751e8b465ee728b)
Start importing Assets/Prefabs/Enviroment/Hill_Zone/Doubles/FlatToLowA.prefab using Guid(85bbd6508669b2a4293cd4422d791fbd) Importer(815301076,1909f56bfc062723c751e8b465ee728b) (PreviewImporter) -> (artifact id: 'bf099d5692c9f8cac6f698dba1a60794') in 0.0445657 seconds
Number of updated asset objects reloaded before import = 0Number of asset objects unloaded after import = 2177

========================================================================
Received Import Request.
  Time since last request: 230.500790 seconds.
  path: Assets/Meshes/Models
  artifactKey: Guid(9fe25d49e7bfe4a7ab3797bfebf1ff85) Importer(815301076,1909f56bfc062723c751e8b465ee728b)
Start importing Assets/Meshes/Models using Guid(9fe25d49e7bfe4a7ab3797bfebf1ff85) Importer(815301076,1909f56bfc062723c751e8b465ee728b) (PreviewImporter) -> (artifact id: 'e317f45d16f41d6d56423669503682f2') in 0.0005627 seconds
Number of updated asset objects reloaded before import = 0Number of asset objects unloaded after import = 0

========================================================================
Received Import Request.
  Time since last request: 1.802673 seconds.
  path: Assets/Meshes/Models/Cloud_01.fbx
  artifactKey: Guid(d6945aa10c04b46f08a6bde8bf8858c6) Importer(815301076,1909f56bfc062723c751e8b465ee728b)
Start importing Assets/Meshes/Models/Cloud_01.fbx using Guid(d6945aa10c04b46f08a6bde8bf8858c6) Importer(815301076,1909f56bfc062723c751e8b465ee728b) (PreviewImporter) -> (artifact id: '8d3e7599b81eefd3d61a7b86cb276158') in 0.1158101 seconds
Number of updated asset objects reloaded before import = 0Number of asset objects unloaded after import = 8

========================================================================
Received Import Request.
  Time since last request: 0.242508 seconds.
  path: Assets/Meshes/Models/Cloud_02.fbx
  artifactKey: Guid(a17f331c034f14ec69bba517df1387b8) Importer(815301076,1909f56bfc062723c751e8b465ee728b)
Start importing Assets/Meshes/Models/Cloud_02.fbx using Guid(a17f331c034f14ec69bba517df1387b8) Importer(815301076,1909f56bfc062723c751e8b465ee728b) (PreviewImporter) -> (artifact id: '72daf3ea6c8ad3511f5dfd71447c7287') in 0.0115783 seconds
Number of updated asset objects reloaded before import = 0Number of asset objects unloaded after import = 8

========================================================================
Received Import Request.
  Time since last request: 1.573980 seconds.
  path: Assets/Meshes/Models/MountainRing.fbx
  artifactKey: Guid(48c3fe0441be246c8a52bd8cfec20e89) Importer(815301076,1909f56bfc062723c751e8b465ee728b)
Start importing Assets/Meshes/Models/MountainRing.fbx using Guid(48c3fe0441be246c8a52bd8cfec20e89) Importer(815301076,1909f56bfc062723c751e8b465ee728b) (PreviewImporter) -> (artifact id: '5dc42780779a3da007e17d3d546d0ab0') in 0.0138828 seconds
Number of updated asset objects reloaded before import = 0Number of asset objects unloaded after import = 8

========================================================================
Received Import Request.
  Time since last request: 0.398996 seconds.
  path: Assets/Meshes/Models/puntoecologico_2.fbx
  artifactKey: Guid(de49753eb1f2e4ee8acee055bed5f612) Importer(815301076,1909f56bfc062723c751e8b465ee728b)
Start importing Assets/Meshes/Models/puntoecologico_2.fbx using Guid(de49753eb1f2e4ee8acee055bed5f612) Importer(815301076,1909f56bfc062723c751e8b465ee728b) (PreviewImporter) -> (artifact id: '8ed38bd8ca1c679bf657716a092feb8c') in 0.0193291 seconds
Number of updated asset objects reloaded before import = 0Number of asset objects unloaded after import = 18

========================================================================
Received Import Request.
  Time since last request: 0.490600 seconds.
  path: Assets/Meshes/Models/TreeRing_02.fbx
  artifactKey: Guid(951b8b60a0e34412bbcc343c03e204b5) Importer(815301076,1909f56bfc062723c751e8b465ee728b)
Start importing Assets/Meshes/Models/TreeRing_02.fbx using Guid(951b8b60a0e34412bbcc343c03e204b5) Importer(815301076,1909f56bfc062723c751e8b465ee728b) (PreviewImporter) -> (artifact id: '8340ee9eb973349897f5e977254b9445') in 0.0178055 seconds
Number of updated asset objects reloaded before import = 0Number of asset objects unloaded after import = 8

========================================================================
Received Import Request.
  Time since last request: 0.459572 seconds.
  path: Assets/Meshes/Models/TreeRing_01.fbx
  artifactKey: Guid(290bfc0cceea04fbc99cb8605cc97945) Importer(815301076,1909f56bfc062723c751e8b465ee728b)
Start importing Assets/Meshes/Models/TreeRing_01.fbx using Guid(290bfc0cceea04fbc99cb8605cc97945) Importer(815301076,1909f56bfc062723c751e8b465ee728b) (PreviewImporter) -> (artifact id: '58424df86e866940167140c22f4b7712') in 0.0114086 seconds
Number of updated asset objects reloaded before import = 0Number of asset objects unloaded after import = 8

========================================================================
Received Import Request.
  Time since last request: 1.792124 seconds.
  path: Assets/Meshes/Models/Reworked
  artifactKey: Guid(5b4f9286e624f324f9703ca856a99444) Importer(815301076,1909f56bfc062723c751e8b465ee728b)
Start importing Assets/Meshes/Models/Reworked using Guid(5b4f9286e624f324f9703ca856a99444) Importer(815301076,1909f56bfc062723c751e8b465ee728b) (PreviewImporter) -> (artifact id: '8ed8fff202cb880a6810df73bf0f60aa') in 0.000475 seconds
Number of updated asset objects reloaded before import = 0Number of asset objects unloaded after import = 0

========================================================================
Received Import Request.
  Time since last request: 1.796295 seconds.
  path: Assets/Meshes/Models/Reworked/Environment
  artifactKey: Guid(94e808eda869801458aa31b9e03981a0) Importer(815301076,1909f56bfc062723c751e8b465ee728b)
Start importing Assets/Meshes/Models/Reworked/Environment using Guid(94e808eda869801458aa31b9e03981a0) Importer(815301076,1909f56bfc062723c751e8b465ee728b) (PreviewImporter) -> (artifact id: '7c34a6179e35f7e456a6ab9a2dbc167b') in 0.0004628 seconds
Number of updated asset objects reloaded before import = 0Number of asset objects unloaded after import = 0

========================================================================
Received Import Request.
  Time since last request: 0.678058 seconds.
  path: Assets/Meshes/Models/Reworked/Environment/Clouds Near.fbx
  artifactKey: Guid(f02b3b5f0361072488719426da42ec72) Importer(815301076,1909f56bfc062723c751e8b465ee728b)
Start importing Assets/Meshes/Models/Reworked/Environment/Clouds Near.fbx using Guid(f02b3b5f0361072488719426da42ec72) Importer(815301076,1909f56bfc062723c751e8b465ee728b) (PreviewImporter) -> (artifact id: '21acafb80b70ce85b20f04d74edd5cb6') in 0.0146618 seconds
Number of updated asset objects reloaded before import = 0Number of asset objects unloaded after import = 9

========================================================================
Received Import Request.
  Time since last request: 0.497657 seconds.
  path: Assets/Meshes/Models/Reworked/Environment/GrassSphere.fbx
  artifactKey: Guid(1fcce9f623c3f894f9e60e30c70a3699) Importer(815301076,1909f56bfc062723c751e8b465ee728b)
Start importing Assets/Meshes/Models/Reworked/Environment/GrassSphere.fbx using Guid(1fcce9f623c3f894f9e60e30c70a3699) Importer(815301076,1909f56bfc062723c751e8b465ee728b) (PreviewImporter) -> (artifact id: 'd0081126e8e934e6f7fdbf66c85566f3') in 0.0162881 seconds
Number of updated asset objects reloaded before import = 0Number of asset objects unloaded after import = 9

========================================================================
Received Import Request.
  Time since last request: 0.249223 seconds.
  path: Assets/Meshes/Models/Reworked/Environment/Hill_02.fbx
  artifactKey: Guid(c06ab4b5de509c746859a4970daeb743) Importer(815301076,1909f56bfc062723c751e8b465ee728b)
Start importing Assets/Meshes/Models/Reworked/Environment/Hill_02.fbx using Guid(c06ab4b5de509c746859a4970daeb743) Importer(815301076,1909f56bfc062723c751e8b465ee728b) (PreviewImporter) -> (artifact id: '192c9c0e92448e215958017b960bb0e8') in 0.018465 seconds
Number of updated asset objects reloaded before import = 0Number of asset objects unloaded after import = 9

========================================================================
Received Import Request.
  Time since last request: 0.295483 seconds.
  path: Assets/Meshes/Models/Reworked/Environment/Mountain Ring.fbx
  artifactKey: Guid(99f155641f0902d408de22c31e0f4e5b) Importer(815301076,1909f56bfc062723c751e8b465ee728b)
Start importing Assets/Meshes/Models/Reworked/Environment/Mountain Ring.fbx using Guid(99f155641f0902d408de22c31e0f4e5b) Importer(815301076,1909f56bfc062723c751e8b465ee728b) (PreviewImporter) -> (artifact id: '01b401b61f4e3fdb28120eda17719320') in 0.0174147 seconds
Number of updated asset objects reloaded before import = 0Number of asset objects unloaded after import = 9

========================================================================
Received Import Request.
  Time since last request: 0.282447 seconds.
  path: Assets/Meshes/Models/Reworked/Environment/TreeRing_01.fbx
  artifactKey: Guid(177523a053d146d4b9bb356afb950bd0) Importer(815301076,1909f56bfc062723c751e8b465ee728b)
Start importing Assets/Meshes/Models/Reworked/Environment/TreeRing_01.fbx using Guid(177523a053d146d4b9bb356afb950bd0) Importer(815301076,1909f56bfc062723c751e8b465ee728b) (PreviewImporter) -> (artifact id: '5cc8998502e0e49ec0c77da6e95c8761') in 0.0174199 seconds
Number of updated asset objects reloaded before import = 0Number of asset objects unloaded after import = 9

========================================================================
Received Import Request.
  Time since last request: 0.343941 seconds.
  path: Assets/Meshes/Models/Reworked/Environment/TreeRing_02.fbx
  artifactKey: Guid(1a37954bdea7ec849be04a646321931a) Importer(815301076,1909f56bfc062723c751e8b465ee728b)
Start importing Assets/Meshes/Models/Reworked/Environment/TreeRing_02.fbx using Guid(1a37954bdea7ec849be04a646321931a) Importer(815301076,1909f56bfc062723c751e8b465ee728b) (PreviewImporter) -> (artifact id: '83053ee84efb3758739a9104ace44231') in 0.0233045 seconds
Number of updated asset objects reloaded before import = 0Number of asset objects unloaded after import = 9

========================================================================
Received Import Request.
  Time since last request: 0.681962 seconds.
  path: Assets/Meshes/Models/Reworked/Environment/Hill_03.fbx
  artifactKey: Guid(8f8547690c29c15449540338aba086f1) Importer(815301076,1909f56bfc062723c751e8b465ee728b)
Start importing Assets/Meshes/Models/Reworked/Environment/Hill_03.fbx using Guid(8f8547690c29c15449540338aba086f1) Importer(815301076,1909f56bfc062723c751e8b465ee728b) (PreviewImporter) -> (artifact id: 'dc0ea5ec95cc5f208595db0adc0fb4a7') in 0.0200804 seconds
Number of updated asset objects reloaded before import = 0Number of asset objects unloaded after import = 9

========================================================================
Received Import Request.
  Time since last request: 0.199617 seconds.
  path: Assets/Meshes/Models/Reworked/Environment/Hill_01.fbx
  artifactKey: Guid(973512ea6d469b64488d5858cdb45849) Importer(815301076,1909f56bfc062723c751e8b465ee728b)
Start importing Assets/Meshes/Models/Reworked/Environment/Hill_01.fbx using Guid(973512ea6d469b64488d5858cdb45849) Importer(815301076,1909f56bfc062723c751e8b465ee728b) (PreviewImporter) -> (artifact id: '4df335b250eb3d43b50d9f046dccd810') in 0.0137115 seconds
Number of updated asset objects reloaded before import = 0Number of asset objects unloaded after import = 9

========================================================================
Received Import Request.
  Time since last request: 0.407617 seconds.
  path: Assets/Meshes/Models/Reworked/Environment/Clouds Far.fbx
  artifactKey: Guid(4390b70f2ff1ee84cb2407a06317eb82) Importer(815301076,1909f56bfc062723c751e8b465ee728b)
Start importing Assets/Meshes/Models/Reworked/Environment/Clouds Far.fbx using Guid(4390b70f2ff1ee84cb2407a06317eb82) Importer(815301076,1909f56bfc062723c751e8b465ee728b) (PreviewImporter) -> (artifact id: 'd3d446fdb00d1b432122b4e51841909c') in 0.0146147 seconds
Number of updated asset objects reloaded before import = 0Number of asset objects unloaded after import = 9

========================================================================
Received Import Request.
  Time since last request: 8.591992 seconds.
  path: Assets/Meshes/Models/Reworked/Props
  artifactKey: Guid(cf85a70e706d74c479db8a7231d388fc) Importer(815301076,1909f56bfc062723c751e8b465ee728b)
Start importing Assets/Meshes/Models/Reworked/Props using Guid(cf85a70e706d74c479db8a7231d388fc) Importer(815301076,1909f56bfc062723c751e8b465ee728b) (PreviewImporter) -> (artifact id: '8b846f58b72d049657b845eb2d9190bf') in 0.0004895 seconds
Number of updated asset objects reloaded before import = 0Number of asset objects unloaded after import = 0

========================================================================
Received Import Request.
  Time since last request: 1.693502 seconds.
  path: Assets/Meshes/Models/Reworked/Props/Mushroom_Large_02.fbx
  artifactKey: Guid(04c18f9731c0d8541a697ff03a00fe54) Importer(815301076,1909f56bfc062723c751e8b465ee728b)
Start importing Assets/Meshes/Models/Reworked/Props/Mushroom_Large_02.fbx using Guid(04c18f9731c0d8541a697ff03a00fe54) Importer(815301076,1909f56bfc062723c751e8b465ee728b) (PreviewImporter) -> (artifact id: '130e4b6a8df9b1baca79822da1126d0c') in 0.0129366 seconds
Number of updated asset objects reloaded before import = 0Number of asset objects unloaded after import = 9

========================================================================
Received Import Request.
  Time since last request: 0.540968 seconds.
  path: Assets/Meshes/Models/Reworked/Props/Mushroom_Large_01.fbx
  artifactKey: Guid(4bdfc381101ac9e4bbea132293f4151c) Importer(815301076,1909f56bfc062723c751e8b465ee728b)
Start importing Assets/Meshes/Models/Reworked/Props/Mushroom_Large_01.fbx using Guid(4bdfc381101ac9e4bbea132293f4151c) Importer(815301076,1909f56bfc062723c751e8b465ee728b) (PreviewImporter) -> (artifact id: '914c79b3dc0743440bb0b8003ef4f135') in 0.0134054 seconds
Number of updated asset objects reloaded before import = 0Number of asset objects unloaded after import = 9

========================================================================
Received Import Request.
  Time since last request: 1.033116 seconds.
  path: Assets/Meshes/Models/Reworked/Props/Flower.fbx
  artifactKey: Guid(1648bdef32324ba40969d948778af1bb) Importer(815301076,1909f56bfc062723c751e8b465ee728b)
Start importing Assets/Meshes/Models/Reworked/Props/Flower.fbx using Guid(1648bdef32324ba40969d948778af1bb) Importer(815301076,1909f56bfc062723c751e8b465ee728b) (PreviewImporter) -> (artifact id: '052516a3a4549a105ee4b6f1bdc18de8') in 0.0124902 seconds
Number of updated asset objects reloaded before import = 0Number of asset objects unloaded after import = 9

========================================================================
Received Import Request.
  Time since last request: 0.665254 seconds.
  path: Assets/Meshes/Models/Reworked/Props/Tree_01.fbx
  artifactKey: Guid(d121e001d21eb014ca1ea216bbf7cef2) Importer(815301076,1909f56bfc062723c751e8b465ee728b)
Start importing Assets/Meshes/Models/Reworked/Props/Tree_01.fbx using Guid(d121e001d21eb014ca1ea216bbf7cef2) Importer(815301076,1909f56bfc062723c751e8b465ee728b) (PreviewImporter) -> (artifact id: 'f986bd93b5fb12f50853614095dd7f0b') in 0.0124129 seconds
Number of updated asset objects reloaded before import = 0Number of asset objects unloaded after import = 9

========================================================================
Received Import Request.
  Time since last request: 0.373806 seconds.
  path: Assets/Meshes/Models/Reworked/Props/Tree_02.fbx
  artifactKey: Guid(cdf04f25e91459042bfa9f43bca3a3e8) Importer(815301076,1909f56bfc062723c751e8b465ee728b)
Start importing Assets/Meshes/Models/Reworked/Props/Tree_02.fbx using Guid(cdf04f25e91459042bfa9f43bca3a3e8) Importer(815301076,1909f56bfc062723c751e8b465ee728b) (PreviewImporter) -> (artifact id: '34886cc0db17c0ad060c178a95837ef5') in 0.0145477 seconds
Number of updated asset objects reloaded before import = 0Number of asset objects unloaded after import = 9

========================================================================
Received Import Request.
  Time since last request: 0.302303 seconds.
  path: Assets/Meshes/Models/Reworked/Props/Tree_03.fbx
  artifactKey: Guid(03622b9c308889d4fba575f73668e851) Importer(815301076,1909f56bfc062723c751e8b465ee728b)
Start importing Assets/Meshes/Models/Reworked/Props/Tree_03.fbx using Guid(03622b9c308889d4fba575f73668e851) Importer(815301076,1909f56bfc062723c751e8b465ee728b) (PreviewImporter) -> (artifact id: 'c2f12b140ba1967572ff9b488e3d448c') in 0.0154162 seconds
Number of updated asset objects reloaded before import = 0Number of asset objects unloaded after import = 9

========================================================================
Received Import Request.
  Time since last request: 0.549817 seconds.
  path: Assets/Meshes/Models/Reworked/Props/Shrooms_05.fbx
  artifactKey: Guid(1c483dc64cb2b8b46b6905528e11c5aa) Importer(815301076,1909f56bfc062723c751e8b465ee728b)
Start importing Assets/Meshes/Models/Reworked/Props/Shrooms_05.fbx using Guid(1c483dc64cb2b8b46b6905528e11c5aa) Importer(815301076,1909f56bfc062723c751e8b465ee728b) (PreviewImporter) -> (artifact id: '72775b1bc980d334da81e9f9a1be1e5d') in 0.0162216 seconds
Number of updated asset objects reloaded before import = 0Number of asset objects unloaded after import = 9

========================================================================
Received Import Request.
  Time since last request: 0.304659 seconds.
  path: Assets/Meshes/Models/Reworked/Props/Shrooms_03.fbx
  artifactKey: Guid(0316487de2cd7ed46bf48c1986613972) Importer(815301076,1909f56bfc062723c751e8b465ee728b)
Start importing Assets/Meshes/Models/Reworked/Props/Shrooms_03.fbx using Guid(0316487de2cd7ed46bf48c1986613972) Importer(815301076,1909f56bfc062723c751e8b465ee728b) (PreviewImporter) -> (artifact id: '427009e532fd67764778508ff297401f') in 0.0176948 seconds
Number of updated asset objects reloaded before import = 0Number of asset objects unloaded after import = 9

========================================================================
Received Import Request.
  Time since last request: 1.322154 seconds.
  path: Assets/Meshes/Models/Reworked/Props/Pinwheel_03.fbx
  artifactKey: Guid(1793ab845646a4b498cb135c825fe558) Importer(815301076,1909f56bfc062723c751e8b465ee728b)
Start importing Assets/Meshes/Models/Reworked/Props/Pinwheel_03.fbx using Guid(1793ab845646a4b498cb135c825fe558) Importer(815301076,1909f56bfc062723c751e8b465ee728b) (PreviewImporter) -> (artifact id: '522e7d5338f0b2e3f8c8f3bca65c06b3') in 0.0197135 seconds
Number of updated asset objects reloaded before import = 0Number of asset objects unloaded after import = 16

========================================================================
Received Import Request.
  Time since last request: 31.527470 seconds.
  path: Assets/Meshes/Models/Reworked/Props/Pinwheel_04.fbx
  artifactKey: Guid(a3c814b35a0412541be7fbdbf4016608) Importer(815301076,1909f56bfc062723c751e8b465ee728b)
Start importing Assets/Meshes/Models/Reworked/Props/Pinwheel_04.fbx using Guid(a3c814b35a0412541be7fbdbf4016608) Importer(815301076,1909f56bfc062723c751e8b465ee728b) (PreviewImporter) -> (artifact id: '90dbe2ec85be29d7c5eb62151ff4b667') in 0.0343136 seconds
Number of updated asset objects reloaded before import = 0Number of asset objects unloaded after import = 16

========================================================================
Received Import Request.
  Time since last request: 0.367676 seconds.
  path: Assets/Meshes/Models/Reworked/Props/Pinwheel_05.fbx
  artifactKey: Guid(160f34ef4d6f3534784276cdb59afb88) Importer(815301076,1909f56bfc062723c751e8b465ee728b)
Start importing Assets/Meshes/Models/Reworked/Props/Pinwheel_05.fbx using Guid(160f34ef4d6f3534784276cdb59afb88) Importer(815301076,1909f56bfc062723c751e8b465ee728b) (PreviewImporter) -> (artifact id: '470ca182953b477fecb5e0197a8d2693') in 0.0186891 seconds
Number of updated asset objects reloaded before import = 0Number of asset objects unloaded after import = 16

========================================================================
Received Import Request.
  Time since last request: 1.185930 seconds.
  path: Assets/Meshes/Models/Reworked/Props/Pinwheel_02.fbx
  artifactKey: Guid(03ddd278ded688440b1d4fe266ea0182) Importer(815301076,1909f56bfc062723c751e8b465ee728b)
Start importing Assets/Meshes/Models/Reworked/Props/Pinwheel_02.fbx using Guid(03ddd278ded688440b1d4fe266ea0182) Importer(815301076,1909f56bfc062723c751e8b465ee728b) (PreviewImporter) -> (artifact id: 'fd43e63f53c0e5c7ac135e03ed0b3535') in 0.0251368 seconds
Number of updated asset objects reloaded before import = 0Number of asset objects unloaded after import = 16

========================================================================
Received Import Request.
  Time since last request: 0.265190 seconds.
  path: Assets/Meshes/Models/Reworked/Props/Pinwheel_01.fbx
  artifactKey: Guid(a335214180ff8644c9fadabf543a144e) Importer(815301076,1909f56bfc062723c751e8b465ee728b)
Start importing Assets/Meshes/Models/Reworked/Props/Pinwheel_01.fbx using Guid(a335214180ff8644c9fadabf543a144e) Importer(815301076,1909f56bfc062723c751e8b465ee728b) (PreviewImporter) -> (artifact id: '63dfe1e7dec887f9f1025720df7fe795') in 0.0341933 seconds
Number of updated asset objects reloaded before import = 0Number of asset objects unloaded after import = 16

========================================================================
Received Import Request.
  Time since last request: 0.247988 seconds.
  path: Assets/Meshes/Models/Reworked/Props/Mushroom_Large_03.fbx
  artifactKey: Guid(10f006fdef7dbd04dbd43705fd1ff43d) Importer(815301076,1909f56bfc062723c751e8b465ee728b)
Start importing Assets/Meshes/Models/Reworked/Props/Mushroom_Large_03.fbx using Guid(10f006fdef7dbd04dbd43705fd1ff43d) Importer(815301076,1909f56bfc062723c751e8b465ee728b) (PreviewImporter) -> (artifact id: '3338883747c0ef6ed509ec26003d64cf') in 0.0135778 seconds
Number of updated asset objects reloaded before import = 0Number of asset objects unloaded after import = 9

========================================================================
Received Import Request.
  Time since last request: 12.659622 seconds.
  path: Assets/Meshes/Models/Cloud_04.fbx
  artifactKey: Guid(c107d436a9fb9433486b9ee6a6e8795a) Importer(815301076,1909f56bfc062723c751e8b465ee728b)
Start importing Assets/Meshes/Models/Cloud_04.fbx using Guid(c107d436a9fb9433486b9ee6a6e8795a) Importer(815301076,1909f56bfc062723c751e8b465ee728b) (PreviewImporter) -> (artifact id: '2157e862f561237c7698784eef5016ea') in 0.0172603 seconds
Number of updated asset objects reloaded before import = 0Number of asset objects unloaded after import = 8

========================================================================
Received Import Request.
  Time since last request: 0.861269 seconds.
  path: Assets/Meshes/Models/Cloud_05.fbx
  artifactKey: Guid(cc9a73acbffbd441e902f50605bcff12) Importer(815301076,1909f56bfc062723c751e8b465ee728b)
Start importing Assets/Meshes/Models/Cloud_05.fbx using Guid(cc9a73acbffbd441e902f50605bcff12) Importer(815301076,1909f56bfc062723c751e8b465ee728b) (PreviewImporter) -> (artifact id: 'e52c11625bedb8359987467c9929a9a1') in 0.0139646 seconds
Number of updated asset objects reloaded before import = 0Number of asset objects unloaded after import = 8

========================================================================
Received Import Request.
  Time since last request: 9.173830 seconds.
  path: Assets/Meshes/Enviroment
  artifactKey: Guid(2954df27547050f4cb77da2c1d2e93bb) Importer(815301076,1909f56bfc062723c751e8b465ee728b)
Start importing Assets/Meshes/Enviroment using Guid(2954df27547050f4cb77da2c1d2e93bb) Importer(815301076,1909f56bfc062723c751e8b465ee728b) (PreviewImporter) -> (artifact id: '144bcdafc54377f07cfed8d362e29a06') in 0.0004944 seconds
Number of updated asset objects reloaded before import = 0Number of asset objects unloaded after import = 0

